{"MMM": 0.42500000000000004, "ABT": 1.0, "ADBE": 0.15, "A": 0.6499999999999999, "APD": 0.15, "MO": 0.25, "AMZN": 0.5, "AEE": 0.35, "AEP": 0.6, "AMT": 0.175, "ABC": 0.15, "AME": 0.6, "AMGN": 0.5249999999999999, "APH": 0.5, "ADI": 0.32499999999999996, "AON": 0.15, "BAX": 0.75, "BDX": 0.6, "BBY": 0.5, "BIIB": 0.5, "BK": 0.5, "BA": 0.15, "BWA": 0.15, "BXP": 0.825, "BSX": 0.575, "BMY": 0.32499999999999996, "CCL": 0.75, "CE": 0.6499999999999999, "CNP": 0.32499999999999996, "CF": 0.85, "SCHW": 0.32499999999999996, "CVX": 0.75, "CME": 0.5, "CL": 0.75, "CMCSA": 0.4, "CAG": 0.825, "COP": 0.6749999999999999, "GLW": 0.85, "CCI": 0.32499999999999996, "CSX": 0.6749999999999999, "CMI": 0.75, "CVS": 0.4, "DHR": 0.42500000000000004, "DRI": 0.475, "DVA": 0.25, "XRAY": 0.475, "DVN": 0.25, "DFS": 0.32499999999999996, "DISH": 0.85, "D": 0.75, "DTE": 0.35, "DUK": 0.32499999999999996, "EMN": 0.75, "EBAY": 0.35, "ECL": 0.5, "LLY": 0.75, "EMR": 0.5, "ETR": 0.42500000000000004, "EOG": 0.42500000000000004, "EQT": 0.15, "XOM": 0.6, "FDX": 0.6749999999999999, "FSLR": 0.6499999999999999, "FE": 0.15, "FIS": 0.275, "FISV": 0.4, "FMC": 0.75, "BEN": 0.85, "GD": 0.7, "GE": 0, "GIS": 0.2, "GILD": 0.575, "HAL": 0.5, "HSY": 0.32499999999999996, "HES": 0.6749999999999999, "HOLX": 0.4, "HPQ": 0.85, "HUM": 0.35, "IBM": 0.75, "ITW": 0.75, "INTC": 0.75, "IP": 0.35, "IVZ": 0.35, "JNJ": 0.15, "JCI": 0.85, "K": 0.32499999999999996, "KMB": 0.475, "KR": 0.4, "LH": 0.25, "LMT": 0.32499999999999996, "LOW": 0.85, "MRO": 0.35, "MAR": 0.32499999999999996, "MMC": 0.575, "MAS": 0.55, "MA": 0.5, "MCD": 0.15, "MCK": 0.6, "MRK": 0.675, "MSFT": 0.42500000000000004, "TAP": 0.35, "MCO": 0.42500000000000004, "MSI": 0.25, "NEM": 0.32499999999999996, "NEE": 0.5, "NKE": 0.7, "NSC": 0.25, "NOC": 0.4, "NRG": 0.4, "NUE": 0.25, "OMC": 0.475, "OKE": 0.5, "ORCL": 0.475, "PEP": 0.6499999999999999, "PFE": 0.825, "PM": 0.5, "PXD": 0.32499999999999996, "PPG": 0.35, "PG": 0.25, "PEG": 0.32499999999999996, "DGX": 0.525, "RSG": 0.25, "ROK": 0.32499999999999996, "CRM": 0.32499999999999996, "SLB": 0.5, "SHW": 0.42500000000000004, "SO": 0.6499999999999999, "LUV": 0.5, "SBUX": 0.75, "STLD": 0.25, "SYK": 0.42500000000000004, "TEL": 0.525, "KO": 0.85, "HD": 0.5, "TMO": 0.42500000000000004, "TJX": 0.6, "UNP": 0.6749999999999999, "UPS": 0.475, "UNH": 0.42500000000000004, "VTR": 0.6749999999999999, "VZ": 0.275, "VFC": 0.25, "VMC": 0.4, "GWW": 0.65, "WMT": 0.85, "WM": 0.525, "WEC": 0.85, "WMB": 0.3, "YUM": 0.15}