{"MMM": 0.75, "AOS": 0.75, "ABT": 0.32499999999999996, "ABBV": 0.25, "ACN": 0.15, "ATVI": 0.475, "ADM": 0.5, "ADBE": 0.35, "ADP": 0, "AAP": 0.75, "AES": 0.4, "AFL": 0.825, "A": 0.5, "APD": 0.5, "AKAM": 0.6749999999999999, "ALK": 0.65, "ALB": 0.15, "ARE": 0.1, "ALGN": 0.5, "ALLE": 0.49999999999999994, "LNT": 0.6499999999999999, "ALL": 0.25, "MO": 0.35, "AMZN": 0.85, "AMCR": 0.55, "AMD": 0.35, "AEE": 0.5, "AAL": 0.4, "AEP": 0.575, "AXP": 0.5, "AMT": 0.5, "AWK": 0.32499999999999996, "ABC": 0.4, "AME": 0.6, "AMGN": 0.6, "APH": 0.825, "ADI": 0.25, "ANSS": 0.1, "AON": 0.5, "AAPL": 0.7999999999999999, "AMAT": 0.6, "APTV": 0.15, "ANET": 0.475, "AJG": 0.35, "T": 0.6749999999999999, "ATO": 0.6, "ADSK": 0.5, "AZO": 0.85, "AVB": 0.85, "AVY": 0.6499999999999999, "BAC": 0.5, "BBWI": 0.825, "BAX": 0.3, "BDX": 0.25, "BBY": 0.575, "BIO": 0.25, "TECH": 0.525, "BIIB": 0.5, "BLK": 0.5, "BK": 0.4, "BA": 0.35, "BKNG": 0.32499999999999996, "BWA": 0.65, "BXP": 0.575, "BSX": 0.25, "BMY": 0.6749999999999999, "AVGO": 0, "BR": 0, "BRO": 0.5, "CHRW": 0.575, "CDNS": 0.35, "CZR": 0.575, "CPT": 0.5, "CPB": 0.6749999999999999, "COF": 1.0, "CAH": 0.4, "KMX": 0, "CCL": 0.65, "CARR": 0.55, "CTLT": 0.25, "CAT": 0.575, "CBOE": 0.35, "CBRE": 0.75, "CDW": 0.575, "CE": 0.75, "CNC": 0.35, "CNP": 0.725, "CDAY": 0.25, "CF": 0.75, "CRL": 0.32499999999999996, "SCHW": 0.15, "CHTR": 0.425, "CVX": 0.7000000000000001, "CMG": 0.35, "CHD": 0.5, "CI": 0.5, "CTAS": 0.35, "CSCO": 0.85, "C": 0.35, "CFG": 0.825, "CLX": 0.32499999999999996, "CME": 0.15, "CMS": 0.15, "CTSH": 0.85, "CL": 0.5, "CMCSA": 0.85, "CAG": 0.65, "COP": 0.75, "ED": 0.35, "COO": 0.75, "CPRT": 0.6749999999999999, "GLW": 0.825, "CTVA": 0.35, "CSGP": 0.25, "COST": 0.35, "CTRA": 0.6749999999999999, "CCI": 0.15, "CSX": 0.15, "CMI": 0.85, "CVS": 0.65, "DHI": 0.85, "DHR": 0.5, "DRI": 0.42500000000000004, "DVA": 0.55, "DAL": 0.5750000000000001, "XRAY": 0.35, "DVN": 0.75, "DXCM": 0.15, "FANG": 1.0, "DFS": 0.75, "DISH": 0.1, "DIS": 0.32499999999999996, "DG": 0, "DLTR": 0.15, "D": 0.575, "DPZ": 0.45, "DOV": 0.6499999999999999, "DOW": 1.0, "DTE": 0.32499999999999996, "DUK": 0.4, "DD": 0.7, "DXC": 0.825, "EMN": 0.25, "ETN": 0.42500000000000004, "EBAY": 0.825, "ECL": 0.32499999999999996, "EIX": 0.25, "EW": 0.35, "EA": 0.32499999999999996, "LLY": 0.5, "EMR": 0.3, "ENPH": 0.15, "EOG": 0.9, "EPAM": 0.85, "EQT": 0.425, "EFX": 0.32499999999999996, "EQIX": 0, "EQR": 1.0, "ESS": 0.6, "ETSY": 0.35, "EVRG": 0.85, "ES": 0.6, "EXC": 0.525, "EXPE": 0.475, "EXR": 0.425, "XOM": 0.825, "FFIV": 0.42500000000000004, "FDS": 0.35, "FAST": 0.65, "FRT": 0.75, "FDX": 0.5, "FSLR": 0.5, "FE": 0.75, "FIS": 0.35, "FISV": 0.35, "FLT": 0.4, "FMC": 0.15, "F": 1.0, "FTNT": 0.575, "FTV": 0.5750000000000001, "BEN": 0.85, "FCX": 0.575, "GRMN": 0.85, "IT": 0.6499999999999999, "GNRC": 0.32499999999999996, "GD": 0.5, "GE": 0.4, "GIS": 0.2, "GM": 0.5, "GPC": 0.15, "GILD": 0.85, "GPN": 0.35, "GL": 0.6, "GS": 0.5, "HAL": 0.32499999999999996, "HCA": 0.85, "PEAK": 0.4, "HSIC": 0.6749999999999999, "HSY": 0.5, "HES": 0.32499999999999996, "HPE": 0.65, "HLT": 0.42500000000000004, "HOLX": 1.0, "HON": 0.6499999999999999, "HRL": 0.6, "HST": 0.55, "HWM": 0.25, "HPQ": 1.0, "HUM": 0.5, "HBAN": 0.4, "HII": 0.5, "IBM": 0.6749999999999999, "IEX": 0.5, "IDXX": 0.35, "ITW": 0.6499999999999999, "ILMN": 0.32499999999999996, "INCY": 0.575, "IR": 0.4, "INTC": 0.85, "ICE": 0.25, "IFF": 0.1, "IP": 0.35, "INTU": 0.5, "ISRG": 0.175, "IVZ": 0.825, "INVH": 0.4, "IQV": 0.32499999999999996, "IRM": 0.4, "JBHT": 0.6, "JKHY": 0.5, "J": 0.1, "DE": 0.6, "JNJ": 0.75, "JCI": 0.35, "JPM": 0.5, "JNPR": 0.35, "K": 0.575, "KDP": 0.4, "KEY": 0.55, "KEYS": 0.5, "KMB": 0.6499999999999999, "KMI": 0.25, "KLAC": 0.15, "KHC": 0.35, "KR": 0.4, "LHX": 0.25, "LH": 0.85, "LRCX": 0.75, "LW": 0.75, "LVS": 0.44999999999999996, "LDOS": 0.5, "LIN": 0.42500000000000004, "LYV": 0.5, "LKQ": 0.85, "LMT": 0.75, "L": 0.6749999999999999, "LOW": 0.275, "LUMN": 0.5, "LYB": 1.0, "MTB": 0.35, "MRO": 0.5249999999999999, "MPC": 0.85, "MAR": 0.15, "MMC": 0.35, "MLM": 0.1, "MAS": 0.525, "MA": 0.65, "MTCH": 0.6, "MKC": 0, "MCD": 0.7000000000000001, "MCK": 0.35, "MDT": 0.25, "MRK": 0.575, "MET": 0.5, "MTD": 0.5, "MGM": 0.6749999999999999, "MCHP": 0.675, "MU": 0.85, "MSFT": 0.35, "MAA": 0.275, "MRNA": 0.85, "MHK": 0.85, "MOH": 0.25, "TAP": 0.5, "MDLZ": 0.5, "MCO": 0.35, "MS": 0.3, "MSI": 0.575, "MSCI": 0.6, "NDAQ": 0.6, "NTAP": 0.4, "NFLX": 0.5, "NWL": 0.5, "NEM": 0.25, "NWSA": 0.4, "NWS": 0.4, "NEE": 0.35, "NKE": 0.32499999999999996, "NI": 0.6749999999999999, "NDSN": 0.35, "NSC": 0.75, "NOC": 0.75, "NCLH": 0.55, "NRG": 0.75, "NUE": 0.6749999999999999, "NXPI": 0.575, "ORLY": 0.275, "OXY": 0.42500000000000004, "ODFL": 0.35, "OMC": 0.75, "ON": 0.6749999999999999, "ORCL": 0.9, "OTIS": 0.42500000000000004, "PKG": 0.75, "PH": 0.6749999999999999, "PAYX": 0.5, "PAYC": 0, "PYPL": 0.25, "PNR": 1.0, "PEP": 0.5, "PFE": 0.6749999999999999, "PM": 1.0, "PSX": 0.25, "PNW": 0.85, "PXD": 0.32499999999999996, "PNC": 0.15, "POOL": 0, "PPG": 0.32499999999999996, "PPL": 0.5, "PFG": 0.5, "PG": 0.6499999999999999, "PLD": 0.6, "PRU": 0.6749999999999999, "PTC": 0.575, "PEG": 0.4, "PSA": 0.6499999999999999, "PHM": 0.85, "QRVO": 0.6749999999999999, "QCOM": 0.75, "PWR": 0.35, "DGX": 0.85, "RL": 0.4, "RTX": 0.25, "REG": 0.6749999999999999, "REGN": 0.85, "RSG": 0.2, "RMD": 0.85, "RHI": 0.75, "ROK": 0.6499999999999999, "ROL": 0.5, "ROP": 0.25, "ROST": 0.15, "RCL": 0.55, "SPGI": 0.35, "CRM": 0.1, "SBAC": 0.1, "SLB": 0.15, "STX": 0.9, "SEE": 0.6499999999999999, "SRE": 0.525, "NOW": 0.15, "SHW": 0.15, "SPG": 0.15, "SWKS": 0.85, "SNA": 0.825, "SEDG": 0.15, "SO": 0.25, "LUV": 0.5, "SWK": 0.6749999999999999, "SBUX": 0.6, "STLD": 0.85, "STE": 0.15, "SYK": 0.15, "SYF": 0.75, "SNPS": 0, "SYY": 0.32499999999999996, "TMUS": 0.525, "TTWO": 0.32499999999999996, "TPR": 0.35, "TRGP": 0.3, "TGT": 0.45, "TEL": 0.6749999999999999, "TDY": 0.25, "TFX": 0.42500000000000004, "TER": 0.75, "TSLA": 0.35, "TXN": 0.6, "TXT": 0.5, "KO": 0.6499999999999999, "EL": 0.32499999999999996, "HD": 0.5, "IPG": 0.575, "SJM": 0.6749999999999999, "MOS": 0.85, "TRV": 0.75, "TMO": 0.6499999999999999, "TJX": 0.3, "TSCO": 0.45, "TT": 0.5, "TRMB": 0.25, "TFC": 0.25, "TYL": 0.32499999999999996, "UDR": 0.3, "ULTA": 0.15, "UAL": 0.55, "UPS": 0.75, "URI": 0.1, "UNH": 0.32499999999999996, "UHS": 0.85, "VLO": 0.25, "VTR": 0.35, "VRSK": 0.5, "VZ": 0.75, "VRTX": 0.625, "VFC": 0.15, "VTRS": 0.65, "VICI": 0.6749999999999999, "VMC": 0.32499999999999996, "GWW": 0.49999999999999994, "WAB": 0.35, "WBA": 0.35, "WMT": 0.25, "WM": 0.275, "WAT": 0.6499999999999999, "WFC": 0.65, "WELL": 0.42500000000000004, "WST": 0.5, "WDC": 0.65, "WRK": 0.5, "WY": 0.85, "WHR": 0.7, "WMB": 0, "WTW": 0.32499999999999996, "WYNN": 0.55, "XEL": 0.15, "XYL": 0.15, "YUM": 0.9, "ZBRA": 0.575, "ZBH": 0.35, "ZION": 0.15, "ZTS": 0.5}