{"AOS": 0.5249999999999999, "ABT": 0.525, "ABBV": 0.575, "ACN": 0.5, "ATVI": 0.6, "ADM": 0.5249999999999999, "ADBE": 0.15, "AFL": 0.85, "A": 0.85, "APD": 0.65, "AKAM": 0.25, "ALK": 0.75, "ALB": 0.75, "ARE": 0.5249999999999999, "ALLE": 0.6499999999999999, "LNT": 0.7, "ALL": 0.575, "MO": 0.275, "AMZN": 0.6749999999999999, "AMD": 0.575, "AEE": 0.25, "AAL": 0.6499999999999999, "AEP": 0.625, "AIG": 0.4, "AMT": 0, "AWK": 0.3, "AME": 0.25, "AMGN": 0.575, "APH": 0.75, "ADI": 0.6499999999999999, "AON": 0.5, "AAPL": 0.6749999999999999, "AMAT": 0.25, "ACGL": 0.85, "AJG": 0.32499999999999996, "T": 0.7000000000000001, "ATO": 0.475, "ADSK": 0.32499999999999996, "AZO": 0.42500000000000004, "AVB": 0.7, "AVY": 0.15, "BAX": 0.25, "BDX": 0.32499999999999996, "BBY": 0.6749999999999999, "BIO": 0.35, "TECH": 0.75, "BIIB": 0.42500000000000004, "BLK": 0.15, "BK": 0.7, "BA": 0.15, "BWA": 0.25, "BXP": 0.42500000000000004, "BSX": 0.3, "BMY": 0.475, "BR": 0.6, "CHRW": 0.5, "CDNS": 0.75, "CPT": 0.35, "CPB": 0.25, "CAH": 0.4, "CCL": 0.6749999999999999, "CTLT": 0.75, "CDW": 0.15, "CE": 0.6499999999999999, "CNC": 0.6749999999999999, "CNP": 0.25, "CF": 0.7, "CRL": 0.6499999999999999, "SCHW": 0.15, "CHTR": 0.3, "CVX": 0.7000000000000001, "CHD": 0.75, "CSCO": 0.6749999999999999, "CME": 0.3, "CMS": 0.175, "CTSH": 0.15, "CL": 0.4, "CMCSA": 0.525, "CMA": 0.35, "CAG": 0.175, "COP": 0.575, "ED": 0.85, "COO": 0.42500000000000004, "CPRT": 0.5249999999999999, "GLW": 0.525, "CSGP": 0.6749999999999999, "COST": 0.5, "CCI": 0.3, "CSX": 0.5, "CMI": 0.85, "CVS": 0.75, "DHI": 0.4, "DHR": 0.42500000000000004, "DRI": 0.525, "DVA": 0.25, "DAL": 0.6749999999999999, "XRAY": 0.15, "DVN": 0.35, "DXCM": 0.25, "FANG": 0.3, "DFS": 0.15, "DISH": 0.575, "DG": 0.3, "DLTR": 0.475, "D": 0.5, "DPZ": 0.42500000000000004, "DOV": 0.35, "DTE": 0.42500000000000004, "EMN": 0.5, "ETN": 0.85, "EBAY": 0.42500000000000004, "ECL": 0.32499999999999996, "EIX": 0.75, "EW": 0.75, "LLY": 0.15, "EMR": 0.75, "ENPH": 0.5, "ETR": 0.35, "EOG": 0.475, "EPAM": 0.32499999999999996, "EQT": 0.4, "EFX": 0.32499999999999996, "EQR": 0.85, "ES": 0.475, "EXC": 0.2, "EXPE": 0.575, "EXR": 0.15, "XOM": 0.75, "FDS": 0.5, "FAST": 0.275, "FRT": 0.3, "FDX": 0.4, "FSLR": 1.0, "FE": 0.85, "FIS": 0.4, "FLT": 0.15, "FMC": 0.4, "IT": 0.6, "GEN": 0.85, "GNRC": 0.15, "GD": 0.9, "GIS": 0.25, "GPC": 0.75, "GILD": 0.575, "GPN": 0.15, "GS": 0.5, "HAL": 0.25, "HIG": 0.6749999999999999, "HAS": 0.475, "HCA": 0.6749999999999999, "HSIC": 0.75, "HSY": 0.6, "HES": 0.5, "HLT": 0.15, "HOLX": 0.42500000000000004, "HON": 0.475, "HRL": 0.7000000000000001, "HST": 0.85, "HPQ": 0.6749999999999999, "HUM": 0.35, "HII": 0.475, "IBM": 0.75, "IEX": 0.32499999999999996, "IDXX": 0.6, "INCY": 0.32499999999999996, "INTC": 0.85, "ICE": 0.575, "IP": 0.25, "IVZ": 0.75, "IRM": 0.32499999999999996, "JBHT": 0.65, "JKHY": 0.475, "JNJ": 0.5, "JCI": 0.75, "JNPR": 0.42500000000000004, "K": 0.575, "KMB": 0.9, "KMI": 0.42500000000000004, "KLAC": 0.32499999999999996, "KR": 0.15, "LH": 0.35, "LRCX": 0.6749999999999999, "LVS": 0.32499999999999996, "LDOS": 0.575, "LYV": 0.15, "LKQ": 0.1, "LMT": 0.3, "L": 0.725, "LOW": 0.75, "LYB": 0.6499999999999999, "MTB": 0.75, "MPC": 0.6, "MAR": 0.6, "MMC": 0.5, "MLM": 0.75, "MAS": 0.375, "MA": 0.5, "MTCH": 0.5, "MKC": 0.75, "MCD": 0.15, "MCK": 0.25, "MRK": 0.7, "MET": 0.35, "MTD": 0.32499999999999996, "MGM": 0.5, "MU": 0.6749999999999999, "MSFT": 0.3, "MHK": 0.525, "MOH": 0.35, "TAP": 0.25, "MCO": 0.42500000000000004, "MSI": 0.6, "MSCI": 0.32499999999999996, "NDAQ": 0.85, "NTAP": 0.6749999999999999, "NFLX": 0.15, "NWL": 0.75, "NEM": 0.5, "NEE": 0.6749999999999999, "NKE": 0.6, "NI": 0, "NDSN": 0.25, "NSC": 0.25, "NOC": 0.475, "NCLH": 0.425, "NRG": 0.35, "NUE": 0.4, "NVDA": 0.35, "ORLY": 0.32499999999999996, "OXY": 0.4, "ODFL": 0.85, "OMC": 0.5, "ON": 0.375, "OKE": 0.275, "ORCL": 0.575, "PKG": 0.7000000000000001, "PH": 0.35, "PAYC": 0, "PNR": 0.5, "PEP": 0.75, "PKI": 0.25, "PFE": 0.85, "PM": 0.675, "PSX": 0.6, "PNW": 0.5, "PXD": 0.3, "POOL": 0.4, "PPG": 0.42500000000000004, "PFG": 0.25, "PG": 0.25, "PLD": 0.75, "PRU": 0.35, "PTC": 0, "PEG": 0.75, "PHM": 0.5249999999999999, "QCOM": 0.25, "PWR": 0.5249999999999999, "DGX": 0.6749999999999999, "RL": 0.85, "RSG": 0.1, "RMD": 0.9, "RHI": 0.75, "ROK": 0.32499999999999996, "ROP": 0.15, "ROST": 0.625, "RCL": 0.25, "CRM": 0.3, "SLB": 0.6, "STX": 0.9, "SEE": 0.42500000000000004, "SRE": 0.9, "NOW": 0.4, "SHW": 0.42500000000000004, "SPG": 0.32499999999999996, "SNA": 0.525, "LUV": 0.6, "SWK": 0.5, "SBUX": 0.5, "STLD": 0.35, "SYK": 0.6, "SNPS": 0.85, "SYY": 0, "TMUS": 0.525, "TTWO": 0.4, "TRGP": 0.6, "TEL": 0.85, "TDY": 0.85, "TFX": 0.75, "TSLA": 0.6749999999999999, "TXN": 0.5, "TXT": 0.5, "KO": 0.575, "EL": 0.32499999999999996, "HD": 0.5750000000000001, "IPG": 0.575, "SJM": 0.55, "MOS": 0.85, "TRV": 0.5, "TMO": 0.2, "TJX": 0.75, "TSCO": 0.75, "TDG": 0.6749999999999999, "TRMB": 0.42500000000000004, "UDR": 0.475, "UNP": 0.4, "UAL": 0.6749999999999999, "UPS": 0.65, "URI": 0.4, "UNH": 0.75, "UHS": 0.65, "VLO": 0.42500000000000004, "VTR": 0.6749999999999999, "VRSK": 0.49999999999999994, "VZ": 0.5, "VRTX": 0.475, "VMC": 0.15, "GWW": 0.5, "WAB": 0.32499999999999996, "WMT": 0.825, "WM": 0.32499999999999996, "WAT": 0.475, "WEC": 0.6499999999999999, "WST": 0.6499999999999999, "WDC": 0.35, "WHR": 0.35, "WMB": 0.475, "WTW": 0.6749999999999999, "XEL": 0, "XYL": 0.42500000000000004, "YUM": 0.5, "ZBH": 0.25, "ZTS": 0.32499999999999996}