{"MMM": 0.75, "AOS": 0.85, "ABT": 0.75, "ABBV": 0.475, "ACN": 0.5, "ATVI": 0.42500000000000004, "ADM": 0.6749999999999999, "ADBE": 0.32499999999999996, "AAP": 0.25, "AFL": 0.7, "A": 0.6749999999999999, "APD": 0.5, "AKAM": 0.15, "ALK": 0.75, "ALB": 0.3, "ARE": 0.2, "LNT": 0.85, "ALL": 0.85, "MO": 0.42500000000000004, "AMZN": 0.35, "AMD": 0.25, "AEE": 0.15, "AAL": 0.475, "AEP": 0.32499999999999996, "AIG": 0.525, "AMT": 0.32499999999999996, "AWK": 0.15, "AME": 0.1, "AMGN": 0.475, "APH": 0.425, "AON": 0.5, "AAPL": 0.6749999999999999, "AMAT": 0.35, "ACGL": 0.85, "AJG": 0.15, "T": 0.35, "ATO": 0.32499999999999996, "ADSK": 0.32499999999999996, "AZO": 0.5750000000000001, "AVB": 0.6749999999999999, "AVY": 0.32499999999999996, "BAX": 0.7, "BDX": 0.32499999999999996, "BBY": 0.6749999999999999, "BIO": 0.35, "TECH": 0.75, "BIIB": 0.725, "BLK": 0.15, "BK": 0.6749999999999999, "BA": 0.475, "BWA": 0.375, "BXP": 0.725, "BSX": 0.32499999999999996, "BMY": 0.15, "BR": 0.6, "BRO": 0.1, "CHRW": 0.32499999999999996, "CDNS": 0.32499999999999996, "CPT": 0.85, "CPB": 0.25, "CAH": 0.25, "CCL": 0.85, "CTLT": 0.75, "CDW": 0.15, "CE": 0.9, "CNC": 0.5, "CNP": 0.85, "CF": 0.85, "CRL": 0.32499999999999996, "SCHW": 0.15, "CHTR": 0.625, "CVX": 0.85, "CHD": 0.6, "CSCO": 0.6749999999999999, "CLX": 0.32499999999999996, "CME": 0.3, "CMS": 0.32499999999999996, "CTSH": 0.15, "CL": 0.42500000000000004, "CMCSA": 0.7000000000000001, "CMA": 0.25, "CAG": 0.575, "COP": 0.7, "ED": 0.6749999999999999, "COO": 0.42500000000000004, "CPRT": 0.5249999999999999, "GLW": 0.6749999999999999, "CSGP": 0.35, "COST": 0.32499999999999996, "CCI": 0.15, "CSX": 0.5, "CMI": 0.85, "CVS": 0.75, "DHI": 0.4, "DHR": 0.42500000000000004, "DRI": 0.525, "DVA": 0.4, "DAL": 0.3, "XRAY": 0.25, "DVN": 0.5, "DXCM": 0.25, "FANG": 0.3, "DFS": 0.15, "DISH": 0.5, "DG": 0.32499999999999996, "DLTR": 0.32499999999999996, "D": 0.15, "DPZ": 0.525, "DOV": 0.6749999999999999, "DTE": 0.6749999999999999, "DUK": 0.42500000000000004, "EMN": 0.2, "ETN": 0.85, "EBAY": 0.6749999999999999, "ECL": 0.35, "EIX": 0.6749999999999999, "EW": 0.5249999999999999, "LLY": 0.32499999999999996, "EMR": 1.0, "ENPH": 0.4, "ETR": 0.2, "EOG": 0.15, "EQT": 0.3, "EFX": 0.32499999999999996, "EQIX": 0.55, "EQR": 0.375, "ES": 0.32499999999999996, "EXC": 0.35, "EXPE": 0.15, "EXR": 0.15, "XOM": 0.6, "FDS": 0.5, "FAST": 0.7, "FRT": 0.475, "FDX": 0.55, "FSLR": 0.85, "FE": 0.4, "FIS": 0.85, "FLT": 0.3, "FMC": 0.15, "IT": 0.5, "GEN": 0.85, "GNRC": 0.32499999999999996, "GD": 0.7, "GIS": 0.25, "GPC": 0.75, "GILD": 0.575, "GPN": 0.32499999999999996, "GS": 1.0, "HAL": 0.75, "HIG": 0.4, "HAS": 0.475, "HCA": 0.5, "HSIC": 0.85, "HSY": 0.6, "HES": 0.85, "HOLX": 0.275, "HON": 0.3, "HRL": 0.85, "HST": 0.85, "HPQ": 0.85, "HUM": 0.6749999999999999, "HII": 0.15, "IBM": 0.75, "IEX": 0.25, "IDXX": 0.5, "ITW": 0.32499999999999996, "ILMN": 0.5, "INCY": 0.4, "INTC": 0.85, "ICE": 0.825, "IFF": 0.6499999999999999, "IP": 0.35, "IVZ": 0.75, "IRM": 0.25, "JBHT": 0.5, "JKHY": 0.32499999999999996, "JNJ": 0.42500000000000004, "JCI": 0.6499999999999999, "JNPR": 0.5, "K": 0.3, "KMB": 0.75, "KMI": 0.25, "KLAC": 0.32499999999999996, "KR": 0.25, "LH": 0.25, "LRCX": 0.6749999999999999, "LVS": 0.475, "LDOS": 0.32499999999999996, "LYV": 0.4, "LKQ": 0.25, "LMT": 0.65, "L": 0.2, "LOW": 0.75, "LYB": 0.6499999999999999, "MTB": 0.575, "MRO": 0.85, "MPC": 0.35, "MAR": 0.42500000000000004, "MMC": 0.5, "MLM": 0.725, "MAS": 0.25, "MA": 0.5, "MKC": 0.75, "MCD": 0.5, "MCK": 0.4, "MRK": 0.85, "MET": 0.5, "MTD": 0.5, "MGM": 0.4, "MU": 0.525, "MSFT": 0.3, "MHK": 0.525, "MOH": 0.35, "TAP": 0.25, "MCO": 0.75, "MSI": 0.25, "MSCI": 0.32499999999999996, "NDAQ": 0.85, "NTAP": 0.85, "NFLX": 0.525, "NWL": 0.75, "NEM": 0.35, "NEE": 0.825, "NKE": 0.75, "NI": 0.6749999999999999, "NDSN": 0.75, "NSC": 0.4, "NOC": 0.475, "NCLH": 0.6499999999999999, "NRG": 0.35, "NUE": 0.5, "NVDA": 0.35, "ORLY": 0.475, "OXY": 0.25, "ODFL": 0.85, "OMC": 0.5, "ON": 0.5249999999999999, "OKE": 0.15, "ORCL": 0.575, "PKG": 0.175, "PH": 0.35, "PNR": 0.575, "PEP": 0.75, "PKI": 0.25, "PFE": 0.85, "PM": 0.7000000000000001, "PSX": 0.75, "PNW": 0.49999999999999994, "PXD": 0.5, "POOL": 0.4, "PPG": 0.525, "PFG": 0.25, "PG": 0.25, "PGR": 0.75, "PLD": 0.425, "PRU": 0.4, "PTC": 0.475, "PEG": 0.75, "PSA": 0.6499999999999999, "PHM": 0.25, "QCOM": 0.25, "PWR": 0.2, "DGX": 0.85, "RL": 0.85, "REGN": 0.475, "RSG": 0.25, "RMD": 0.6499999999999999, "RHI": 0.42500000000000004, "ROK": 0.42500000000000004, "ROP": 0.15, "ROST": 0.75, "RCL": 0.25, "CRM": 0.3, "SBAC": 0.25, "SLB": 0.5, "STX": 0.75, "SEE": 0.25, "SRE": 0.5, "NOW": 0.4, "SHW": 0.75, "SPG": 0.32499999999999996, "SNA": 0.42500000000000004, "SO": 0.6499999999999999, "LUV": 0.32499999999999996, "SWK": 0.35, "SBUX": 0.65, "STLD": 0.4, "SYK": 0.32499999999999996, "SNPS": 0.6, "SYY": 0.25, "TMUS": 0.525, "TTWO": 0.4, "TRGP": 0.15, "TEL": 0.85, "TDY": 0.85, "TFX": 0.275, "TER": 0.4, "TSLA": 0.25, "TXN": 0.5, "TXT": 0.65, "KO": 0.9, "EL": 0.475, "HD": 0.6, "IPG": 0.575, "SJM": 0.4, "MOS": 0.85, "TRV": 0.75, "TMO": 0.525, "TJX": 0.75, "TDG": 0.6749999999999999, "TRMB": 0.25, "UDR": 0.175, "UNP": 0.575, "UAL": 0.42500000000000004, "UPS": 0.32499999999999996, "URI": 0.4, "UHS": 0.6749999999999999, "VLO": 0.25, "VTR": 0.85, "VRSN": 0.6, "VRSK": 0.6, "VZ": 0.475, "VRTX": 0.4, "VFC": 0.15, "VMC": 0.25, "GWW": 0.5, "WAB": 0.32499999999999996, "WMT": 0.6749999999999999, "WM": 0.85, "WAT": 0.475, "WEC": 0.75, "WST": 0.6499999999999999, "WDC": 0.525, "WY": 0.75, "WHR": 0.35, "WTW": 0.32499999999999996, "WYNN": 0.25, "XEL": 0.15, "XYL": 0.1, "YUM": 0.32499999999999996, "ZBRA": 0.3, "ZBH": 0.35, "ZTS": 0.32499999999999996}