{"MMM": 0.75, "AOS": 0.75, "ABT": 0.175, "ABBV": 0.25, "ACN": 0, "ATVI": 0.32499999999999996, "ADM": 0.5, "ADBE": 0.5, "ADP": 0.15, "AAP": 0.25, "AES": 0.55, "AFL": 0.6749999999999999, "A": 0.5, "APD": 0.5, "AKAM": 0.6749999999999999, "ALK": 0.5, "ALB": 0, "ARE": 0.1, "ALGN": 0.5, "ALLE": 0.6499999999999999, "LNT": 0.6499999999999999, "ALL": 0.15, "MO": 0.35, "AMZN": 0.7, "AMCR": 0.25, "AMD": 0.6499999999999999, "AEE": 0.5, "AAL": 0.55, "AEP": 0.575, "AXP": 0.5, "AMT": 0.5, "AWK": 0.32499999999999996, "ABC": 0.4, "AME": 0.6, "AMGN": 0.75, "APH": 0.725, "ADI": 0.25, "ANSS": 0.1, "AON": 0.35, "AAPL": 0.49999999999999994, "AMAT": 0.75, "APTV": 0.15, "ANET": 0.32499999999999996, "AJG": 0.5, "T": 0.6749999999999999, "ATO": 0.6, "ADSK": 0.175, "AZO": 0.6, "AVB": 0.85, "AVY": 0.6499999999999999, "BAC": 0.5, "BBWI": 0.85, "BAX": 0.25, "BDX": 0.1, "BBY": 0.75, "BIO": 0.4, "TECH": 0.6749999999999999, "BIIB": 0.5, "BLK": 0.35, "BK": 0.65, "BA": 0.5, "BKNG": 0.32499999999999996, "BWA": 0.5, "BXP": 0.6749999999999999, "BSX": 0.4, "BMY": 0.575, "AVGO": 0.15, "BR": 0.15, "BRO": 0.5, "CHRW": 0.575, "CDNS": 0.5, "CZR": 0.5, "CPT": 0.35, "CPB": 0.575, "COF": 0.85, "CAH": 0.4, "KMX": 0.3, "CCL": 0.65, "CARR": 0.55, "CTLT": 0.15, "CAT": 0.575, "CBOE": 0.5, "CBRE": 0.75, "CDW": 0.575, "CE": 0.75, "CNC": 0.25, "CNP": 0.575, "CDAY": 0.4, "CF": 0.75, "CRL": 0.25, "SCHW": 0.15, "CHTR": 0.175, "CVX": 0.85, "CMG": 0.35, "CHD": 0.6499999999999999, "CI": 0.5, "CTAS": 0.35, "CSCO": 1.0, "C": 0.35, "CFG": 0.825, "CLX": 0.175, "CME": 0.15, "CMS": 0.15, "CTSH": 1.0, "CL": 0.5, "CMCSA": 0.85, "CAG": 0.5, "COP": 0.75, "ED": 0.35, "COO": 0.75, "CPRT": 0.6749999999999999, "GLW": 0.6749999999999999, "CTVA": 0.35, "CSGP": 0.15, "COST": 0.5, "CTRA": 0.675, "CCI": 0, "CSX": 0.3, "CMI": 0.7, "CVS": 0.65, "DHI": 0.85, "DHR": 0.5, "DRI": 0.15, "DVA": 0.4, "DAL": 0.42500000000000004, "XRAY": 0.65, "DVN": 0.75, "DXCM": 0.25, "FANG": 0.7, "DFS": 0.75, "DISH": 0.25, "DIS": 0.15, "DG": 0.5, "DLTR": 0.15, "D": 0.425, "DPZ": 0.6, "DOV": 0.85, "DOW": 0.85, "DTE": 0.175, "DUK": 0.25, "DD": 1.0, "DXC": 0.5, "EMN": 0.25, "ETN": 0.42500000000000004, "EBAY": 0.4, "ECL": 0.32499999999999996, "EIX": 0.25, "EW": 0.5, "EA": 0.5, "LLY": 0.5, "EMR": 0.15, "ENPH": 0.15, "EOG": 0.6, "EPAM": 0.5, "EQT": 0.725, "EFX": 0.175, "EQIX": 0, "EQR": 1.0, "ESS": 0.6, "ETSY": 0.35, "EVRG": 0.85, "ES": 0.6, "EXC": 0.525, "EXPE": 0.3, "EXPD": 0.575, "EXR": 0.425, "XOM": 0.6749999999999999, "FFIV": 0.42500000000000004, "FDS": 0.5, "FAST": 0.65, "FRT": 0.75, "FDX": 0.5, "FSLR": 0.5, "FE": 0.75, "FIS": 0.35, "FISV": 0.35, "FLT": 0.25, "FMC": 0, "F": 0.65, "FTNT": 0.575, "FTV": 0.5750000000000001, "BEN": 1.0, "FCX": 0.725, "GRMN": 0.32499999999999996, "IT": 0.49999999999999994, "GNRC": 0.32499999999999996, "GD": 0.5, "GE": 0.4, "GIS": 0.35, "GM": 0.65, "GPC": 0.15, "GILD": 0.85, "GPN": 0.35, "GL": 0.6, "GS": 0.35, "HAL": 0.475, "HCA": 0.85, "PEAK": 0.4, "HSIC": 0.6749999999999999, "HSY": 0.5, "HES": 0.32499999999999996, "HPE": 0.65, "HLT": 0.42500000000000004, "HOLX": 0.75, "HON": 0.5, "HRL": 0.6, "HST": 0.55, "HWM": 0.4, "HPQ": 1.0, "HUM": 0.4, "HBAN": 0.4, "HII": 0.5, "IBM": 0.575, "IEX": 0.35, "IDXX": 0.5, "ITW": 0.6499999999999999, "ILMN": 0.42500000000000004, "INCY": 0.475, "IR": 0.4, "INTC": 1.0, "ICE": 0.25, "IFF": 0.25, "IP": 0.4, "INTU": 0.5, "ISRG": 0.32499999999999996, "IVZ": 0.825, "INVH": 0.4, "IQV": 0.32499999999999996, "IRM": 0.55, "JBHT": 0.45, "JKHY": 0.5, "J": 0.1, "DE": 0.575, "JNJ": 0.6499999999999999, "JCI": 0.65, "JPM": 0.5, "JNPR": 0.5, "K": 0.575, "KDP": 0.4, "KEY": 0.65, "KEYS": 0.75, "KMB": 0.6499999999999999, "KMI": 0.25, "KLAC": 0.15, "KHC": 0.35, "KR": 0.5, "LHX": 0.25, "LH": 0.7, "LRCX": 0.75, "LW": 0.6, "LVS": 0.3, "LDOS": 0.5, "LIN": 0.32499999999999996, "LYV": 0.5, "LKQ": 0.6749999999999999, "LMT": 0.6, "L": 0.825, "LOW": 0.85, "LUMN": 0.5, "LYB": 0.85, "MTB": 0.25, "MRO": 0.825, "MPC": 0.85, "MAR": 0.15, "MMC": 0.5, "MLM": 0.25, "MAS": 0.525, "MA": 0.35, "MTCH": 0.45, "MKC": 0.15, "MCD": 0.6, "MCK": 0.25, "MDT": 0.6749999999999999, "MRK": 0.575, "MET": 0.5, "MTD": 0.5, "MGM": 0.35, "MCHP": 0.5, "MU": 0.85, "MSFT": 0.5, "MAA": 0.275, "MRNA": 0.75, "MHK": 0.5249999999999999, "MOH": 0.1, "TAP": 0.5, "MDLZ": 0.25, "MCO": 0.35, "MS": 0.3, "MSI": 0.42500000000000004, "MSCI": 0.45, "NDAQ": 0.75, "NTAP": 0.9, "NFLX": 0.49999999999999994, "NWL": 0.5, "NEM": 0.35, "NWSA": 0.5, "NWS": 0.4, "NEE": 0.5, "NKE": 0.32499999999999996, "NI": 0.825, "NDSN": 0.5, "NSC": 0.7, "NOC": 0.75, "NCLH": 0.55, "NRG": 0.75, "NUE": 0.6749999999999999, "NVDA": 0.32499999999999996, "NXPI": 0.85, "ORLY": 0.42500000000000004, "OXY": 0.42500000000000004, "ODFL": 0.5, "OMC": 0.575, "ON": 0.825, "ORCL": 0.525, "OTIS": 0.42500000000000004, "PKG": 0.6, "PARA": 0.6749999999999999, "PH": 0.6749999999999999, "PAYX": 0.5, "PAYC": 0.15, "PYPL": 0.5, "PNR": 0.85, "PEP": 0.5, "PKI": 0.5, "PFE": 0.6749999999999999, "PM": 0.85, "PSX": 0.1, "PNW": 1.0, "PXD": 0.42500000000000004, "PNC": 0, "POOL": 0.15, "PPG": 0.475, "PPL": 0.65, "PFG": 0.4, "PG": 0.6499999999999999, "PLD": 0.6499999999999999, "PRU": 0.6749999999999999, "PTC": 0.475, "PEG": 0.4, "PSA": 0.49999999999999994, "PHM": 0.85, "QRVO": 0.85, "QCOM": 0.6, "PWR": 0.25, "DGX": 0.85, "RL": 0.575, "RTX": 0.25, "REG": 0.825, "REGN": 0.85, "RSG": 0.15, "RMD": 0.85, "RHI": 0.75, "ROK": 0.75, "ROL": 0.5, "ROP": 0.1, "ROST": 0.575, "RCL": 0.5, "SPGI": 0.35, "CRM": 0.25, "SBAC": 0.1, "SLB": 0.3, "STX": 0.75, "SEE": 0.6499999999999999, "SRE": 0.525, "NOW": 0.15, "SHW": 0, "SPG": 0.15, "SWKS": 0.85, "SNA": 0.6749999999999999, "SEDG": 0.15, "SO": 0.25, "LUV": 0.35, "SWK": 0.6749999999999999, "SBUX": 0.6, "STLD": 0.85, "STE": 0.25, "SYK": 0.15, "SYF": 0.75, "SNPS": 0.15, "SYY": 0.32499999999999996, "TMUS": 0.32499999999999996, "TTWO": 0.5, "TPR": 0.4, "TRGP": 0.15, "TGT": 0.75, "TEL": 0.85, "TDY": 0.1, "TFX": 0.6749999999999999, "TER": 0.85, "TSLA": 0.35, "TXN": 0.75, "TXT": 0.5, "KO": 0.5, "EL": 0.65, "HD": 0.55, "IPG": 0.4, "SJM": 0.5, "MOS": 0.85, "TRV": 0.45, "TMO": 0.35, "TJX": 0.75, "TSCO": 0.5, "TT": 0.5, "TRMB": 0.4, "TFC": 0.4, "TYL": 0.275, "UDR": 0.15, "ULTA": 0.35, "UAL": 0.4, "UPS": 0.75, "URI": 0.25, "UNH": 0.32499999999999996, "UHS": 0.85, "VLO": 0, "VTR": 0.35, "VRSK": 0.5, "VZ": 0.75, "VRTX": 0.32499999999999996, "VFC": 0.9, "VTRS": 0.65, "VICI": 0.6749999999999999, "VMC": 0.42500000000000004, "GWW": 0.35, "WAB": 0.35, "WBA": 0.35, "WMT": 0.5, "WM": 0.32499999999999996, "WAT": 0.5, "WFC": 0.5, "WELL": 0.42500000000000004, "WST": 0.35, "WDC": 0.5, "WRK": 0.65, "WY": 1.0, "WHR": 0.6749999999999999, "WMB": 0.15, "WTW": 0.475, "WYNN": 0.25, "XEL": 0, "XYL": 0.15, "YUM": 0.6, "ZBRA": 0.6749999999999999, "ZBH": 0.35, "ZION": 0.25, "ZTS": 0.5}