{"MMM": 0.42500000000000004, "AOS": 0.6, "ABT": 0.32499999999999996, "ABBV": 0.6749999999999999, "ACN": 0.32499999999999996, "ATVI": 0.32499999999999996, "ADM": 0.6749999999999999, "ADBE": 0.5, "ADP": 0.15, "AAP": 0.525, "AES": 0.4, "AFL": 0.85, "A": 0.6499999999999999, "APD": 0.5, "AKAM": 0.35, "ALK": 0.85, "ALB": 0.25, "ARE": 0.75, "ALGN": 0.6499999999999999, "ALLE": 0.6, "LNT": 0.6499999999999999, "ALL": 0.75, "MO": 0.4, "AMZN": 0.6749999999999999, "AMD": 0.15, "AEE": 0, "AAL": 0.5, "AEP": 0.175, "AXP": 0.32499999999999996, "AMT": 0.32499999999999996, "AWK": 0.15, "ABC": 0.15, "AME": 0.15, "AMGN": 0.6, "APH": 0.5, "ADI": 0.75, "ANSS": 0.6499999999999999, "AON": 0.5, "AAPL": 0.6749999999999999, "AMAT": 0.75, "APTV": 0.3, "ACGL": 0.85, "ANET": 0.6749999999999999, "AJG": 0.32499999999999996, "AIZ": 0.4, "T": 0.35, "ATO": 0, "ADSK": 0.25, "AZO": 0.75, "AVB": 0.35, "AVY": 0.6499999999999999, "BAC": 0.6749999999999999, "BAX": 0.25, "BDX": 0.35, "BBY": 0.75, "BIO": 0.75, "TECH": 0.525, "BIIB": 0.85, "BLK": 0.32499999999999996, "BK": 0.6749999999999999, "BA": 0.4, "BKNG": 0.6, "BWA": 0.5, "BXP": 0.25, "BSX": 0.75, "BMY": 0.25, "AVGO": 0.525, "BR": 0.32499999999999996, "BRO": 0.32499999999999996, "CHRW": 0.175, "CDNS": 0.6499999999999999, "CZR": 0.5249999999999999, "CPT": 0.425, "CPB": 0.4, "COF": 0.85, "CAH": 0.35, "KMX": 0.3, "CCL": 0.85, "CTLT": 0.25, "CAT": 0.75, "CBOE": 0.35, "CBRE": 0.75, "CDW": 0.42500000000000004, "CE": 0.75, "CNC": 0.2, "CNP": 0.85, "CDAY": 0.15, "CF": 0.6749999999999999, "CRL": 0.475, "SCHW": 0.25, "CHTR": 0.15, "CVX": 0.42500000000000004, "CMG": 0.15, "CHD": 0.6499999999999999, "CI": 0.6749999999999999, "CTAS": 0.6499999999999999, "CSCO": 0.42500000000000004, "C": 0.5, "CLX": 0.5, "CME": 0.15, "CMS": 0.32499999999999996, "CTSH": 0.275, "CL": 0.5, "CMCSA": 0.6749999999999999, "CMA": 0.65, "CAG": 0.35, "COP": 0.6, "ED": 0.85, "COO": 0.525, "CPRT": 0.35, "GLW": 0.85, "CSGP": 0.6749999999999999, "COST": 0.35, "CTRA": 1.0, "CCI": 0.32499999999999996, "CSX": 0.5, "CMI": 0.85, "CVS": 0.5, "DHI": 0.725, "DHR": 0.575, "DRI": 0.425, "DVA": 0.425, "DAL": 0.5, "XRAY": 0.4, "DVN": 0.6749999999999999, "DXCM": 0.32499999999999996, "FANG": 0.4, "DFS": 0.44999999999999996, "DISH": 0.4, "DG": 0.32499999999999996, "DLTR": 0.32499999999999996, "D": 0.75, "DPZ": 0.42500000000000004, "DOV": 0.25, "DTE": 0.25, "DUK": 0.85, "DD": 0.525, "DXC": 0.5, "EMN": 0.4, "ETN": 0.85, "EBAY": 0.6, "ECL": 0.5, "EIX": 0.5, "EW": 0.6749999999999999, "EA": 0.5, "LLY": 0.75, "EMR": 0.575, "ENPH": 0.475, "ETR": 0.85, "EOG": 0.45, "EPAM": 0.32499999999999996, "EQT": 0.4, "EFX": 0.32499999999999996, "EQIX": 0.15, "EQR": 0.85, "ESS": 0.42500000000000004, "ETSY": 0.32499999999999996, "EVRG": 0.25, "ES": 0.15, "EXC": 0.85, "EXPE": 0.35, "EXPD": 0.175, "EXR": 0.175, "XOM": 0.7000000000000001, "FDS": 0.32499999999999996, "FAST": 0.5, "FRT": 0.625, "FDX": 0.5, "FSLR": 0.575, "FE": 0.4, "FIS": 0.35, "FISV": 0.35, "FLT": 0.25, "FMC": 0.3, "F": 0.35, "FTNT": 0.5249999999999999, "FTV": 0.42500000000000004, "BEN": 1.0, "FCX": 0.525, "GRMN": 0.475, "IT": 0.75, "GNRC": 0.32499999999999996, "GD": 1.0, "GE": 0.15, "GM": 0.5, "GPC": 0.575, "GILD": 0.9, "GPN": 0.25, "GL": 0.42500000000000004, "GS": 0.5, "HAL": 0.3, "HIG": 0.4, "HAS": 0.15, "HCA": 0.6749999999999999, "PEAK": 0.525, "HSIC": 0.575, "HSY": 0.32499999999999996, "HES": 0.475, "HPE": 0.6749999999999999, "HLT": 0.25, "HOLX": 0.3, "HON": 0.32499999999999996, "HRL": 0.42500000000000004, "HST": 0.6749999999999999, "HWM": 0.6749999999999999, "HPQ": 0.85, "HUM": 0.2, "HBAN": 0.42500000000000004, "HII": 0.3, "IBM": 0.85, "IEX": 0.175, "IDXX": 0.5, "ITW": 0.32499999999999996, "ILMN": 0.32499999999999996, "INCY": 0.32499999999999996, "IR": 0.6749999999999999, "INTC": 0.85, "ICE": 0.175, "IFF": 0.75, "IP": 0.525, "INTU": 0.3, "ISRG": 0.6749999999999999, "IVZ": 0.85, "INVH": 0.42500000000000004, "IQV": 0.32499999999999996, "IRM": 0.42500000000000004, "JBHT": 0.6, "JKHY": 0.15, "J": 0.4, "JNJ": 0.5, "JCI": 0.85, "JPM": 0.75, "JNPR": 0.6749999999999999, "K": 0.25, "KEYS": 0.575, "KMB": 0.85, "KIM": 0.65, "KMI": 0.42500000000000004, "KLAC": 0.32499999999999996, "KHC": 0.65, "KR": 0.25, "LHX": 0.4, "LH": 0.42500000000000004, "LRCX": 0.75, "LW": 0.8500000000000001, "LVS": 0.42500000000000004, "LDOS": 0.85, "LIN": 0.32499999999999996, "LYV": 0.3, "LKQ": 0.85, "LMT": 0.32499999999999996, "L": 0.375, "LOW": 0.75, "LYB": 0.6, "MTB": 0.85, "MRO": 0.7000000000000001, "MPC": 0.25, "MKTX": 0.5, "MAR": 0.15, "MMC": 0.5, "MLM": 0.6499999999999999, "MAS": 0.85, "MA": 0.5, "MTCH": 0.42500000000000004, "MKC": 0.575, "MCD": 0.6, "MCK": 0.55, "MDT": 0.525, "MRK": 0.75, "MET": 0.35, "MTD": 0.5, "MGM": 0.6749999999999999, "MCHP": 0.35, "MU": 0.525, "MSFT": 0.5, "MRNA": 0.55, "MHK": 0.5, "TAP": 0.5, "MDLZ": 0.25, "MNST": 0.6499999999999999, "MCO": 0.32499999999999996, "MSI": 0.525, "MSCI": 0.42500000000000004, "NDAQ": 0.75, "NTAP": 0.75, "NFLX": 0.5, "NWL": 0.375, "NEM": 0.32499999999999996, "NWSA": 0.6749999999999999, "NWS": 0.6749999999999999, "NEE": 0.6749999999999999, "NKE": 0.7999999999999999, "NI": 0.65, "NDSN": 0.75, "NSC": 0.25, "NOC": 0.3, "NCLH": 0.5, "NRG": 0.6499999999999999, "NUE": 0.35, "NVDA": 0.6749999999999999, "NXPI": 0.675, "ORLY": 0.5, "OXY": 0.5, "ODFL": 0.5, "OMC": 0.575, "ON": 0.525, "OKE": 0.32499999999999996, "ORCL": 0.425, "PKG": 0.475, "PH": 0.25, "PAYX": 0, "PAYC": 0.15, "PYPL": 0.15, "PNR": 0.42500000000000004, "PEP": 0.35, "PKI": 0.4, "PFE": 0.85, "PM": 0.7000000000000001, "PSX": 0.15, "PNW": 0.275, "PXD": 0.6, "POOL": 0.6499999999999999, "PPG": 0.42500000000000004, "PPL": 0.725, "PFG": 0.25, "PG": 0.4, "PLD": 0.475, "PRU": 0.5, "PTC": 0.3, "PEG": 0.575, "PSA": 0.49999999999999994, "PHM": 0.575, "QCOM": 0.6499999999999999, "PWR": 1.0, "DGX": 0.35, "RL": 0.85, "RTX": 0.5, "O": 0.575, "RSG": 0.42500000000000004, "RMD": 0.6499999999999999, "ROK": 0.15, "ROL": 0.35, "ROP": 0.9, "ROST": 0.5, "RCL": 0.6749999999999999, "SPGI": 0.32499999999999996, "CRM": 0.4, "SBAC": 0.25, "SLB": 0.4, "STX": 0.75, "SEE": 0.5249999999999999, "SRE": 0.7000000000000001, "NOW": 0.5, "SHW": 0.25, "SNA": 0.825, "SEDG": 0.9, "SO": 0.25, "LUV": 0.6749999999999999, "SWK": 0.35, "SBUX": 0.6, "STLD": 0.575, "STE": 0.35, "SYK": 0.42500000000000004, "SYF": 0.4, "SNPS": 0.475, "SYY": 0.475, "TMUS": 0.525, "TTWO": 0.32499999999999996, "TPR": 0.5, "TRGP": 0.4, "TGT": 0.15, "TEL": 0.5, "TDY": 0.25, "TFX": 0.15, "TER": 0.5, "TSLA": 0.35, "TXN": 0.475, "TXT": 0.6749999999999999, "KO": 0.6499999999999999, "EL": 0.32499999999999996, "HD": 0.6, "IPG": 0.85, "SJM": 0.5, "MOS": 0.5, "TRV": 0.15, "TMO": 0.15, "TJX": 0.5, "TSCO": 0.6499999999999999, "TT": 0.85, "TDG": 0.6749999999999999, "TRMB": 0.5249999999999999, "TFC": 0.4, "TYL": 0, "UDR": 0.49999999999999994, "ULTA": 0.5, "UNP": 0.32499999999999996, "UAL": 0.825, "UPS": 0.3, "URI": 0.4, "UNH": 0.75, "UHS": 0.6749999999999999, "VLO": 0.32499999999999996, "VTR": 0.525, "VRSK": 0.5, "VZ": 0.75, "VRTX": 0.32499999999999996, "VFC": 0.3, "VICI": 0.4, "VMC": 0.15, "GWW": 0.32499999999999996, "WAB": 0.42500000000000004, "WBA": 0.6749999999999999, "WMT": 0.525, "WM": 0, "WAT": 0.75, "WFC": 0.85, "WELL": 0.6749999999999999, "WST": 0.6499999999999999, "WDC": 0.6749999999999999, "WRK": 0.5, "WHR": 0.5, "WMB": 0.5, "WYNN": 0.25, "XEL": 0.25, "XYL": 0.15, "ZBRA": 0.75, "ZBH": 0.525, "ZTS": 0.5}