{"MMM": 0.75, "AOS": 0.5, "ABT": 0.5249999999999999, "ACN": 0.15, "ADM": 0.42500000000000004, "ADBE": 0.15, "AAP": 0.32499999999999996, "AFL": 0.85, "A": 0.85, "APD": 0.5, "ALK": 0.7, "ALB": 0.75, "LNT": 0.85, "MO": 0.15, "AMZN": 0.5, "AMD": 0.6749999999999999, "AEE": 0.25, "AEP": 0.475, "AMT": 0.6499999999999999, "AWK": 0, "ABC": 0.15, "AME": 0.475, "AMGN": 0, "APH": 0.75, "ADI": 0.32499999999999996, "ANSS": 0.5, "AON": 0.32499999999999996, "AMAT": 0.35, "AJG": 0.32499999999999996, "T": 0.3, "ATO": 0.4, "AZO": 0.6, "AVY": 0.1, "BAC": 0.1, "BAX": 0.6, "BDX": 0.75, "BBY": 0.5, "BIO": 0.5, "BIIB": 0.475, "BLK": 0.4, "BK": 0.6749999999999999, "BA": 0.3, "BWA": 0.6749999999999999, "BXP": 0.2, "BSX": 0.5, "BMY": 0.75, "BR": 0.3, "BRO": 0.42500000000000004, "CDNS": 0.475, "CPB": 0.42500000000000004, "CAH": 0.35, "KMX": 0.25, "CCL": 0.825, "CE": 0.75, "CNP": 0.15, "CF": 0.85, "CRL": 0.6499999999999999, "SCHW": 0.25, "CVX": 0.75, "CB": 0.4, "CHD": 0.25, "CTAS": 0.525, "CSCO": 0.6749999999999999, "CLX": 0.75, "CME": 0.6749999999999999, "CMS": 0.32499999999999996, "CL": 0.575, "CMCSA": 0.525, "CMA": 0.25, "CAG": 0.6749999999999999, "COP": 0.85, "COO": 0.25, "GLW": 0.85, "COST": 0.3, "CCI": 0.15, "CSX": 0.5, "CMI": 0.75, "DHR": 0.1, "DRI": 0.42500000000000004, "DVA": 0.575, "DAL": 0.5249999999999999, "XRAY": 0.6499999999999999, "DVN": 0.25, "DFS": 0.32499999999999996, "DISH": 0.6, "DLTR": 0.75, "DOV": 0.6749999999999999, "DTE": 0.35, "DUK": 0.15, "EMN": 0.25, "EBAY": 0.85, "ECL": 0.15, "EA": 0.6, "LLY": 0.75, "EMR": 0.32499999999999996, "ETR": 0.525, "EOG": 0.375, "EQT": 0.15, "EFX": 0.35, "EQIX": 0.25, "EQR": 0.85, "ESS": 0.15, "EXC": 0.85, "EXPE": 0.15, "EXR": 0.25, "XOM": 0.75, "FDX": 0.525, "FSLR": 0.4, "FE": 0.6749999999999999, "FIS": 0.5, "FISV": 0.525, "FMC": 0.32499999999999996, "BEN": 0.75, "IT": 0.5, "GEN": 0.6749999999999999, "GD": 0.6749999999999999, "GE": 0.15, "GIS": 0.42500000000000004, "GILD": 0.575, "GPN": 0.4, "HAL": 0.475, "HIG": 0.25, "HAS": 0.75, "HSIC": 0.4, "HSY": 0.32499999999999996, "HES": 0.6749999999999999, "HOLX": 0.35, "HON": 0.3, "HRL": 0.5249999999999999, "HPQ": 0.7, "HUM": 0.35, "IBM": 0.75, "IEX": 0.25, "IDXX": 0.5, "ITW": 0.9, "INTC": 0.75, "IFF": 0.6, "IP": 0.35, "INTU": 0.15, "IVZ": 0.6499999999999999, "IRM": 0.42500000000000004, "JBHT": 0.75, "JKHY": 0.15, "JNJ": 0, "JCI": 0.6749999999999999, "JNPR": 0.25, "K": 0.25, "KMB": 0.32499999999999996, "KLAC": 0.42500000000000004, "KR": 0.5249999999999999, "LH": 0.25, "LRCX": 0.25, "LVS": 0.15, "LKQ": 0.25, "LMT": 0.15, "L": 0.7, "LOW": 0.85, "MTB": 0.575, "MRO": 0.85, "MAR": 0.75, "MMC": 0.6, "MLM": 0.725, "MAS": 0.575, "MKC": 0.575, "MCD": 0.32499999999999996, "MRK": 0.6, "MET": 0.5, "MTD": 0.65, "MGM": 0.25, "MSFT": 0.4, "MAA": 0.7000000000000001, "MHK": 0.35, "TAP": 0.5, "MCO": 0.6, "MSI": 0.32499999999999996, "MSCI": 0.32499999999999996, "NDAQ": 0.85, "NWL": 0.1, "NEM": 0.575, "NEE": 0.6749999999999999, "NKE": 0.85, "NI": 0.35, "NDSN": 0.475, "NSC": 0.42500000000000004, "NOC": 0.6, "NRG": 0.575, "NUE": 0.25, "ORLY": 0.15, "OXY": 0.85, "ODFL": 0.6749999999999999, "OMC": 0.32499999999999996, "OKE": 0.15, "ORCL": 0.75, "PKG": 0.5, "PH": 0.575, "PNR": 0.35, "PEP": 0.75, "PKI": 0.575, "PFE": 0.7, "PM": 0.5, "PNW": 0.6499999999999999, "PXD": 0.3, "POOL": 0.3, "PPG": 0.9, "PG": 0.575, "PEG": 0.6, "PSA": 0.6499999999999999, "PHM": 0.15, "PWR": 0.42500000000000004, "DGX": 0.32499999999999996, "REGN": 0.4, "RSG": 0.25, "RMD": 0.6499999999999999, "RHI": 0.5, "ROK": 0.32499999999999996, "ROL": 0.42500000000000004, "ROST": 0.6, "SBAC": 0.4, "SLB": 0.32499999999999996, "STX": 0.6, "SEE": 0.5, "SRE": 0.75, "SHW": 0.25, "SPG": 0.6499999999999999, "SWKS": 0.15, "SNA": 0.25, "SO": 0.49999999999999994, "LUV": 0.42500000000000004, "SWK": 0.85, "SBUX": 0.75, "STLD": 0.42500000000000004, "SYK": 0.5, "SYY": 0.32499999999999996, "TTWO": 0.65, "TEL": 0.85, "TDY": 0.6, "TFX": 0.725, "TER": 0.85, "TXN": 0.75, "KO": 0.85, "EL": 0.15, "HD": 0.575, "IPG": 0.6, "SJM": 0.85, "MOS": 0.85, "TRV": 0.15, "TMO": 0.5750000000000001, "TJX": 0.6499999999999999, "TDG": 0.15, "TRMB": 0.25, "USB": 0.75, "UNP": 0.75, "UAL": 0.4, "UPS": 0.32499999999999996, "UNH": 0.25, "UHS": 0.35, "VLO": 0.1, "VTR": 0.6749999999999999, "VZ": 0.4, "VFC": 0.6749999999999999, "VMC": 0.4, "GWW": 0.5, "WAB": 0.575, "WMT": 1.0, "WM": 0.42500000000000004, "WEC": 0.575, "WST": 0.85, "WDC": 0.85, "WHR": 0.6749999999999999, "WMB": 0.15, "WTW": 0.3, "WYNN": 0.5, "XEL": 0.32499999999999996, "YUM": 0.5}