{"MMM": 0.6, "AOS": 0.6749999999999999, "ABT": 0.55, "ABBV": 0.575, "ACN": 0.5, "ATVI": 0.5, "ADM": 0.6749999999999999, "ADBE": 0.32499999999999996, "ADP": 0.15, "AAP": 0.25, "AFL": 0.85, "A": 0.75, "APD": 0.42500000000000004, "AKAM": 0.42500000000000004, "ALK": 0.75, "ALB": 0.75, "ARE": 0.55, "ALLE": 0.75, "LNT": 0.85, "ALL": 0.6749999999999999, "MO": 0.42500000000000004, "AMD": 0.425, "AEE": 0.3, "AAL": 0.6499999999999999, "AEP": 0.575, "AIG": 0.4, "AMT": 0, "AWK": 0.15, "ABC": 0.15, "AME": 0.25, "AMGN": 0.575, "APH": 0.575, "ADI": 0.475, "AON": 0.5, "AAPL": 0.5, "AMAT": 0.6, "ACGL": 0.85, "AJG": 0.32499999999999996, "T": 0.7000000000000001, "ATO": 0.32499999999999996, "ADSK": 0.3, "AZO": 0.575, "AVB": 0.85, "AVY": 0, "BAX": 0.1, "BDX": 0.15, "BBY": 0.85, "BIO": 0.35, "TECH": 0.85, "BIIB": 0.42500000000000004, "BLK": 0.15, "BK": 0.6749999999999999, "BA": 0.15, "BWA": 0.25, "BXP": 0.42500000000000004, "BSX": 0.15, "BMY": 0.475, "BR": 0.475, "BRO": 0.7000000000000001, "CHRW": 0.5, "CDNS": 0.75, "CZR": 0.85, "CPT": 0.5, "CPB": 0.4, "CAH": 0.575, "KMX": 0.3, "CCL": 0.85, "CTLT": 0.425, "CDW": 0, "CE": 0.6499999999999999, "CNC": 0.6749999999999999, "CNP": 0.4, "CF": 0.85, "CRL": 0.6499999999999999, "SCHW": 0.15, "CHTR": 0.3, "CVX": 0.7000000000000001, "CHD": 0.75, "CSCO": 0.85, "CME": 0.15, "CMS": 0.32499999999999996, "CTSH": 0.42500000000000004, "CL": 0.4, "CMCSA": 0.7000000000000001, "CMA": 0.3, "COP": 0.425, "ED": 0.85, "COO": 0.25, "CPRT": 0.85, "GLW": 0.525, "CSGP": 0.5249999999999999, "COST": 0.5, "CCI": 0.32499999999999996, "CSX": 0.5, "CMI": 0.85, "CVS": 0.75, "DHI": 0.5, "DHR": 0.42500000000000004, "DRI": 0.42500000000000004, "DVA": 0.4, "DAL": 0.6749999999999999, "XRAY": 0.25, "DVN": 0.25, "DXCM": 0.25, "FANG": 0.3, "DFS": 0.15, "DISH": 0.6749999999999999, "DG": 0.32499999999999996, "DLTR": 0.25, "D": 0.5, "DPZ": 0.42500000000000004, "DOV": 0.5, "DTE": 0.25, "DUK": 0.42500000000000004, "EMN": 0.525, "ETN": 0.85, "ECL": 0.32499999999999996, "EIX": 0.7999999999999999, "EW": 0.75, "LLY": 0.3, "EMR": 0.15, "ETR": 0.35, "EOG": 0.6499999999999999, "EPAM": 0.32499999999999996, "EQT": 0.6749999999999999, "EFX": 0.32499999999999996, "EQIX": 0.25, "EQR": 0.85, "ESS": 0.6749999999999999, "ES": 0.275, "EXC": 0.2, "EXPE": 0.575, "EXR": 0.15, "XOM": 0.7000000000000001, "FDS": 0.5, "FAST": 0.5249999999999999, "FRT": 0.32499999999999996, "FDX": 0.575, "FSLR": 0.85, "FE": 0.85, "FIS": 0.5, "FLT": 0.15, "FMC": 0.3, "FCX": 0.35, "IT": 0.6, "GEN": 0.6749999999999999, "GNRC": 0.15, "GD": 0.75, "GIS": 0.25, "GPC": 0.75, "GILD": 0.575, "GPN": 0.15, "GS": 0.5, "HAL": 0.3, "HIG": 0.35, "HAS": 0.475, "HCA": 0.6749999999999999, "HSIC": 0.85, "HSY": 0.5, "HES": 0.6749999999999999, "HPE": 0.85, "HLT": 0.15, "HOLX": 0.275, "HON": 0.32499999999999996, "HRL": 0.275, "HST": 1.0, "HPQ": 0.85, "HUM": 0.35, "HII": 0.32499999999999996, "IBM": 0.75, "IEX": 0.32499999999999996, "IDXX": 0.75, "ILMN": 0.32499999999999996, "INCY": 0.32499999999999996, "INTC": 0.6749999999999999, "ICE": 0.575, "IFF": 0.75, "IP": 0.25, "INTU": 0.475, "IVZ": 0.75, "IRM": 0.42500000000000004, "JBHT": 0.32499999999999996, "JNJ": 0.5, "JCI": 0.4, "JNPR": 0.25, "K": 0.475, "KEYS": 0.575, "KMB": 0.75, "KMI": 0.42500000000000004, "KLAC": 0.32499999999999996, "KR": 0.15, "LH": 0.35, "LRCX": 0.6749999999999999, "LVS": 0.32499999999999996, "LDOS": 0.575, "LYV": 0.3, "LKQ": 0.25, "LMT": 0.15, "L": 0.575, "LOW": 0.75, "LYB": 0.6499999999999999, "MTB": 0.75, "MRO": 0.4, "MPC": 0.6, "MAR": 0.6, "MMC": 0.5, "MLM": 0.75, "MAS": 0.375, "MA": 0.475, "MTCH": 0.5, "MKC": 0.75, "MCD": 0.15, "MCK": 0.5, "MDT": 0.525, "MRK": 0.75, "MET": 0.35, "MTD": 0.32499999999999996, "MGM": 0.5, "MU": 0.6749999999999999, "MSFT": 0.3, "MHK": 0.525, "MOH": 0.35, "TAP": 0.25, "MCO": 0.42500000000000004, "MSI": 0.6, "MSCI": 0.32499999999999996, "NDAQ": 0.7, "NTAP": 0.42500000000000004, "NFLX": 0.15, "NWL": 0.425, "NEM": 0.5, "NWSA": 0.25, "NWS": 0.4, "NEE": 0.6749999999999999, "NKE": 0.75, "NI": 0.25, "NDSN": 0.42500000000000004, "NSC": 0.25, "NOC": 0.15, "NCLH": 0.75, "NRG": 0.5, "NUE": 0.4, "NVDA": 0.525, "ORLY": 0.32499999999999996, "OXY": 0.4, "ODFL": 1.0, "OMC": 0.5, "ON": 0.525, "OKE": 0.42500000000000004, "ORCL": 0.7, "PKG": 0.5, "PH": 0.525, "PAYC": 0.15, "PNR": 0.5, "PEP": 0.75, "PKI": 0.25, "PFE": 0.85, "PM": 0.525, "PSX": 0.7000000000000001, "PNW": 0.25, "PXD": 0.15, "POOL": 0.25, "PPG": 0.42500000000000004, "PFG": 0.4, "PG": 0.25, "PGR": 0.75, "PLD": 0.75, "PRU": 0.35, "PEG": 0.7, "PHM": 0.5, "QRVO": 0.6749999999999999, "QCOM": 0.42500000000000004, "PWR": 0.6749999999999999, "DGX": 0.6749999999999999, "RL": 0.85, "RSG": 0.25, "RMD": 0.7999999999999999, "RHI": 0.75, "ROK": 0.5, "ROP": 0.15, "ROST": 0.32499999999999996, "RCL": 0.25, "SPGI": 0.32499999999999996, "CRM": 0.3, "SBAC": 0.25, "SLB": 0.725, "STX": 0.42500000000000004, "SEE": 0.275, "SRE": 0.75, "NOW": 0.4, "SHW": 0.575, "SPG": 0.35, "SNA": 0.525, "SO": 0.6499999999999999, "LUV": 0.75, "SWK": 0.5, "SBUX": 0.5, "STLD": 0.5, "SYK": 0.5, "SYY": 0.15, "TMUS": 0.525, "TTWO": 0.32499999999999996, "TRGP": 0.5, "TEL": 0.525, "TDY": 0.85, "TFX": 0.75, "TSLA": 0.6749999999999999, "TXN": 0.5, "TXT": 0.5, "KO": 0.575, "EL": 0.32499999999999996, "HD": 0.42500000000000004, "IPG": 0.575, "SJM": 0.85, "MOS": 0.85, "TRV": 0.32499999999999996, "TMO": 0.525, "TJX": 0.75, "TSCO": 0.75, "TDG": 0.6749999999999999, "TRMB": 0.42500000000000004, "UDR": 0.625, "UNP": 0.15, "UAL": 0.5, "UPS": 0.6499999999999999, "URI": 0.15, "UNH": 0.9, "UHS": 0.5, "VLO": 0.525, "VTR": 0.7, "VRSK": 0.6499999999999999, "VZ": 0.6, "VRTX": 0.475, "VFC": 0.475, "VMC": 0.4, "GWW": 0.5, "WAB": 0.32499999999999996, "WBA": 0.35, "WMT": 0.6749999999999999, "WM": 0.32499999999999996, "WAT": 0.32499999999999996, "WEC": 0.6499999999999999, "WST": 0.6499999999999999, "WDC": 0.4, "WHR": 0.35, "WMB": 0.475, "WTW": 0.6749999999999999, "WYNN": 0.25, "XEL": 0.15, "XYL": 0.42500000000000004, "YUM": 0.5, "ZBRA": 0.575, "ZBH": 0.25, "ZTS": 0.32499999999999996}