{"MMM": 0.25, "AOS": 0.4, "ABT": 0.575, "ABBV": 0.32499999999999996, "ACN": 0.65, "ATVI": 0.3, "ADM": 0.5, "ADBE": 0.32499999999999996, "ADP": 0.15, "AAP": 0.35, "AFL": 0.85, "A": 0.5, "APD": 0.15, "AKAM": 0.525, "ALK": 0.7, "ALB": 0.6749999999999999, "ARE": 0.25, "ALLE": 0.575, "LNT": 0.5, "ALL": 0.85, "MO": 0.75, "AMZN": 0.6749999999999999, "AMD": 0.32499999999999996, "AEE": 0.55, "AAL": 0.32499999999999996, "AEP": 0.6, "AIG": 0.4, "AMT": 0.475, "AWK": 0.3, "ABC": 0.3, "AME": 0.6, "AMGN": 0.4, "APH": 0.4, "ADI": 0.75, "AON": 0.44999999999999996, "AAPL": 0.7, "AMAT": 0.42500000000000004, "APTV": 0.3, "ACGL": 0.85, "AJG": 0.15, "T": 0.5249999999999999, "ATO": 0.3, "ADSK": 0.575, "AZO": 0.575, "AVB": 0.85, "AVY": 0.3, "BAX": 0.4, "BDX": 0.15, "BBY": 0.75, "TECH": 0.7000000000000001, "BIIB": 0.575, "BLK": 0.32499999999999996, "BK": 0.85, "BA": 0.5, "BWA": 0.5, "BXP": 0.25, "BSX": 0.32499999999999996, "BMY": 0.3, "BR": 0.5, "BRO": 0.7, "CHRW": 0.475, "CDNS": 0.475, "CZR": 0.55, "CPT": 0.35, "CPB": 0.75, "COF": 0.5, "CAH": 0.35, "KMX": 0.25, "CCL": 0.85, "CTLT": 0.42500000000000004, "CDW": 0.6499999999999999, "CE": 0.6, "CNC": 0.55, "CNP": 0.75, "CF": 0.7000000000000001, "CRL": 0.32499999999999996, "SCHW": 0, "CHTR": 0.85, "CVX": 0.55, "CHD": 0.475, "CSCO": 0.25, "CMS": 0.55, "CTSH": 0.3, "CL": 0.42500000000000004, "CMCSA": 0.7000000000000001, "CAG": 0.42500000000000004, "COP": 0.3, "ED": 0.85, "COO": 0.42500000000000004, "CPRT": 0.32499999999999996, "GLW": 0.5, "CSGP": 0.5, "COST": 0.32499999999999996, "CCI": 0.32499999999999996, "CSX": 0.85, "CMI": 0.85, "CVS": 0.85, "DHI": 0.25, "DHR": 0.42500000000000004, "DRI": 0.275, "DVA": 0.42500000000000004, "DAL": 0.375, "DVN": 0.35, "DXCM": 0.65, "FANG": 0.32499999999999996, "DFS": 0.3, "DISH": 0.5, "DG": 0.35, "DLTR": 0.175, "D": 0.5, "DPZ": 0.42500000000000004, "DOV": 0.85, "DTE": 0.42500000000000004, "DUK": 0.25, "EMN": 0.35, "ETN": 0.85, "EBAY": 0.4, "ECL": 0.32499999999999996, "EIX": 0.55, "EW": 0.6749999999999999, "LLY": 0.3, "EMR": 0.3, "ETR": 0.6749999999999999, "EOG": 0.5, "EPAM": 0.3, "EQT": 0.7, "EFX": 0.42500000000000004, "EQIX": 0.25, "EQR": 0.85, "ESS": 0.7, "ES": 0.42500000000000004, "EXC": 0.85, "EXPE": 0.35, "EXR": 0.475, "XOM": 0.7000000000000001, "FDS": 0.5, "FAST": 0.525, "FRT": 0, "FDX": 0.525, "FSLR": 0.5, "FE": 0.4, "FIS": 0.85, "FLT": 0.32499999999999996, "FMC": 0.475, "F": 0.825, "FTV": 0.32499999999999996, "FCX": 0.525, "GEN": 0.5249999999999999, "GNRC": 0.475, "GD": 0.575, "GE": 0.4, "GPC": 0.575, "GILD": 0.55, "GPN": 0.15, "GS": 0.675, "HAL": 0.475, "HIG": 0.6749999999999999, "HAS": 0.3, "HCA": 0.7000000000000001, "HSIC": 0.4, "HES": 0.5, "HPE": 0.375, "HLT": 0.6499999999999999, "HOLX": 0.525, "HON": 0.3, "HRL": 0.525, "HST": 1.0, "HUM": 0.25, "HBAN": 0.175, "HII": 0.15, "IBM": 0.75, "IEX": 0.32499999999999996, "IDXX": 0.42500000000000004, "ITW": 0.3, "ILMN": 0.175, "INCY": 0.4, "INTC": 0.85, "ICE": 0.175, "IFF": 0.32499999999999996, "IP": 0.9, "INTU": 0.3, "IVZ": 0.75, "IQV": 0.75, "IRM": 0.15, "JBHT": 0.6499999999999999, "JKHY": 0.32499999999999996, "JNJ": 0.475, "JCI": 0.6749999999999999, "JNPR": 0.5, "K": 0.42500000000000004, "KEYS": 0.2, "KMB": 0.75, "KIM": 0.35, "KMI": 0.5, "KLAC": 0.32499999999999996, "KHC": 0.75, "KR": 0.3, "LH": 0.85, "LRCX": 0.9, "LVS": 0.65, "LDOS": 0.85, "LYV": 0.625, "LKQ": 0.25, "LMT": 0.55, "L": 0.525, "LOW": 0.75, "LYB": 0.6499999999999999, "MTB": 0.575, "MRO": 0.65, "MPC": 0.75, "MAR": 0.32499999999999996, "MMC": 0.3, "MLM": 0.6749999999999999, "MAS": 0.35, "MA": 0.32499999999999996, "MTCH": 0.35, "MKC": 0.575, "MCD": 0.25, "MCK": 0.85, "MDT": 0.7000000000000001, "MRK": 0.6, "MTD": 0.5, "MGM": 0.9, "MCHP": 0.55, "MU": 0.85, "MSFT": 0.32499999999999996, "MHK": 0.35, "MOH": 0.5, "TAP": 0.5, "MCO": 0.42500000000000004, "MSI": 0.4, "MSCI": 0.32499999999999996, "NDAQ": 0.7, "NTAP": 0.6, "NFLX": 0.15, "NWL": 0.7, "NEM": 0.5, "NWSA": 0.55, "NWS": 0.4, "NEE": 0.85, "NKE": 0.75, "NI": 0.5, "NDSN": 0.42500000000000004, "NSC": 0.75, "NOC": 0.15, "NCLH": 0.25, "NRG": 0.4, "NUE": 0.42500000000000004, "NVDA": 0.725, "ORLY": 0.35, "OXY": 0.6, "ODFL": 0.6, "OMC": 0.15, "ON": 0.7, "OKE": 0.15, "ORCL": 0.85, "PKG": 0.35, "PH": 0.42500000000000004, "PNR": 0.575, "PEP": 0.475, "PKI": 0.575, "PFE": 0.85, "PM": 0.25, "PSX": 0.575, "PNW": 0.1, "PXD": 0.35, "POOL": 0.25, "PPG": 0.4, "PPL": 0.25, "PFG": 0.6749999999999999, "PG": 0.42500000000000004, "PGR": 0.75, "PLD": 0.75, "PRU": 0.5, "PEG": 0.85, "PSA": 0.6499999999999999, "QRVO": 0.525, "QCOM": 0.25, "PWR": 0.35, "DGX": 0.7000000000000001, "RL": 0.4, "RSG": 0.75, "RMD": 0.32499999999999996, "RHI": 0.25, "ROK": 0.32499999999999996, "ROP": 0.75, "ROST": 0.35, "RCL": 0.5750000000000001, "SPGI": 0.5, "CRM": 0.3, "SBAC": 0.25, "SLB": 0.575, "SEE": 0.3, "SRE": 0.4, "NOW": 0.3, "SHW": 0.85, "SNA": 0.35, "SO": 0.35, "LUV": 0.7, "SWK": 0.525, "SBUX": 0.5, "STLD": 0.42500000000000004, "SYK": 0.3, "SYF": 0.15, "SNPS": 0.7000000000000001, "SYY": 0.32499999999999996, "TMUS": 0.55, "TTWO": 0.175, "TPR": 0.42500000000000004, "TRGP": 0.4, "TEL": 0.675, "TFX": 0.3, "TSLA": 0.575, "TXN": 0.15, "TXT": 0.5, "KO": 0.15, "EL": 0.15, "HD": 0.6, "IPG": 0.42500000000000004, "SJM": 0.85, "MOS": 0.5, "TRV": 0, "TMO": 0.25, "TJX": 0.575, "TSCO": 0.75, "TDG": 0.85, "TRMB": 0.4, "UDR": 0.9, "UNP": 0.75, "UAL": 0.6749999999999999, "UPS": 0.15, "URI": 0.6499999999999999, "UNH": 0.6, "UHS": 0.7000000000000001, "VLO": 0.42500000000000004, "VTR": 0.85, "VRSK": 0.75, "VZ": 0.75, "VMC": 0.6, "GWW": 0.15, "WAB": 0.42500000000000004, "WBA": 0.375, "WMT": 0.525, "WM": 0.6499999999999999, "WAT": 0.3, "WEC": 0.5, "WST": 0.5, "WDC": 0.525, "WY": 0.32499999999999996, "WHR": 0.5, "WMB": 0.625, "WTW": 0.4, "WYNN": 0.6, "XEL": 0.32499999999999996, "XYL": 0.15, "ZBRA": 0.42500000000000004, "ZBH": 0.85, "ZTS": 0.15}