{"MMM": 0.75, "AOS": 0.45, "ABT": 0.42500000000000004, "ABBV": 0.6749999999999999, "ACN": 0.32499999999999996, "ATVI": 0.32499999999999996, "ADM": 0.4, "ADBE": 0.5, "ADP": 0.15, "AAP": 0.35, "AFL": 0.75, "A": 0.5, "APD": 0.32499999999999996, "AKAM": 0.35, "ALK": 0.85, "ALB": 0.525, "ARE": 0.85, "ALLE": 0.75, "LNT": 0.32499999999999996, "ALL": 0.85, "MO": 0.42500000000000004, "AMZN": 0.5, "AMD": 0.15, "AEE": 0.3, "AAL": 0.6749999999999999, "AEP": 0.475, "AIG": 0.5, "AMT": 0.32499999999999996, "AWK": 0.32499999999999996, "ABC": 0.3, "AME": 0.25, "AMGN": 0.75, "APH": 0.5249999999999999, "ADI": 0.75, "AON": 0.475, "AAPL": 0.85, "AMAT": 0.75, "APTV": 0.32499999999999996, "ACGL": 0.5249999999999999, "AJG": 0.475, "T": 0.6749999999999999, "ATO": 0.475, "ADSK": 0.825, "AZO": 0.6, "AVB": 1.0, "AVY": 0.75, "BAC": 0.6749999999999999, "BAX": 0.6, "BDX": 0.575, "BBY": 0.575, "TECH": 0.6749999999999999, "BIIB": 0.75, "BLK": 0.15, "BK": 0.85, "BA": 0.15, "BKNG": 0.4, "BWA": 0.5, "BXP": 0.4, "BSX": 0.49999999999999994, "BMY": 0.475, "BR": 0.32499999999999996, "BRO": 0, "CHRW": 0.32499999999999996, "CDNS": 0.6499999999999999, "CPT": 0.175, "CPB": 0, "COF": 0.85, "CAH": 0.6749999999999999, "KMX": 0.25, "CCL": 0.85, "CTLT": 0.42500000000000004, "CAT": 0.9, "CBOE": 0.6499999999999999, "CBRE": 0.75, "CDW": 0.15, "CE": 0.75, "CNC": 0.35, "CNP": 0.6749999999999999, "CF": 0.75, "CRL": 0.32499999999999996, "SCHW": 0.25, "CHTR": 0.525, "CVX": 0.85, "CHD": 0.5, "CTAS": 0.6499999999999999, "CSCO": 0.35, "CME": 0.15, "CMS": 0.1, "CTSH": 0.42500000000000004, "CL": 0.7000000000000001, "CMCSA": 0.5, "CAG": 0.525, "COP": 0.9, "ED": 0.85, "COO": 0.42500000000000004, "CPRT": 0.175, "GLW": 0.525, "CSGP": 0.35, "COST": 0.32499999999999996, "CTRA": 0.5, "CCI": 0.15, "CSX": 0.35, "CMI": 1.0, "CVS": 0.4, "DHI": 0.75, "DHR": 0.25, "DRI": 0.45, "DVA": 0.6749999999999999, "DAL": 0.5, "DVN": 0.6749999999999999, "DXCM": 0.4, "FANG": 0.25, "DFS": 0.3, "DISH": 0.725, "DG": 0.475, "DLTR": 0.75, "D": 0.625, "DPZ": 0.6, "DOV": 0.25, "DTE": 0.525, "DUK": 0.35, "EMN": 0.25, "ETN": 0.85, "EBAY": 0.6, "ECL": 0.32499999999999996, "EIX": 0.65, "EW": 0.35, "LLY": 0.475, "EMR": 0.5, "ENPH": 0.25, "EOG": 0.15, "EPAM": 0.32499999999999996, "EQT": 0.4, "EFX": 0, "EQIX": 0.42500000000000004, "EQR": 0.7, "ESS": 0.575, "ETSY": 0.32499999999999996, "ES": 0.6, "EXC": 0.6749999999999999, "EXPE": 0.4, "EXR": 0.15, "XOM": 0.75, "FDS": 0.5, "FAST": 0.6749999999999999, "FRT": 0.3, "FDX": 0.6749999999999999, "FSLR": 0.4, "FE": 0.275, "FIS": 0.6749999999999999, "FLT": 0.15, "FMC": 0.15, "FTV": 0.75, "FCX": 0.35, "IT": 0.475, "GEN": 0.85, "GNRC": 0.475, "GD": 0.85, "GE": 0.475, "GPC": 0.75, "GILD": 0.35, "GPN": 0.15, "GS": 0.65, "HAL": 0.6, "HIG": 0.1, "HAS": 0.32499999999999996, "HCA": 0.85, "HSIC": 0.575, "HSY": 0.75, "HES": 0.575, "HPE": 0.85, "HLT": 0.15, "HOLX": 0, "HON": 0.15, "HRL": 0.175, "HST": 0.7, "HPQ": 0.85, "HUM": 0.525, "HBAN": 0.1, "HII": 0.7999999999999999, "IBM": 0.75, "IEX": 0.3, "IDXX": 0.75, "ITW": 0.5, "ILMN": 0.32499999999999996, "INCY": 0.32499999999999996, "IR": 0.5, "INTC": 0.7, "ICE": 0.15, "IFF": 0.575, "IP": 0.35, "INTU": 0.15, "IVZ": 0.85, "IQV": 0.42500000000000004, "IRM": 0.32499999999999996, "JBHT": 0.32499999999999996, "JNJ": 0.175, "JCI": 0.5249999999999999, "JNPR": 0.5, "K": 0.4, "KEYS": 0.42500000000000004, "KMB": 1.0, "KIM": 0.35, "KMI": 0.25, "KLAC": 0.42500000000000004, "KR": 0.4, "LH": 0.4, "LRCX": 1.0, "LW": 0.42500000000000004, "LVS": 0.3, "LDOS": 0.5249999999999999, "LYV": 0.3, "LKQ": 0.5249999999999999, "LMT": 0.32499999999999996, "L": 0.6749999999999999, "LOW": 0.75, "LYB": 0.6499999999999999, "MTB": 0.9, "MRO": 0.7, "MPC": 0.25, "MKTX": 0.5, "MAR": 0.15, "MMC": 0.32499999999999996, "MLM": 0.75, "MAS": 0.7, "MA": 0.32499999999999996, "MTCH": 0.825, "MKC": 0.25, "MCD": 0.45, "MCK": 0.5, "MDT": 0.35, "MRK": 0.6, "MTD": 0.5, "MGM": 0.4, "MCHP": 0.6749999999999999, "MU": 0.85, "MSFT": 0.3, "MHK": 0.65, "MOH": 0.725, "TAP": 0.35, "MCO": 0.32499999999999996, "MSI": 0.42500000000000004, "MSCI": 0.6, "NDAQ": 0.7, "NTAP": 0.25, "NFLX": 0.3, "NEM": 0.35, "NWSA": 0.35, "NWS": 0.35, "NEE": 0.5249999999999999, "NKE": 0.5, "NI": 0.575, "NDSN": 0.4, "NSC": 0.25, "NOC": 0.475, "NCLH": 0.25, "NRG": 0.75, "NUE": 0.6749999999999999, "NVDA": 0.6749999999999999, "NXPI": 1.0, "ORLY": 0.475, "OXY": 0.7, "ODFL": 0.6749999999999999, "OMC": 0.35, "ON": 0.35, "OKE": 0.3, "ORCL": 0.1, "PKG": 0.475, "PH": 0.35, "PAYC": 0.15, "PNR": 0.42500000000000004, "PEP": 0.75, "PKI": 0.25, "PFE": 0.85, "PM": 0.85, "PSX": 0.42500000000000004, "PNW": 0.525, "PXD": 0.6, "POOL": 0.3, "PPG": 0.42500000000000004, "PPL": 0.32499999999999996, "PFG": 0.5, "PG": 0.15, "PLD": 0.725, "PRU": 0.5, "PEG": 0.6499999999999999, "PSA": 0.49999999999999994, "PHM": 0.5, "QRVO": 0.5249999999999999, "QCOM": 0.475, "PWR": 0.35, "DGX": 0.525, "RL": 0.35, "O": 0.6749999999999999, "RSG": 0.1, "RMD": 0.6499999999999999, "RHI": 0.45, "ROK": 0.6, "ROP": 0.25, "ROST": 0.35, "RCL": 0.42500000000000004, "SPGI": 0.5, "CRM": 0.15, "SBAC": 0.42500000000000004, "SLB": 0, "SEE": 0.6, "SRE": 0.85, "NOW": 0.3, "SHW": 0.25, "SNA": 0.6749999999999999, "SO": 0.15, "LUV": 0.6749999999999999, "SWK": 0.65, "SBUX": 0, "STLD": 0.575, "SYK": 0.75, "SYF": 0.475, "SNPS": 0.75, "SYY": 0.6499999999999999, "TMUS": 0.525, "TTWO": 0.32499999999999996, "TPR": 0.85, "TRGP": 0.575, "TEL": 0.85, "TDY": 0.4, "TFX": 0.15, "TSLA": 0.5, "TXN": 0.5, "TXT": 0.6749999999999999, "KO": 0.6499999999999999, "EL": 0.15, "HD": 0.75, "IPG": 0.75, "SJM": 0.825, "TRV": 0.35, "TMO": 0.35, "TJX": 0.425, "TSCO": 0.9, "TDG": 0.575, "TRMB": 0.6, "UDR": 0.175, "UNP": 0.3, "UAL": 0.5, "UPS": 0.15, "URI": 0.4, "UNH": 0.75, "UHS": 0.35, "VLO": 0.4, "VTR": 0.25, "VRSK": 0.6499999999999999, "VZ": 0.175, "VMC": 0.15, "GWW": 0.475, "WAB": 0.25, "WBA": 0.6749999999999999, "WMT": 0.675, "WM": 0.175, "WAT": 0.6499999999999999, "WELL": 0.6749999999999999, "WST": 0.6499999999999999, "WDC": 0.825, "WY": 0.4, "WHR": 0.6749999999999999, "WMB": 0.15, "WTW": 0.85, "WYNN": 0.9, "XEL": 0.42500000000000004, "XYL": 0.49999999999999994, "YUM": 0.7, "ZBRA": 0.75, "ZBH": 0.4, "ZTS": 0.32499999999999996}