{"MMM": 0.6, "AOS": 0.7000000000000001, "ABT": 0.5750000000000001, "ABBV": 0.6749999999999999, "ACN": 0.32499999999999996, "ATVI": 0.32499999999999996, "ADM": 0.5, "ADBE": 0.5, "ADP": 0.15, "AAP": 0.35, "AFL": 0.75, "A": 0.75, "APD": 0.5, "AKAM": 0.5, "ALK": 0.85, "ALB": 0.525, "ARE": 0.85, "ALLE": 0.75, "LNT": 0.475, "ALL": 0.7, "MO": 0.575, "AMZN": 0.5, "AMD": 0.15, "AEE": 0.15, "AAL": 0.6749999999999999, "AEP": 0.32499999999999996, "AIG": 0.5, "AMT": 0.32499999999999996, "AWK": 0.32499999999999996, "ABC": 0.15, "AME": 0.3, "AMGN": 0.6, "APH": 0.6749999999999999, "ADI": 0.75, "AON": 0.32499999999999996, "AAPL": 0.85, "AMAT": 0.75, "APTV": 0.32499999999999996, "ACGL": 0.575, "AJG": 0.32499999999999996, "T": 0.85, "ATO": 0.175, "ADSK": 0.42500000000000004, "AZO": 0.6, "AVB": 0.85, "AVY": 0.49999999999999994, "BAC": 0.6749999999999999, "BAX": 0.6, "BDX": 0.425, "BIO": 0.4, "TECH": 0.6749999999999999, "BIIB": 0.85, "BLK": 0.15, "BK": 0.85, "BA": 0.15, "BKNG": 0.25, "BWA": 0.35, "BXP": 0.25, "BSX": 0.6499999999999999, "BMY": 0.475, "BR": 0.5, "BRO": 0.15, "CHRW": 0.175, "CDNS": 0.7999999999999999, "CPT": 0.32499999999999996, "CPB": 0.175, "COF": 0.85, "CAH": 0.6749999999999999, "KMX": 0.15, "CCL": 1.0, "CTLT": 0.42500000000000004, "CAT": 0.75, "CBOE": 0.6499999999999999, "CBRE": 0.75, "CDW": 0.15, "CE": 0.75, "CNC": 0.5, "CNP": 0.6749999999999999, "CF": 0.75, "CRL": 0.32499999999999996, "SCHW": 0.25, "CHTR": 0.525, "CVX": 0.7000000000000001, "CHD": 0.5, "CTAS": 0.6499999999999999, "CSCO": 0.65, "CME": 0.15, "CMS": 0.25, "CTSH": 0.375, "CL": 0.7000000000000001, "CMCSA": 0.65, "CAG": 0.525, "COP": 0.75, "ED": 0.85, "COO": 0.5, "CPRT": 0.32499999999999996, "GLW": 0.525, "CSGP": 0.5, "COST": 0.475, "CTRA": 0.5, "CCI": 0.15, "CSX": 0.5, "CMI": 0.85, "CVS": 0.25, "DHI": 0.75, "DHR": 0.25, "DRI": 0.6, "DVA": 0.6749999999999999, "DAL": 0.65, "XRAY": 0.25, "DVN": 0.6749999999999999, "DXCM": 0.4, "FANG": 0.25, "DFS": 0.3, "DISH": 0.42500000000000004, "DG": 0.32499999999999996, "DLTR": 0.25, "D": 0.475, "DPZ": 0.6, "DOV": 0.1, "DTE": 0.675, "DUK": 0.35, "EMN": 0.25, "ETN": 0.85, "EBAY": 0.9, "ECL": 0.32499999999999996, "EIX": 0.5, "EW": 0.35, "LLY": 0.32499999999999996, "EMR": 0.5, "ENPH": 0.15, "EOG": 0.15, "EPAM": 0.175, "EQT": 0.4, "EFX": 0.15, "EQIX": 0.42500000000000004, "EQR": 0.75, "ESS": 0.575, "ETSY": 0.175, "ES": 0.6, "EXC": 0.6749999999999999, "EXPE": 0.15, "EXR": 0.15, "XOM": 0.75, "FDS": 0.5, "FAST": 0.825, "FRT": 0.15, "FDX": 0.6749999999999999, "FSLR": 0.4, "FE": 0.42500000000000004, "FIS": 0.6749999999999999, "FLT": 0.15, "FMC": 0, "FTV": 0.75, "FCX": 0.65, "IT": 0.32499999999999996, "GNRC": 0.475, "GD": 0.7, "GE": 0.32499999999999996, "GPC": 0.6, "GILD": 0.5, "GPN": 0.15, "GS": 0.5, "HAL": 0.75, "HIG": 0.25, "HAS": 0.32499999999999996, "HCA": 0.85, "HSIC": 0.42500000000000004, "HSY": 0.6, "HES": 0.475, "HPE": 1.0, "HLT": 0.15, "HOLX": 0.15, "HON": 0.15, "HRL": 0.275, "HST": 0.85, "HPQ": 0.85, "HUM": 0.375, "HBAN": 0.5, "HII": 0.49999999999999994, "IBM": 0.75, "IEX": 0.15, "IDXX": 0.6, "ITW": 0.5, "ILMN": 0.32499999999999996, "INCY": 0.32499999999999996, "IR": 0.5, "INTC": 0.85, "ICE": 0.15, "IFF": 0.42500000000000004, "IP": 0.5, "INTU": 0, "IVZ": 0.85, "INVH": 0.25, "IQV": 0.32499999999999996, "IRM": 0.75, "JBHT": 0.32499999999999996, "JNJ": 0.32499999999999996, "JCI": 0.6749999999999999, "JNPR": 0.65, "K": 0.4, "KEYS": 0.275, "KMB": 0.75, "KIM": 0.35, "KMI": 0.25, "KLAC": 0.575, "KR": 0.4, "LH": 0.25, "LRCX": 0.85, "LW": 0.525, "LVS": 0.3, "LDOS": 0.6749999999999999, "LYV": 0.3, "LKQ": 0.6749999999999999, "LMT": 0.32499999999999996, "L": 0.6749999999999999, "LOW": 0.75, "LYB": 0.6499999999999999, "MTB": 0.85, "MRO": 1.0, "MPC": 0.25, "MKTX": 0.5, "MAR": 0.15, "MMC": 0.32499999999999996, "MLM": 0.75, "MAS": 1.0, "MA": 0.32499999999999996, "MTCH": 0.6749999999999999, "MKC": 0.4, "MCD": 0.6, "MCK": 0.5, "MDT": 0.525, "MRK": 0.75, "MTD": 0.35, "MGM": 0.55, "MCHP": 0.6749999999999999, "MU": 0.85, "MSFT": 0.3, "MHK": 0.5, "MOH": 0.575, "TAP": 0.35, "MCO": 0.32499999999999996, "MSI": 0.42500000000000004, "MSCI": 0.75, "NDAQ": 0.7, "NTAP": 0.25, "NFLX": 0.15, "NWL": 0.65, "NEM": 0.35, "NWSA": 0.5, "NWS": 0.5, "NEE": 0.6749999999999999, "NKE": 0.5, "NI": 0.575, "NDSN": 0.25, "NSC": 0.25, "NOC": 0.32499999999999996, "NCLH": 0.5750000000000001, "NRG": 0.75, "NUE": 0.6749999999999999, "NVDA": 0.6749999999999999, "NXPI": 0.7, "ORLY": 0.175, "OXY": 0.85, "ODFL": 0.6749999999999999, "OMC": 0.6499999999999999, "ON": 0.5, "OKE": 0.15, "ORCL": 0.5, "PKG": 0.475, "PH": 0.35, "PAYC": 0.15, "PNR": 0.42500000000000004, "PEP": 0.6499999999999999, "PKI": 0.25, "PFE": 0.85, "PM": 0.85, "PSX": 0.275, "PNW": 0.525, "PXD": 0.45, "POOL": 0.15, "PPG": 0.42500000000000004, "PPL": 0.575, "PFG": 0.35, "PG": 0.3, "PLD": 0.575, "PRU": 0.35, "PEG": 0.6499999999999999, "PSA": 0.6499999999999999, "PHM": 0.4, "QRVO": 0.4, "QCOM": 0.475, "PWR": 0.35, "DGX": 0.525, "RL": 0.6749999999999999, "O": 0.375, "RSG": 0.25, "RMD": 0.6499999999999999, "RHI": 0.6, "ROK": 0.75, "ROP": 0.25, "ROST": 0.35, "RCL": 0.42500000000000004, "SPGI": 0.5, "CRM": 0.15, "SBAC": 0.42500000000000004, "SLB": 0.35, "SEE": 0.75, "SRE": 0.75, "NOW": 0.3, "SHW": 0.1, "SNA": 0.5249999999999999, "SO": 0.15, "LUV": 0.825, "SWK": 0.5, "SBUX": 0.15, "STLD": 0.6749999999999999, "SYK": 0.75, "SYF": 0.575, "SNPS": 0.75, "SYY": 0.65, "TMUS": 0.525, "TPR": 0.85, "TRGP": 0.475, "TGT": 0.4, "TEL": 0.7, "TDY": 0.1, "TFX": 0.15, "TSLA": 0.5, "TXN": 0.35, "TXT": 0.6749999999999999, "KO": 0.6499999999999999, "EL": 0, "HD": 0.7000000000000001, "IPG": 0.75, "SJM": 0.6749999999999999, "MOS": 0.825, "TRV": 0.15, "TMO": 0.35, "TJX": 0.6, "TSCO": 0.75, "TDG": 0.425, "TRMB": 0.85, "UDR": 0.32499999999999996, "UNP": 0.3, "UAL": 0.5, "UPS": 0.15, "URI": 0.4, "UNH": 0.9, "UHS": 0.5, "VLO": 0.25, "VTR": 0.4, "VRSK": 0.6499999999999999, "VZ": 0.175, "VICI": 0.25, "VMC": 0.15, "GWW": 0.175, "WAB": 0.25, "WBA": 0.6749999999999999, "WMT": 0.4, "WM": 0.32499999999999996, "WAT": 0.6499999999999999, "WELL": 0.6749999999999999, "WST": 0.7999999999999999, "WDC": 0.6749999999999999, "WY": 0.575, "WHR": 0.6749999999999999, "WMB": 0.3, "WYNN": 0.75, "XEL": 0.42500000000000004, "XYL": 0.5, "YUM": 0.85, "ZBRA": 0.75, "ZBH": 0.4, "ZTS": 0.32499999999999996}