{"MMM": 0.6, "AOS": 0.85, "ABT": 0.5, "ACN": 0.65, "ADM": 0.25, "ADBE": 0.32499999999999996, "AFL": 1.0, "A": 1.0, "APD": 0.42500000000000004, "ALK": 0.85, "ALB": 0.35, "ARE": 0.7000000000000001, "LNT": 0.85, "MO": 0.42500000000000004, "AMZN": 0.825, "AEE": 0.4, "AAL": 0.575, "AEP": 0.475, "AIG": 0.25, "AMT": 0.15, "AWK": 0.32499999999999996, "ABC": 0.15, "AME": 0.5, "AMGN": 0.15, "APH": 0.85, "ADI": 0.475, "ANSS": 0.32499999999999996, "AON": 0.35, "AAPL": 0.5, "AMAT": 0, "AJG": 0.475, "T": 0.575, "ATO": 0.3, "ADSK": 0.15, "AZO": 0.6, "AVY": 0.42500000000000004, "BAC": 0.35, "BAX": 0.6749999999999999, "BDX": 0.75, "BBY": 0.5, "BIO": 0.35, "BLK": 0, "BK": 0.825, "BA": 0.15, "BWA": 0.5, "BXP": 0.8500000000000001, "BSX": 0.5, "BMY": 0.5, "BR": 0.75, "BRO": 0.7000000000000001, "CHRW": 0.6499999999999999, "CPB": 0.575, "CAH": 0.3, "KMX": 0.1, "CCL": 0.6749999999999999, "CDW": 0.15, "CE": 0.6499999999999999, "CNC": 0.2, "CNP": 0.42500000000000004, "CF": 0.85, "CRL": 0.9, "SCHW": 0.15, "CVX": 0.85, "CB": 0.6, "CHD": 0.4, "CTAS": 0.675, "CSCO": 0.85, "CLX": 0.175, "CME": 0.275, "CMS": 0, "CL": 0.575, "CMCSA": 0.35, "CMA": 0.4, "CAG": 0.5, "COP": 0.6749999999999999, "ED": 0.85, "COO": 0.42500000000000004, "CPRT": 1.0, "GLW": 0.6749999999999999, "COST": 0, "CCI": 0.3, "CSX": 0.6749999999999999, "CMI": 0.75, "DHI": 0.42500000000000004, "DHR": 0.42500000000000004, "DRI": 0.35, "DVA": 0.575, "DAL": 0.25, "XRAY": 0.6499999999999999, "DVN": 0.4, "DXCM": 0.575, "DISH": 0.175, "DG": 0.32499999999999996, "DLTR": 0.5, "D": 0.44999999999999996, "DPZ": 0.6, "DOV": 0.525, "DTE": 0.525, "DUK": 0.25, "EMN": 0.25, "EBAY": 0.5, "ECL": 0.5, "EA": 0.75, "LLY": 0.75, "EMR": 0.75, "ETR": 0.375, "EOG": 0.525, "EQT": 0.32499999999999996, "EFX": 0.32499999999999996, "EQIX": 0.5750000000000001, "EQR": 0.425, "ESS": 0.475, "EXC": 0.35, "EXPE": 0.15, "EXR": 0.1, "XOM": 0.75, "FRT": 0.3, "FDX": 0.35, "FSLR": 0.25, "FE": 0.575, "FIS": 0.35, "FISV": 0.5, "FLT": 0, "FMC": 0.32499999999999996, "IT": 0.475, "GNRC": 0.32499999999999996, "GD": 0.4, "GIS": 0.25, "GPC": 0.9, "GILD": 0.5, "GPN": 0.35, "HAL": 0.35, "HIG": 0.25, "HAS": 0.32499999999999996, "HCA": 0.525, "HSIC": 0.575, "HSY": 0.5, "HES": 0.85, "HOLX": 0.4, "HON": 0.15, "HRL": 0.85, "HPQ": 0.85, "HUM": 0.35, "HII": 0.25, "IBM": 0.75, "IEX": 0.25, "IDXX": 0.32499999999999996, "ITW": 0.75, "ILMN": 0.32499999999999996, "INCY": 0.6, "INTC": 0.85, "IFF": 0.75, "IP": 0.42500000000000004, "IVZ": 0.75, "IRM": 0.25, "JBHT": 0.5, "JKHY": 0.32499999999999996, "JNJ": 0.5, "JCI": 0.6499999999999999, "JNPR": 0.42500000000000004, "K": 0.475, "KMB": 0.75, "KLAC": 0.25, "KR": 0.725, "LH": 0.42500000000000004, "LRCX": 0.42500000000000004, "LVS": 0.6499999999999999, "LDOS": 0.475, "LYV": 0.4, "LKQ": 0.15, "LMT": 0.32499999999999996, "L": 0.575, "LOW": 0.75, "MTB": 0.425, "MRO": 0.6749999999999999, "MPC": 0.35, "MAR": 0.75, "MMC": 0.9, "MLM": 0.6499999999999999, "MAS": 0.3, "MKC": 0.725, "MCD": 0.175, "MCK": 0.15, "MRK": 0.75, "MET": 0.25, "MTD": 0.5, "MGM": 0.4, "MU": 0.85, "MSFT": 0.25, "MAA": 0.7, "MHK": 0.2, "MOH": 0.5, "TAP": 0.525, "MDLZ": 0.4, "MCO": 0.32499999999999996, "MSI": 0.32499999999999996, "MSCI": 0.5, "NDAQ": 0.85, "NTAP": 0.15, "NFLX": 0.35, "NWL": 0.575, "NEM": 0.825, "NEE": 0.85, "NKE": 0.5249999999999999, "NI": 0.2, "NDSN": 0.42500000000000004, "NSC": 0.25, "NOC": 0.4, "NRG": 0.575, "NUE": 0.42500000000000004, "NXPI": 0.575, "ORLY": 0.32499999999999996, "OXY": 0.75, "ODFL": 0.6, "OMC": 0.32499999999999996, "OKE": 0.15, "ORCL": 0.75, "PKG": 0.32499999999999996, "PH": 0.85, "PNR": 0.5, "PEP": 0.6, "PKI": 0.4, "PFE": 0.7, "PM": 0.7000000000000001, "PNW": 0.75, "PXD": 0.15, "POOL": 0.3, "PPG": 0.6749999999999999, "PFG": 0.4, "PG": 0.25, "PGR": 0.75, "PLD": 0.425, "PTC": 0.5, "PEG": 0.6, "PSA": 0.6499999999999999, "PWR": 0.6749999999999999, "DGX": 0.35, "RL": 0.75, "RJF": 0.825, "REGN": 0.475, "RSG": 0.35, "RMD": 0.75, "RHI": 0.6, "ROK": 0.175, "ROST": 0.75, "RCL": 0.575, "SBAC": 0.4, "SLB": 0.6499999999999999, "STX": 0.75, "SEE": 0.4, "SRE": 0.475, "SHW": 0.4, "SPG": 0.15, "SNA": 0.525, "SO": 0.6499999999999999, "LUV": 0.42500000000000004, "SWK": 0.85, "SBUX": 0.32499999999999996, "STLD": 0.4, "SYK": 0.42500000000000004, "SIVB": 0.32499999999999996, "SNPS": 0.825, "SYY": 0.15, "TMUS": 0.32499999999999996, "TTWO": 0.5, "TRGP": 0.15, "TEL": 0.85, "TDY": 0.575, "TFX": 0.42500000000000004, "TER": 0.4, "TSLA": 0.575, "TXN": 0.45, "TXT": 0.5, "KO": 0.6499999999999999, "EL": 0, "HD": 0.42500000000000004, "IPG": 0.575, "SJM": 0.7, "MOS": 0.7, "TRV": 0.35, "TMO": 0.25, "TJX": 0.75, "TDG": 0.6749999999999999, "TRMB": 0.25, "USB": 0.75, "UDR": 0.85, "UAL": 0.475, "UPS": 0.4, "URI": 0.3, "UNH": 0.575, "VLO": 0.25, "VTR": 0.7000000000000001, "VRSN": 0.6, "VRSK": 0.49999999999999994, "VZ": 0.6749999999999999, "VFC": 0.6749999999999999, "VMC": 0.25, "GWW": 0.32499999999999996, "WAB": 0.575, "WMT": 0.85, "WM": 0.525, "WEC": 0.75, "WST": 0.85, "WDC": 0.4, "WHR": 0.35, "WMB": 0.15, "WTW": 0.4, "WYNN": 0.25, "XEL": 0, "XYL": 0.25, "YUM": 0.5}