{"MMM": 0.42500000000000004, "AOS": 0.75, "ABT": 0.32499999999999996, "ABBV": 0.6749999999999999, "ACN": 0.175, "ATVI": 0.32499999999999996, "ADM": 0.825, "ADBE": 0.35, "ADP": 0, "AAP": 0.525, "AES": 0.55, "AFL": 0.85, "A": 0.9, "APD": 0.35, "AKAM": 0.35, "ALK": 0.85, "ALB": 0.35, "ARE": 0.6, "ALGN": 0.6499999999999999, "ALLE": 0.75, "LNT": 0.7999999999999999, "ALL": 0.6, "MO": 0.55, "AMZN": 0.6749999999999999, "AMD": 0.15, "AEE": 0.15, "AAL": 0.65, "AEP": 0.32499999999999996, "AXP": 0.32499999999999996, "AMT": 0.175, "AWK": 0, "ABC": 0.15, "AME": 0.25, "AMGN": 0.6, "APH": 0.65, "ADI": 0.75, "ANSS": 0.6499999999999999, "AON": 0.5, "AAPL": 0.825, "AMAT": 0.6, "APTV": 0.15, "ACGL": 0.9, "ANET": 0.6749999999999999, "AJG": 0.32499999999999996, "AIZ": 0.25, "T": 0.35, "ATO": 0, "ADSK": 0.25, "AZO": 0.75, "AVB": 0.35, "AVY": 0.49999999999999994, "BAC": 0.825, "BAX": 0.4, "BDX": 0.1, "BBY": 0.75, "BIO": 0.75, "TECH": 0.525, "BIIB": 0.75, "BLK": 0.175, "BK": 0.6749999999999999, "BA": 0.4, "BKNG": 0.45, "BWA": 0.5, "BXP": 0.25, "BSX": 0.9, "BMY": 0.4, "AVGO": 0.375, "BR": 0.32499999999999996, "BRO": 0.32499999999999996, "CHRW": 0.32499999999999996, "CDNS": 0.6499999999999999, "CZR": 0.575, "CPT": 0.275, "CPB": 0.4, "COF": 0.85, "CAH": 0.35, "KMX": 0.15, "CCL": 0.85, "CTLT": 0.25, "CAT": 0.75, "CBOE": 0.35, "CBRE": 0.7, "CDW": 0.15, "CE": 0.75, "CNC": 0.35, "CNP": 1.0, "CDAY": 0.25, "CF": 0.5750000000000001, "CRL": 0.42500000000000004, "SCHW": 0.25, "CHTR": 0, "CVX": 0.275, "CMG": 0, "CHD": 0.6499999999999999, "CI": 0.5249999999999999, "CTAS": 0.75, "CSCO": 0.32499999999999996, "C": 0.5, "CLX": 0.5, "CME": 0, "CMS": 0.32499999999999996, "CTSH": 0.5750000000000001, "CL": 0.5, "CMCSA": 0.42500000000000004, "CMA": 0.5, "CAG": 0.35, "COP": 0.75, "ED": 0.7, "COO": 0.42500000000000004, "CPRT": 0.65, "GLW": 1.0, "CSGP": 0.825, "COST": 0.32499999999999996, "CTRA": 0.85, "CCI": 0.32499999999999996, "CSX": 0.5, "CMI": 0.7, "CVS": 0.4, "DHI": 0.725, "DHR": 0.575, "DRI": 0.575, "DVA": 0.575, "DAL": 0.5, "XRAY": 0.4, "DVN": 0.825, "DXCM": 0.32499999999999996, "FANG": 0.4, "DFS": 0.4, "DISH": 0.575, "DG": 0.32499999999999996, "DLTR": 0.32499999999999996, "D": 0.45, "DPZ": 0.42500000000000004, "DOV": 0.1, "DTE": 0.25, "DUK": 0.7, "DD": 0.675, "DXC": 1.0, "EMN": 0.25, "ETN": 0.85, "EBAY": 0.6, "ECL": 0.5, "EIX": 0.5, "EW": 0.825, "LLY": 0.75, "EMR": 0.725, "ENPH": 0.625, "ETR": 0.85, "EOG": 0.6, "EPAM": 0.175, "EQT": 0.4, "EFX": 0.32499999999999996, "EQIX": 0.15, "EQR": 0.6, "ESS": 0.42500000000000004, "ETSY": 0.475, "EVRG": 0.25, "ES": 0, "EXC": 1.0, "EXPE": 0.25, "EXPD": 0.32499999999999996, "EXR": 0.32499999999999996, "XOM": 0.6, "FDS": 0.175, "FAST": 0.6, "FRT": 0.475, "FDX": 0.5, "FSLR": 0.725, "FE": 0.4, "FIS": 0.2, "FISV": 0.1, "FLT": 0.35, "FMC": 0.3, "F": 0.5, "FTNT": 0.6749999999999999, "FTV": 0.42500000000000004, "BEN": 1.0, "FCX": 0.675, "GRMN": 0.475, "IT": 0.4, "GNRC": 0.475, "GD": 0.85, "GE": 0.15, "GIS": 0.5, "GM": 0.65, "GPC": 0.32499999999999996, "GILD": 0.6499999999999999, "GPN": 0.25, "GL": 0.275, "GS": 0.5, "HAL": 0.55, "HIG": 0.55, "HAS": 0.3, "HCA": 0.6749999999999999, "PEAK": 0.675, "HSIC": 0.725, "HSY": 0.175, "HES": 0.425, "HPE": 0.6749999999999999, "HLT": 0.25, "HOLX": 0.3, "HON": 0.175, "HRL": 0.42500000000000004, "HST": 0.825, "HPQ": 1.0, "HUM": 0.2, "HBAN": 0.5750000000000001, "HII": 0.475, "IBM": 0.85, "IEX": 0.175, "IDXX": 0.35, "ITW": 0.32499999999999996, "ILMN": 0.32499999999999996, "INCY": 0.32499999999999996, "IR": 0.6749999999999999, "INTC": 0.85, "ICE": 0.32499999999999996, "IFF": 0.75, "IP": 0.525, "INTU": 0.3, "ISRG": 0.6749999999999999, "IVZ": 1.0, "INVH": 0.42500000000000004, "IQV": 0.42500000000000004, "IRM": 0.5750000000000001, "JBHT": 0.6, "JKHY": 0.15, "J": 0.25, "JNJ": 0.35, "JCI": 1.0, "JPM": 0.6, "JNPR": 0.6749999999999999, "K": 0.25, "KEYS": 0.575, "KMB": 0.85, "KIM": 0.65, "KMI": 0.32499999999999996, "KLAC": 0.175, "KR": 0.25, "LHX": 0.25, "LH": 0.42500000000000004, "LRCX": 0.6, "LW": 0.85, "LVS": 0.475, "LDOS": 0.75, "LIN": 0.275, "LYV": 0.15, "LKQ": 0.85, "LMT": 0.175, "L": 0.42500000000000004, "LOW": 0.6, "LYB": 0.75, "MTB": 0.85, "MRO": 0.8500000000000001, "MPC": 0.25, "MKTX": 0.5, "MAR": 0.15, "MMC": 0.5, "MLM": 0.49999999999999994, "MAS": 1.0, "MA": 0.32499999999999996, "MTCH": 0.6749999999999999, "MKC": 0.425, "MCD": 0.45, "MCK": 0.35, "MDT": 0.35, "MRK": 0.75, "MET": 0.5, "MTD": 0.5, "MGM": 0.825, "MCHP": 0.825, "MU": 0.675, "MSFT": 0.5, "MRNA": 0.4, "MHK": 0.5, "TAP": 0.5, "MDLZ": 0.25, "MNST": 0.6499999999999999, "MCO": 0.175, "MSI": 0.525, "MSCI": 0.42500000000000004, "NDAQ": 0.75, "NTAP": 0.75, "NFLX": 0.5, "NWL": 0.525, "NEM": 0.32499999999999996, "NWSA": 0.825, "NWS": 0.825, "NEE": 0.6749999999999999, "NKE": 0.6499999999999999, "NI": 0.5, "NDSN": 0.45, "NSC": 0.1, "NOC": 0.15, "NCLH": 0.5, "NRG": 0.6499999999999999, "NUE": 0.35, "NVDA": 0.6749999999999999, "NXPI": 0.525, "ORLY": 0.175, "OXY": 0.4, "ODFL": 0.6, "OMC": 0.475, "ON": 0.675, "OKE": 0.32499999999999996, "ORCL": 0.75, "PKG": 0.475, "PH": 0.5, "PAYX": 0, "PAYC": 0.15, "PYPL": 0, "PNR": 0.725, "PEP": 0.5, "PKI": 0.4, "PFE": 0.85, "PM": 0.7000000000000001, "PSX": 0, "PNW": 0.42500000000000004, "PXD": 0.45, "POOL": 0.49999999999999994, "PPG": 0.42500000000000004, "PPL": 0.725, "PFG": 0.4, "PG": 0.25, "PLD": 0.475, "PRU": 0.5, "PTC": 0.44999999999999996, "PEG": 0.725, "PSA": 0.49999999999999994, "PHM": 0.825, "QCOM": 0.6499999999999999, "PWR": 0.85, "DGX": 0.5, "RL": 0.6749999999999999, "O": 0.575, "RSG": 0.5750000000000001, "RMD": 0.35, "ROK": 0, "ROL": 0.5, "ROP": 0.6, "ROST": 0.35, "RCL": 0.6749999999999999, "SPGI": 0.175, "CRM": 0.4, "SBAC": 0.25, "SLB": 0.65, "STX": 0.75, "SEE": 0.575, "SRE": 0.7000000000000001, "NOW": 0.35, "SHW": 0.4, "SNA": 0.6749999999999999, "SEDG": 0.75, "SO": 0.1, "LUV": 0.825, "SWK": 0.35, "SBUX": 0.6, "STLD": 0.575, "SYK": 0.25, "SYF": 0.65, "SNPS": 0.575, "SYY": 0.475, "TMUS": 0.42500000000000004, "TPR": 0.65, "TRGP": 0.4, "TGT": 0.15, "TEL": 0.5, "TDY": 0.1, "TFX": 0.15, "TER": 0.5, "TSLA": 0.35, "TXN": 0.32499999999999996, "TXT": 0.825, "KO": 0.6499999999999999, "EL": 0.32499999999999996, "HD": 0.45, "IPG": 0.85, "SJM": 0.525, "MOS": 0.65, "TRV": 0, "TMO": 0.25, "TJX": 0.6, "TSCO": 0.6499999999999999, "TDG": 0.6749999999999999, "TRMB": 0.825, "TFC": 0.55, "TYL": 0, "UDR": 0.7999999999999999, "ULTA": 0.5, "UNP": 0.175, "UAL": 0.6749999999999999, "UPS": 0.3, "URI": 0.25, "UNH": 0.75, "UHS": 0.6749999999999999, "VLO": 0.175, "VTR": 0.525, "VRSK": 0.5, "VZ": 0.6, "VRTX": 0.32499999999999996, "VICI": 0.4, "VMC": 0, "GWW": 0.175, "WAB": 0.42500000000000004, "WBA": 0.825, "WMT": 0.525, "WM": 0.15, "WAT": 0.75, "WFC": 1.0, "WELL": 0.6749999999999999, "WST": 0.6499999999999999, "WDC": 0.825, "WRK": 0.5, "WHR": 0.5, "WMB": 0.5, "WYNN": 0.25, "XEL": 0.25, "XYL": 0.3, "ZBRA": 0.6, "ZBH": 0.525, "ZTS": 0.5}