{"MMM": 0.4, "AOS": 0.25, "ABT": 0.425, "ABBV": 0.42500000000000004, "ACN": 0.5, "ATVI": 0.3, "ADM": 0.4, "ADBE": 0.32499999999999996, "ADP": 0.32499999999999996, "AAP": 0.35, "AFL": 0.85, "A": 0.55, "APD": 0.15, "AKAM": 0.525, "ALK": 0.85, "ALB": 0.6749999999999999, "ARE": 0.4, "ALLE": 0.575, "LNT": 0.5, "ALL": 0.75, "MO": 0.6, "AMZN": 0.6749999999999999, "AMD": 0.32499999999999996, "AEE": 0.3, "AAL": 0.275, "AEP": 0.6, "AIG": 0.5, "AMT": 0.475, "AWK": 0.15, "ABC": 0.3, "AME": 0.6, "AMGN": 0.55, "APH": 0.5, "ADI": 0.75, "AON": 0.3, "AAPL": 0.85, "AMAT": 0.575, "APTV": 0.15, "ACGL": 0.85, "AJG": 0.15, "T": 0.85, "ATO": 0.3, "ADSK": 0.6749999999999999, "AZO": 0.575, "AVB": 0.85, "AVY": 0.3, "BAX": 0.25, "BDX": 0.15, "BBY": 0.42500000000000004, "BIO": 0.42500000000000004, "BIIB": 0.725, "BLK": 0.32499999999999996, "BK": 0.85, "BA": 0.5, "BKNG": 0.4, "BWA": 0.5, "BXP": 0.4, "BSX": 0.175, "BMY": 0.3, "BR": 0.5, "BRO": 0.49999999999999994, "CHRW": 0.475, "CDNS": 0.5, "CZR": 0.4, "CPT": 0.25, "CPB": 0.75, "COF": 0.65, "CAH": 0.6749999999999999, "KMX": 0.25, "CCL": 0.85, "CTLT": 0.6, "CBRE": 0.75, "CDW": 0.5, "CE": 0.75, "CNC": 0.7000000000000001, "CNP": 0.75, "CF": 0.7000000000000001, "CRL": 0.175, "SCHW": 0.15, "CHTR": 0.85, "CVX": 0.7000000000000001, "CHD": 0.475, "CTAS": 0.75, "CSCO": 0.25, "CMS": 0.4, "CTSH": 0.4, "CL": 0.42500000000000004, "CMCSA": 0.49999999999999994, "CAG": 0.525, "COP": 0.3, "ED": 0.85, "COO": 0.5750000000000001, "CPRT": 0.175, "GLW": 0.35, "CSGP": 0.35, "COST": 0.32499999999999996, "CCI": 0.15, "CSX": 0.7, "CMI": 0.85, "CVS": 0.85, "DHI": 0.25, "DHR": 0.275, "DRI": 0.6, "DVA": 0.42500000000000004, "DAL": 0.525, "XRAY": 0.5, "DVN": 0.25, "DXCM": 0.4, "FANG": 0.42500000000000004, "DFS": 0.15, "DISH": 0.75, "DG": 0.6499999999999999, "DLTR": 0.85, "D": 0.5, "DPZ": 0.42500000000000004, "DOV": 0.85, "DTE": 0.42500000000000004, "DUK": 0.25, "EMN": 0.35, "ETN": 0.7, "EBAY": 0.4, "ECL": 0.32499999999999996, "EIX": 0.7000000000000001, "EW": 0.6749999999999999, "LLY": 0.3, "EMR": 0.15, "ENPH": 0.4, "ETR": 0.825, "EOG": 0.35, "EPAM": 0.3, "EQT": 0.85, "EFX": 0.32499999999999996, "EQIX": 0.25, "EQR": 0.85, "ESS": 0.85, "ES": 0.42500000000000004, "EXC": 0.7, "EXPE": 0.35, "EXR": 0.475, "XOM": 0.7, "FDS": 0.5, "FAST": 0.525, "FRT": 0.15, "FDX": 0.525, "FSLR": 0.5, "FE": 0.4, "FIS": 0.85, "FLT": 0.32499999999999996, "FMC": 0.5, "F": 0.6749999999999999, "FTV": 0.175, "FCX": 0.6749999999999999, "GNRC": 0.475, "GD": 0.575, "GE": 0.4, "GPC": 0.575, "GILD": 0.4, "GPN": 0.32499999999999996, "GS": 0.825, "HAL": 0.575, "HIG": 0.6749999999999999, "HAS": 0.44999999999999996, "HCA": 0.7000000000000001, "HSIC": 0.4, "HSY": 0.5, "HES": 0.5, "HPE": 0.525, "HLT": 0.6499999999999999, "HOLX": 0.7000000000000001, "HON": 0.3, "HRL": 0.32499999999999996, "HST": 0.85, "HUM": 0.25, "HBAN": 0.175, "HII": 0.3, "IBM": 0.75, "IEX": 0.3, "IDXX": 0.5750000000000001, "ITW": 0.3, "ILMN": 0.32499999999999996, "INCY": 0.4, "INTC": 0.85, "ICE": 0.32499999999999996, "IFF": 0.32499999999999996, "IP": 0.6749999999999999, "INTU": 0.15, "IVZ": 0.85, "IQV": 0.6, "IRM": 0, "JBHT": 0.6499999999999999, "JNJ": 0.625, "JCI": 0.6749999999999999, "JNPR": 0.5, "K": 0.425, "KEYS": 0.15, "KMB": 0.75, "KIM": 0.35, "KMI": 0.5, "KLAC": 0.42500000000000004, "KHC": 0.85, "KR": 0.3, "LH": 0.85, "LRCX": 0.85, "LW": 0.42500000000000004, "LVS": 0.6499999999999999, "LDOS": 0.85, "LYV": 0.32499999999999996, "LKQ": 0.1, "LMT": 0.55, "L": 0.525, "LOW": 0.75, "LYB": 0.6499999999999999, "MTB": 0.575, "MRO": 0.5, "MPC": 0.5, "MAR": 0.32499999999999996, "MMC": 0.15, "MLM": 0.6749999999999999, "MAS": 0.35, "MA": 0.32499999999999996, "MTCH": 0.35, "MKC": 0.575, "MCD": 0.25, "MCK": 0.5, "MDT": 0.525, "MRK": 0.6, "MTD": 0.5, "MGM": 0.75, "MCHP": 0.85, "MU": 0.85, "MSFT": 0.32499999999999996, "MHK": 0.35, "MOH": 0.4, "TAP": 0.5, "MCO": 0.42500000000000004, "MSI": 0.4, "MSCI": 0.32499999999999996, "NDAQ": 0.7, "NTAP": 0.25, "NFLX": 0.15, "NWL": 0.85, "NEM": 0.4, "NWSA": 0.5, "NWS": 0.4, "NEE": 0.85, "NKE": 0.65, "NI": 0.25, "NDSN": 0.42500000000000004, "NSC": 0.75, "NOC": 0.15, "NCLH": 0.25, "NRG": 0.4, "NUE": 0.525, "NVDA": 0.575, "NXPI": 0.85, "ORLY": 0.5, "OXY": 0.6, "ODFL": 0.6, "OMC": 0.15, "ON": 0.85, "OKE": 0.15, "ORCL": 0.6749999999999999, "PKG": 0.5, "PH": 0.35, "PNR": 0.575, "PEP": 0.575, "PKI": 0.575, "PFE": 0.85, "PM": 0.35, "PSX": 0.475, "PNW": 0.35, "PXD": 0.5, "POOL": 0.15, "PPG": 0.25, "PPL": 0.25, "PFG": 0.6749999999999999, "PG": 0.25, "PGR": 0.5, "PLD": 0.6, "PRU": 0.5, "PEG": 0.85, "PSA": 0.6499999999999999, "QRVO": 0.6749999999999999, "QCOM": 0.25, "PWR": 0.35, "DGX": 0.7000000000000001, "RL": 0.35, "RSG": 0.6, "RMD": 0.5, "RHI": 0.15, "ROK": 0.32499999999999996, "ROP": 0.65, "ROST": 0.5, "RCL": 0.42500000000000004, "SPGI": 0.5, "CRM": 0.15, "SBAC": 0.25, "SLB": 0.6749999999999999, "SEE": 0.3, "SRE": 0.55, "NOW": 0.3, "SHW": 0.75, "SNA": 0.35, "SO": 0.6, "LUV": 0.85, "SWK": 0.525, "SBUX": 0.175, "STLD": 0.42500000000000004, "SYK": 0.3, "SYF": 0.15, "SNPS": 0.6, "SYY": 0.32499999999999996, "TMUS": 0.7000000000000001, "TTWO": 0.15, "TPR": 0.6, "TRGP": 0.4, "TEL": 0.525, "TDY": 0.25, "TFX": 0.3, "TSLA": 0.575, "TXN": 0.32499999999999996, "TXT": 0.35, "KO": 0.15, "EL": 0.15, "HD": 0.6, "IPG": 0.275, "SJM": 0.85, "MOS": 0.5, "TRV": 0.25, "TMO": 0.42500000000000004, "TJX": 0.75, "TSCO": 0.75, "TDG": 0.85, "TRMB": 0.3, "UDR": 0.6, "UNP": 0.7999999999999999, "UAL": 0.6749999999999999, "UPS": 0.15, "URI": 0.9, "UNH": 0.75, "UHS": 0.7000000000000001, "VLO": 0.42500000000000004, "VTR": 0.85, "VRSK": 0.6499999999999999, "VZ": 0.75, "VMC": 0.6, "GWW": 0.3, "WAB": 0.42500000000000004, "WBA": 0.675, "WMT": 0.525, "WM": 0.35, "WAT": 0.3, "WEC": 0.5, "WELL": 0.85, "WST": 0.5, "WDC": 0.85, "WY": 0.15, "WHR": 0.5, "WMB": 0.625, "WTW": 0.35, "WYNN": 0.75, "XEL": 0.32499999999999996, "XYL": 0.3, "ZBRA": 0.42500000000000004, "ZBH": 1.0, "ZTS": 0.32499999999999996}