{"MMM": 0.75, "AOS": 0.75, "ABT": 0.32499999999999996, "ABBV": 0.25, "ACN": 0.15, "ATVI": 0.32499999999999996, "ADM": 0.5, "ADBE": 0.5, "ADP": 0.15, "AAP": 0.25, "AES": 0.15, "AFL": 0.575, "A": 0.5, "APD": 0.5, "AKAM": 0.6749999999999999, "ALK": 0.5, "ALB": 0.15, "ARE": 0.25, "ALGN": 0.5, "ALLE": 0.6499999999999999, "LNT": 0.6499999999999999, "ALL": 0.15, "MO": 0.5, "AMZN": 0.85, "AMCR": 0.4, "AMD": 0.5, "AEE": 0.65, "AAL": 0.25, "AEP": 0.575, "AXP": 0.5, "AMT": 0.5, "AWK": 0.475, "ABC": 0.4, "AME": 0.6, "AMGN": 0.75, "APH": 0.6749999999999999, "ADI": 0.25, "ANSS": 0.25, "AON": 0.5, "AAPL": 0.6499999999999999, "AMAT": 0.75, "APTV": 0, "ANET": 0.32499999999999996, "AJG": 0.5, "T": 0.5249999999999999, "ATO": 0.75, "ADSK": 0.32499999999999996, "AZO": 0.85, "AVB": 1.0, "AVY": 0.6499999999999999, "BAC": 0.5, "BBWI": 0.7000000000000001, "BAX": 0.25, "BDX": 0.25, "BBY": 0.75, "BIO": 0.4, "TECH": 0.675, "BIIB": 0.5, "BLK": 0.5, "BK": 0.5, "BA": 0.5, "BKNG": 0.32499999999999996, "BWA": 0.35, "BXP": 0.6749999999999999, "BSX": 0.25, "BMY": 0.5249999999999999, "AVGO": 0.15, "BR": 0.15, "BRO": 0.5, "CHRW": 0.725, "CDNS": 0.5, "CZR": 0.4, "CPT": 0.5, "CPB": 0.6749999999999999, "COF": 0.85, "CAH": 0.25, "KMX": 0.15, "CCL": 0.5, "CARR": 0.4, "CTLT": 0.25, "CAT": 0.575, "CBOE": 0.35, "CBRE": 0.75, "CDW": 0.575, "CE": 0.85, "CNC": 0.25, "CNP": 0.5249999999999999, "CDAY": 0.4, "CF": 0.9, "CRL": 0.32499999999999996, "SCHW": 0.3, "CHTR": 0.575, "CVX": 0.8500000000000001, "CMG": 0.5, "CHD": 0.5, "CI": 0.65, "CTAS": 0.5, "CSCO": 0.85, "C": 0.35, "CFG": 0.6749999999999999, "CLX": 0.32499999999999996, "CME": 0.3, "CMS": 0.15, "CTSH": 0.85, "CL": 0.5, "CMCSA": 0.7, "CAG": 0.5, "COP": 0.9, "ED": 0.35, "COO": 0.75, "CPRT": 0.5249999999999999, "GLW": 0.6749999999999999, "CTVA": 0.35, "CSGP": 0.25, "COST": 0.5, "CTRA": 0.6749999999999999, "CCI": 0.15, "CSX": 0.15, "CMI": 0.85, "CVS": 0.5, "DHI": 0.85, "DHR": 0.65, "DRI": 0.15, "DVA": 0.4, "DAL": 0.275, "XRAY": 0.5, "DVN": 0.75, "DXCM": 0.15, "FANG": 1.0, "DFS": 0.75, "DISH": 0.25, "DIS": 0.32499999999999996, "DG": 0.5, "DLTR": 0.15, "D": 0.575, "DPZ": 0.6, "DOV": 0.6499999999999999, "DOW": 0.7, "DTE": 0.475, "DUK": 0.4, "DD": 0.85, "DXC": 0.6749999999999999, "EMN": 0.25, "ETN": 0.42500000000000004, "EBAY": 0.6749999999999999, "ECL": 0.32499999999999996, "EIX": 0.25, "EW": 0.5, "EA": 0.32499999999999996, "LLY": 0.5, "EMR": 0.15, "ENPH": 0.15, "EOG": 0.75, "EPAM": 0.6, "EQT": 0.575, "EFX": 0.32499999999999996, "EQIX": 0.15, "EQR": 0.85, "ESS": 0.75, "ETSY": 0.5, "EVRG": 0.7, "ES": 0.6, "EXC": 0.375, "EXPE": 0.3, "EXPD": 0.575, "EXR": 0.575, "XOM": 0.6749999999999999, "FFIV": 0.42500000000000004, "FDS": 0.5, "FAST": 0.5, "FRT": 0.75, "FDX": 0.65, "FSLR": 0.5, "FE": 0.6, "FIS": 0.2, "FISV": 0.35, "FLT": 0.25, "FMC": 0.15, "F": 0.65, "FTNT": 0.575, "FTV": 0.42500000000000004, "BEN": 0.85, "FCX": 0.575, "GRMN": 0.5, "IT": 0.6499999999999999, "GNRC": 0.475, "GD": 0.5, "GE": 0.4, "GIS": 0.35, "GM": 0.5, "GPC": 0.3, "GILD": 0.85, "GPN": 0.2, "GL": 0.6, "GS": 0.5, "HAL": 0.175, "HCA": 0.85, "PEAK": 0.1, "HSIC": 0.5249999999999999, "HSY": 0.5, "HES": 0.32499999999999996, "HPE": 0.5, "HLT": 0.42500000000000004, "HOLX": 0.7, "HON": 0.6499999999999999, "HRL": 0.6, "HST": 0.4, "HWM": 0.1, "HPQ": 0.85, "HUM": 0.5, "HBAN": 0.25, "HII": 0.5, "IBM": 0.6749999999999999, "IEX": 0.5, "IDXX": 0.5, "ITW": 0.6499999999999999, "ILMN": 0.32499999999999996, "INCY": 0.475, "IR": 0.25, "INTC": 0.85, "ICE": 0.25, "IFF": 0.1, "IP": 0.2, "INTU": 0.35, "ISRG": 0.32499999999999996, "IVZ": 0.5249999999999999, "INVH": 0.25, "IQV": 0.175, "IRM": 0.25, "JBHT": 0.6, "JKHY": 0.5, "J": 0.25, "DE": 0.475, "JNJ": 0.75, "JCI": 0.2, "JPM": 0.5, "JNPR": 0.2, "K": 0.425, "KDP": 0.4, "KEY": 0.5, "KEYS": 0.75, "KMB": 0.6499999999999999, "KMI": 0.1, "KLAC": 0.3, "KHC": 0.35, "KR": 0.5, "LHX": 0.35, "LH": 0.85, "LRCX": 0.75, "LW": 0.6, "LVS": 0.15, "LDOS": 0.5, "LIN": 0.32499999999999996, "LYV": 0.65, "LKQ": 0.6749999999999999, "LMT": 0.75, "L": 0.6749999999999999, "LOW": 0.85, "LUMN": 0.35, "LYB": 1.0, "MTB": 0.5, "MRO": 0.5249999999999999, "MPC": 0.85, "MAR": 0.15, "MMC": 0.5, "MLM": 0.4, "MAS": 0.525, "MA": 0.5, "MTCH": 0.6, "MKC": 0, "MCD": 0.6, "MCK": 0.35, "MDT": 0.25, "MRK": 0.425, "MET": 0.5, "MTD": 0.5, "MGM": 0.5, "MCHP": 0.675, "MU": 0.85, "MSFT": 0.5, "MAA": 0.42500000000000004, "MRNA": 0.9, "MHK": 0.6749999999999999, "MOH": 0.25, "TAP": 0.65, "MDLZ": 0.4, "MCO": 0.5, "MS": 0.3, "MSI": 0.6749999999999999, "MSCI": 0.45, "NDAQ": 0.75, "NTAP": 0.4, "NFLX": 0.5, "NWL": 0.5, "NEM": 0.25, "NWSA": 0.4, "NWS": 0.25, "NEE": 0.65, "NKE": 0.32499999999999996, "NI": 0.5249999999999999, "NDSN": 0.5, "NSC": 1.0, "NOC": 0.75, "NCLH": 0.3, "NRG": 0.75, "NUE": 0.6749999999999999, "NVDA": 0.32499999999999996, "NXPI": 0.85, "ORLY": 0.5750000000000001, "OXY": 0.42500000000000004, "ODFL": 0.5, "OMC": 0.75, "ON": 0.6749999999999999, "ORCL": 0.75, "OTIS": 0.42500000000000004, "PKG": 0.75, "PARA": 0.6749999999999999, "PH": 0.6749999999999999, "PAYX": 0.5, "PAYC": 0.15, "PYPL": 0.4, "PNR": 0.85, "PEP": 0.5, "PKI": 0.5, "PFE": 0.6749999999999999, "PM": 0.85, "PSX": 0.25, "PNW": 1.0, "PXD": 0.475, "PNC": 0.15, "POOL": 0.15, "PPG": 0.32499999999999996, "PPL": 0.5, "PFG": 0.5, "PG": 0.6499999999999999, "PLD": 0.6499999999999999, "PRU": 0.6749999999999999, "PTC": 0.575, "PEG": 0.4, "PSA": 0.6499999999999999, "PHM": 0.85, "QRVO": 0.6749999999999999, "QCOM": 0.75, "PWR": 0.25, "DGX": 0.85, "RL": 0.4, "RTX": 0.25, "REG": 0.5249999999999999, "REGN": 0.85, "RSG": 0.25, "RMD": 0.85, "RHI": 0.75, "ROK": 0.6499999999999999, "ROL": 0.35, "ROP": 0.25, "ROST": 0.6, "RCL": 0.4, "SPGI": 0.5, "CRM": 0.4, "SBAC": 0.25, "SLB": 0.15, "STX": 0.75, "SEE": 0.6499999999999999, "SRE": 0.525, "NOW": 0.3, "SHW": 0.15, "SPG": 0.15, "SWKS": 0.85, "SNA": 0.6749999999999999, "SEDG": 0.15, "SO": 0.25, "LUV": 0.2, "SWK": 0.6749999999999999, "SBUX": 0.6, "STLD": 0.85, "STE": 0.15, "SYK": 0.3, "SYF": 0.75, "SNPS": 0.15, "SYY": 0.32499999999999996, "TMUS": 0.32499999999999996, "TTWO": 0.32499999999999996, "TPR": 0.5, "TRGP": 0.3, "TGT": 0.9, "TEL": 0.85, "TDY": 0.25, "TFX": 0.42500000000000004, "TER": 0.75, "TSLA": 0.5, "TXN": 0.75, "TXT": 0.65, "KO": 0.6499999999999999, "EL": 0.32499999999999996, "HD": 0.85, "IPG": 0.4, "SJM": 0.6749999999999999, "MOS": 0.85, "TRV": 0.6, "TMO": 0.5, "TJX": 0.6, "TSCO": 0.5, "TT": 0.5, "TRMB": 0.25, "TFC": 0.4, "TYL": 0.32499999999999996, "UDR": 0.15, "ULTA": 0.6, "UAL": 0.4, "UPS": 0.9, "URI": 0.25, "UNH": 0.475, "UHS": 0.85, "VLO": 0.25, "VTR": 0.35, "VRSK": 0.5, "VZ": 0.75, "VRTX": 0.32499999999999996, "VFC": 0.15, "VTRS": 0.5, "VICI": 0.6749999999999999, "VMC": 0.32499999999999996, "GWW": 0.5, "WAB": 0.35, "WBA": 0.35, "WMT": 0.25, "WM": 0.42500000000000004, "WAT": 0.6499999999999999, "WFC": 0.5, "WELL": 0.42500000000000004, "WST": 0.5, "WDC": 0.5, "WRK": 0.5, "WY": 0.85, "WHR": 0.6749999999999999, "WMB": 0, "WTW": 0.32499999999999996, "WYNN": 0.25, "XEL": 0.15, "XYL": 0.15, "YUM": 0.45, "ZBRA": 0.575, "ZBH": 0.35, "ZION": 0.15, "ZTS": 0.5}