{"MMM": 0.6, "AOS": 1.0, "ABT": 0.75, "ABBV": 0.475, "ACN": 0.5, "ATVI": 0.42500000000000004, "ADM": 0.6749999999999999, "ADBE": 0.32499999999999996, "AAP": 0.25, "AFL": 0.85, "A": 0.825, "APD": 0.15, "AKAM": 0, "ALK": 0.75, "ALB": 0.3, "ARE": 0.25, "LNT": 0.85, "ALL": 0.85, "MO": 0.42500000000000004, "AMZN": 0.5, "AMD": 0.4, "AEE": 0.25, "AAL": 0.475, "AEP": 0.175, "AIG": 0.42500000000000004, "AMT": 0.32499999999999996, "AWK": 0.15, "ABC": 0, "AME": 0.32499999999999996, "AMGN": 0.32499999999999996, "APH": 0.725, "ADI": 0.35, "AON": 0.5, "AAPL": 0.5249999999999999, "AMAT": 0.5, "ACGL": 0.85, "AJG": 0.3, "T": 0.65, "ATO": 0.15, "ADSK": 0.32499999999999996, "AZO": 0.6, "AVB": 0.6749999999999999, "AVY": 0.75, "BAX": 0.85, "BDX": 0.75, "BBY": 0.6749999999999999, "BIO": 0.525, "TECH": 0.9, "BIIB": 0.275, "BLK": 0.15, "BK": 0.725, "BA": 0.32499999999999996, "BWA": 0.525, "BXP": 0.575, "BSX": 0.575, "BMY": 0.15, "BR": 0.65, "BRO": 0.25, "CHRW": 0.32499999999999996, "CDNS": 0.32499999999999996, "CPT": 0.85, "CPB": 0.25, "CAH": 0.25, "CCL": 0.85, "CDW": 0.15, "CE": 0.7, "CNC": 0.6749999999999999, "CNP": 0.9, "CF": 0.85, "CRL": 0.175, "SCHW": 0.3, "CHTR": 0.32499999999999996, "CVX": 0.85, "CHD": 0.75, "CSCO": 0.575, "CLX": 0.475, "CME": 0.15, "CMS": 0.475, "CTSH": 0.15, "CL": 0.42500000000000004, "CMCSA": 0.7000000000000001, "CMA": 0.1, "CAG": 0.5750000000000001, "COP": 0.7, "ED": 0.6749999999999999, "COO": 0.42500000000000004, "CPRT": 0.825, "GLW": 0.65, "CSGP": 0.65, "COST": 0, "CCI": 0.15, "CSX": 0.65, "CMI": 0.7, "CVS": 0.6, "DHI": 0.25, "DRI": 0.42500000000000004, "DVA": 0.55, "DAL": 0.3, "XRAY": 0.4, "DVN": 0.5, "DXCM": 0.25, "FANG": 0.15, "DFS": 0.15, "DISH": 0.5, "DG": 0.32499999999999996, "DLTR": 0.32499999999999996, "D": 0.3, "DPZ": 0.525, "DOV": 0.5249999999999999, "DTE": 0.5249999999999999, "DUK": 0.42500000000000004, "EMN": 0.35, "ETN": 0.85, "EBAY": 0.6749999999999999, "ECL": 0.5, "EIX": 0.6749999999999999, "EW": 0.6749999999999999, "LLY": 0.32499999999999996, "EMR": 0.525, "ENPH": 0.44999999999999996, "ETR": 0.35, "EOG": 0.15, "EQT": 0.15, "EFX": 0.32499999999999996, "EQIX": 0.25, "EQR": 0.375, "ES": 0.32499999999999996, "EXC": 0.2, "EXPE": 0.15, "EXR": 0.15, "XOM": 0.85, "FAST": 1.0, "FRT": 0.175, "FDX": 0.4, "FSLR": 0.85, "FE": 0.4, "FIS": 0.7000000000000001, "FLT": 0.15, "FMC": 0.15, "IT": 0.5, "GEN": 0.85, "GNRC": 0.475, "GD": 0.75, "GIS": 0.25, "GPC": 0.75, "GILD": 0.575, "GPN": 0.15, "GS": 0.85, "HAL": 0.75, "HIG": 0.25, "HAS": 0.475, "HCA": 0.5, "HSIC": 1.0, "HSY": 0.45, "HES": 0.85, "HOLX": 0.15, "HON": 0.15, "HRL": 0.85, "HST": 1.0, "HPQ": 0.85, "HUM": 0.5249999999999999, "HII": 0, "IBM": 0.75, "IEX": 0.25, "IDXX": 0.5, "ITW": 0.32499999999999996, "ILMN": 0.5, "INCY": 0.4, "INTC": 0.85, "ICE": 0.6749999999999999, "IFF": 0.6499999999999999, "IP": 0.42500000000000004, "IVZ": 0.75, "IRM": 0.25, "JBHT": 0.5, "JKHY": 0.475, "JNJ": 0.275, "JCI": 0.85, "JNPR": 0.65, "K": 0.3, "KMB": 0.75, "KMI": 0.3, "KLAC": 0.175, "KR": 0.575, "LH": 0.1, "LRCX": 0.5249999999999999, "LVS": 0.475, "LDOS": 0.42500000000000004, "LYV": 0.3, "LKQ": 0.4, "LMT": 0.5, "L": 0.25, "LOW": 0.75, "LYB": 0.49999999999999994, "MTB": 0.575, "MRO": 0.85, "MPC": 0.5, "MAR": 0.275, "MMC": 0.5, "MLM": 0.575, "MAS": 0.25, "MA": 0.5, "MKC": 0.75, "MCD": 0.5, "MCK": 0.25, "MRK": 1.0, "MET": 0.5, "MTD": 0.6499999999999999, "MGM": 0.4, "MU": 0.7, "MSFT": 0.3, "MHK": 0.375, "MOH": 0.35, "TAP": 0.35, "MCO": 0.6, "MSI": 0.25, "MSCI": 0.175, "NDAQ": 0.85, "NTAP": 0.85, "NFLX": 0.525, "NWL": 0.75, "NEM": 0.35, "NEE": 0.6749999999999999, "NKE": 0.75, "NI": 0.6749999999999999, "NDSN": 0.75, "NSC": 0.35, "NOC": 0.32499999999999996, "NCLH": 0.6, "NRG": 0.2, "NUE": 0.5, "NVDA": 0.5, "ORLY": 0.32499999999999996, "OXY": 0.25, "ODFL": 1.0, "OMC": 0.5, "ON": 0.825, "OKE": 0.15, "ORCL": 0.6749999999999999, "PKG": 0.32499999999999996, "PH": 0.2, "PNR": 0.575, "PEP": 0.75, "PKI": 0.4, "PFE": 1.0, "PM": 0.7000000000000001, "PSX": 0.75, "PNW": 0.6499999999999999, "PXD": 0.35, "POOL": 0.55, "PPG": 0.525, "PFG": 0.4, "PG": 0.25, "PGR": 0.75, "PLD": 0.725, "PRU": 0.25, "PTC": 0.5, "PEG": 0.75, "PSA": 0.6499999999999999, "PHM": 0.4, "PWR": 0.35, "DGX": 0.85, "RL": 0.85, "RJF": 0.85, "REGN": 0.32499999999999996, "RSG": 0.4, "RMD": 0.75, "RHI": 0.42500000000000004, "ROK": 0.32499999999999996, "ROP": 0.25, "ROST": 0.75, "RCL": 0.25, "CRM": 0.15, "SBAC": 0.25, "SLB": 0.5, "STX": 0.75, "SEE": 0.15, "SRE": 0.5, "NOW": 0.4, "SHW": 0.75, "SPG": 0.175, "SNA": 0.275, "SO": 0.6499999999999999, "LUV": 0.525, "SWK": 0.2, "SBUX": 0.32499999999999996, "STLD": 0.4, "SYK": 0.32499999999999996, "SNPS": 0.6, "SYY": 0.25, "TMUS": 0.525, "TTWO": 0.4, "TRGP": 0.15, "TEL": 0.5249999999999999, "TDY": 0.85, "TFX": 0.275, "TER": 0.4, "TSLA": 0.4, "TXN": 0.35, "TXT": 0.5, "KO": 0.7999999999999999, "EL": 0.32499999999999996, "HD": 0.6, "IPG": 0.6749999999999999, "SJM": 0.4, "MOS": 0.85, "TRV": 0.75, "TMO": 0.525, "TJX": 0.75, "TDG": 0.575, "TRMB": 0.35, "UDR": 0.32499999999999996, "UNP": 0.575, "UAL": 0.42500000000000004, "UPS": 0.475, "URI": 0.25, "UHS": 0.7, "VLO": 0.25, "VTR": 0.85, "VRSN": 0.7000000000000001, "VRSK": 0.6499999999999999, "VZ": 0.475, "VRTX": 0.4, "VFC": 0.15, "VMC": 0.25, "GWW": 0.35, "WAB": 0.32499999999999996, "WMT": 0.6749999999999999, "WM": 0.75, "WAT": 0.475, "WEC": 0.75, "WST": 0.7999999999999999, "WDC": 0.35, "WY": 1.0, "WHR": 0.35, "WTW": 0.42500000000000004, "WYNN": 0.25, "XEL": 0.32499999999999996, "XYL": 0.4, "YUM": 0.475, "ZBRA": 0.15, "ZBH": 0.35, "ZTS": 0.32499999999999996}