{"MMM": 0.75, "AOS": 0.85, "ABT": 0.5, "ACN": 0.32499999999999996, "ADM": 0.4, "ADBE": 0.15, "AFL": 0.85, "A": 0.85, "APD": 0.42500000000000004, "ALK": 0.85, "ALB": 0.35, "ARE": 0.55, "LNT": 0.85, "MO": 0.42500000000000004, "AMZN": 0.5, "AEE": 0.5, "AEP": 0.575, "AIG": 0.55, "AMT": 0.15, "AWK": 0.475, "ABC": 0.32499999999999996, "AME": 0.5, "AMGN": 0.15, "APH": 0.85, "ADI": 0.6499999999999999, "ANSS": 0.32499999999999996, "AON": 0.5, "AMAT": 0.725, "AJG": 0.32499999999999996, "T": 0.575, "ADSK": 0.15, "AZO": 0.6, "AVY": 0.42500000000000004, "BAC": 0.35, "BAX": 0.475, "BDX": 0.75, "BBY": 0.4, "BIO": 0.35, "BIIB": 0.35, "BLK": 0.15, "BK": 0.5, "BA": 0.15, "BWA": 0.35, "BXP": 0.7000000000000001, "BSX": 0.5, "BMY": 0.65, "BR": 0.32499999999999996, "BRO": 0.45, "CHRW": 0.6499999999999999, "CPB": 0.42500000000000004, "CAH": 0.35, "KMX": 0.15, "CCL": 0.85, "CE": 0.6499999999999999, "CNC": 0.35, "CNP": 0.42500000000000004, "CF": 0.85, "CRL": 0.75, "SCHW": 0.15, "CVX": 0.85, "CB": 0.6, "CHD": 0.25, "CTAS": 0.675, "CSCO": 0.6749999999999999, "CLX": 0.6, "CME": 0.42500000000000004, "CMS": 0.3, "CL": 0.575, "CMCSA": 0.35, "CMA": 0.25, "CAG": 0.6749999999999999, "COP": 0.6749999999999999, "ED": 0.6, "COO": 0.32499999999999996, "CPRT": 0.6749999999999999, "GLW": 0.6749999999999999, "COST": 0.15, "CCI": 0.3, "CSX": 0.825, "CMI": 0.75, "DHI": 0.25, "DHR": 0.25, "DRI": 0.42500000000000004, "DVA": 0.575, "DAL": 0.35, "XRAY": 0.6499999999999999, "DVN": 0.4, "DXCM": 0.575, "DFS": 0.5, "DISH": 0.32499999999999996, "DG": 0.42500000000000004, "DLTR": 0.5, "D": 0.15, "DPZ": 0.6, "DOV": 0.675, "DTE": 0.525, "DUK": 0.25, "EMN": 0.4, "EBAY": 0.35, "ECL": 0.5, "EA": 0.75, "LLY": 0.75, "EMR": 0.15, "ETR": 0.525, "EOG": 0.525, "EQT": 0.32499999999999996, "EFX": 0.32499999999999996, "EQIX": 0.42500000000000004, "EQR": 0.575, "ESS": 0.475, "EXC": 0.35, "EXPE": 0.15, "EXR": 0.25, "XOM": 0.75, "FRT": 0.15, "FDX": 0.525, "FSLR": 0.4, "FE": 0.575, "FIS": 0.35, "FISV": 0.5, "FLT": 0.15, "FMC": 0.475, "BEN": 0.85, "IT": 0.5, "GNRC": 0.15, "GD": 0.4, "GIS": 0.25, "GPC": 0.75, "GILD": 0.5, "GPN": 0.25, "HAL": 0.6499999999999999, "HIG": 0.4, "HAS": 0, "HCA": 0.6749999999999999, "HSIC": 0.6749999999999999, "HSY": 0.5, "HES": 0.85, "HOLX": 0.4, "HON": 0.15, "HRL": 0.6749999999999999, "HPQ": 0.5, "HUM": 0.35, "HII": 0.4, "IBM": 0.75, "IEX": 0.25, "IDXX": 0.475, "ITW": 1.0, "ILMN": 0.32499999999999996, "INCY": 0.45, "INTC": 0.85, "IFF": 0.6, "IP": 0.275, "INTU": 0.32499999999999996, "IVZ": 0.575, "IRM": 0.25, "JBHT": 0.35, "JKHY": 0.15, "JNJ": 0.5, "JCI": 0.6499999999999999, "JNPR": 0.42500000000000004, "K": 0.3, "KMB": 0.75, "KLAC": 0.32499999999999996, "KR": 0.575, "LH": 0.25, "LRCX": 0.25, "LVS": 0.6499999999999999, "LYV": 0.4, "LKQ": 0.15, "LMT": 0.32499999999999996, "L": 0.575, "LOW": 0.85, "MTB": 0.575, "MRO": 0.85, "MPC": 0.5, "MAR": 0.75, "MMC": 0.9, "MLM": 0.6499999999999999, "MAS": 0.3, "MKC": 0.9, "MCD": 0.32499999999999996, "MCK": 0.25, "MRK": 0.75, "MET": 0.25, "MTD": 0.5, "MGM": 0.4, "MU": 0.6749999999999999, "MSFT": 0.4, "MAA": 0.85, "MHK": 0.35, "MOH": 0.35, "TAP": 0.525, "MDLZ": 0.25, "MCO": 0.32499999999999996, "MSI": 0.175, "MSCI": 0.5, "NDAQ": 0.85, "NTAP": 0.15, "NWL": 0.575, "NEM": 0.6749999999999999, "NEE": 0.85, "NKE": 0.85, "NI": 0.35, "NDSN": 0.45, "NSC": 0.4, "NOC": 0.575, "NRG": 0.575, "NUE": 0.5750000000000001, "NXPI": 0.575, "ORLY": 0.32499999999999996, "OXY": 0.75, "ODFL": 0.6, "OMC": 0.475, "OKE": 0.15, "ORCL": 0.75, "PKG": 0.32499999999999996, "PH": 0.6749999999999999, "PEP": 0.425, "PKI": 0.55, "PFE": 0.85, "PM": 0.7000000000000001, "PNW": 0.49999999999999994, "PXD": 0.15, "POOL": 0.3, "PPG": 0.6749999999999999, "PFG": 0.5, "PG": 0, "PGR": 0.6, "PLD": 0.725, "PEG": 0.6, "PSA": 0.49999999999999994, "PWR": 0.6749999999999999, "DGX": 0.5, "RL": 0.75, "RJF": 0.85, "REGN": 0.475, "RSG": 0.25, "RMD": 0.6499999999999999, "RHI": 0.6, "ROK": 0.32499999999999996, "ROST": 0.75, "RCL": 0.4, "SBAC": 0.4, "SLB": 0.175, "STX": 0.75, "SEE": 0.4, "SRE": 0.32499999999999996, "SHW": 0.25, "SPG": 0.15, "SNA": 0.525, "SO": 0.6499999999999999, "LUV": 0.525, "SWK": 0.85, "SBUX": 0.75, "STLD": 0.4, "SYK": 0.25, "SIVB": 0.15, "SNPS": 0.45, "SYY": 0.15, "TMUS": 0.42500000000000004, "TTWO": 0.6, "TRGP": 0, "TEL": 0.85, "TDY": 0.75, "TFX": 0.275, "TER": 0.4, "TSLA": 0.575, "TXN": 0.6, "TXT": 0.5, "KO": 0.6499999999999999, "EL": 0.15, "HD": 0.42500000000000004, "IPG": 0.425, "SJM": 0.85, "MOS": 0.85, "TRV": 0.35, "TMO": 0.1, "TJX": 0.75, "TDG": 0.575, "TRMB": 0.35, "USB": 0.75, "UDR": 0.85, "UNP": 1.0, "UAL": 0.32499999999999996, "UPS": 0.4, "URI": 0.15, "UNH": 0.575, "VLO": 0.25, "VTR": 0.7000000000000001, "VRSN": 0.7000000000000001, "VRSK": 0.6499999999999999, "VZ": 0.6749999999999999, "VFC": 0.6749999999999999, "VMC": 0.25, "GWW": 0.475, "WAB": 0.425, "WMT": 0.85, "WM": 0.275, "WEC": 0.75, "WST": 0.85, "WDC": 0.85, "WHR": 0.35, "WMB": 0.15, "WTW": 0.4, "WYNN": 0.25, "XEL": 0.3, "XYL": 0.1, "YUM": 0.5}