{"MMM": 0.42500000000000004, "AOS": 0.6, "ABT": 0.32499999999999996, "ABBV": 0.6749999999999999, "ACN": 0.32499999999999996, "ATVI": 0.32499999999999996, "ADM": 0.6749999999999999, "ADBE": 0.5, "ADP": 0.25, "AAP": 0.375, "AES": 0.55, "AFL": 0.85, "A": 0.6499999999999999, "APD": 0.5, "AKAM": 0.35, "ALK": 0.85, "ALB": 0.35, "ARE": 0.75, "ALGN": 0.7999999999999999, "ALLE": 0.75, "LNT": 0.6499999999999999, "ALL": 0.9, "MO": 0.4, "AMZN": 0.5249999999999999, "AMCR": 0.1, "AMD": 0.15, "AEE": 0.15, "AAL": 0.5, "AEP": 0.32499999999999996, "AXP": 0.175, "AMT": 0.32499999999999996, "AWK": 0.15, "ABC": 0.15, "AME": 0, "AMGN": 0.6, "APH": 0.6749999999999999, "ADI": 0.6, "ANSS": 0.6499999999999999, "AON": 0.5, "AAPL": 0.6749999999999999, "AMAT": 0.75, "APTV": 0.15, "ACGL": 0.85, "ANET": 0.6749999999999999, "AJG": 0.32499999999999996, "AIZ": 0.4, "T": 0.6749999999999999, "ATO": 0.15, "ADSK": 0.25, "AZO": 0.75, "AVB": 0.2, "AVY": 0.6499999999999999, "BAC": 0.6749999999999999, "BAX": 0.4, "BDX": 0.35, "BBY": 0.75, "BIO": 0.75, "TECH": 0.5249999999999999, "BIIB": 0.85, "BLK": 0.175, "BK": 0.6749999999999999, "BA": 0.25, "BKNG": 0.6, "BWA": 0.5, "BXP": 0.4, "BSX": 0.75, "BMY": 0.55, "AVGO": 0.525, "BR": 0.6499999999999999, "BRO": 0.32499999999999996, "CHRW": 0.32499999999999996, "CDNS": 0.49999999999999994, "CZR": 0.475, "CPT": 0.32499999999999996, "CPB": 0.1, "COF": 0.85, "CAH": 0.4, "KMX": 0.15, "CCL": 0.85, "CTLT": 0.35, "CAT": 0.75, "CBOE": 0.7999999999999999, "CBRE": 0.9, "CDW": 0.32499999999999996, "CE": 0.75, "CNC": 0.2, "CNP": 1.0, "CDAY": 0.25, "CF": 0.6749999999999999, "CRL": 0.32499999999999996, "SCHW": 0.25, "CHTR": 0.42500000000000004, "CVX": 0.42500000000000004, "CMG": 0.15, "CHD": 0.7999999999999999, "CI": 0.6749999999999999, "CTAS": 0.6499999999999999, "C": 0.5, "CLX": 0.32499999999999996, "CME": 0, "CMS": 0.32499999999999996, "CTSH": 0.42500000000000004, "CL": 0.5, "CMCSA": 0.525, "CMA": 0.4, "CAG": 0.525, "COP": 0.6, "ED": 0.85, "COO": 0.525, "CPRT": 0.32499999999999996, "GLW": 0.85, "CSGP": 0.6749999999999999, "COST": 0.5, "CTRA": 0.75, "CCI": 0.32499999999999996, "CSX": 0.65, "CMI": 0.75, "CVS": 0.5, "DHI": 0.575, "DHR": 0.475, "DRI": 0.3, "DVA": 0.6749999999999999, "DAL": 0.5, "XRAY": 0.4, "DVN": 0.6749999999999999, "DXCM": 0.175, "FANG": 0.25, "DFS": 0.15, "DISH": 0.5, "DG": 0.32499999999999996, "DLTR": 0.42500000000000004, "D": 0.6, "DPZ": 0.42500000000000004, "DOV": 0.25, "DOW": 0.475, "DTE": 0.25, "DUK": 0.85, "DD": 0.525, "DXC": 0.5, "EMN": 0.4, "ETN": 1.0, "EBAY": 0.6, "ECL": 0.5, "EIX": 0.5, "EW": 0.6749999999999999, "EA": 0.35, "LLY": 0.75, "EMR": 0.575, "ENPH": 0.32499999999999996, "ETR": 0.85, "EOG": 0.6, "EPAM": 0.15, "EQT": 0.4, "EFX": 0.32499999999999996, "EQIX": 0, "EQR": 0.85, "ESS": 0.525, "ETSY": 0.32499999999999996, "EVRG": 0.25, "ES": 0, "EXC": 0.85, "EXPE": 0.35, "EXPD": 0.32499999999999996, "EXR": 0.32499999999999996, "XOM": 0.7000000000000001, "FDS": 0.32499999999999996, "FAST": 0.5, "FRT": 0.575, "FDX": 0.5, "FSLR": 0.575, "FE": 0.4, "FIS": 0.5, "FISV": 0.35, "FLT": 0.4, "FMC": 0.3, "F": 0.35, "FTNT": 0.6749999999999999, "FTV": 0.42500000000000004, "BEN": 1.0, "FCX": 0.42500000000000004, "GRMN": 0.575, "IT": 0.575, "GNRC": 0.32499999999999996, "GD": 0.85, "GE": 0.15, "GIS": 0.375, "GM": 0.35, "GPC": 0.6749999999999999, "GILD": 0.85, "GPN": 0.4, "GL": 0.275, "GS": 0.35, "HAL": 0.3, "HIG": 0.5, "HAS": 0.475, "HCA": 0.6749999999999999, "PEAK": 0.42500000000000004, "HSIC": 0.575, "HSY": 0.175, "HES": 0.32499999999999996, "HPE": 0.6749999999999999, "HLT": 0.25, "HOLX": 0.3, "HON": 0.32499999999999996, "HRL": 0.42500000000000004, "HST": 0.825, "HWM": 0.5249999999999999, "HPQ": 0.85, "HUM": 0.35, "HBAN": 0.5750000000000001, "HII": 0.5, "IBM": 0.85, "IEX": 0.475, "IDXX": 0.5, "ITW": 0.32499999999999996, "ILMN": 0.32499999999999996, "INCY": 0.175, "IR": 0.6749999999999999, "INTC": 0.85, "ICE": 0.32499999999999996, "IFF": 0.75, "IP": 0.525, "INTU": 0.32499999999999996, "ISRG": 0.525, "IVZ": 0.85, "INVH": 0.42500000000000004, "IQV": 0.175, "IRM": 0.42500000000000004, "JBHT": 0.5, "JKHY": 0.15, "J": 0.25, "JNJ": 0.5, "JCI": 1.0, "JPM": 0.75, "JNPR": 0.6749999999999999, "K": 0.25, "KEYS": 0.825, "KMB": 0.85, "KIM": 0.65, "KMI": 0.42500000000000004, "KLAC": 0.425, "KHC": 0.6749999999999999, "KR": 0.4, "LHX": 0.4, "LH": 0.42500000000000004, "LRCX": 0.75, "LW": 0.4, "LVS": 0.575, "LDOS": 0.7, "LIN": 0.32499999999999996, "LYV": 0.3, "LKQ": 0.85, "LMT": 0.32499999999999996, "L": 0.525, "LOW": 0.75, "LYB": 0.75, "MTB": 0.85, "MRO": 0.7000000000000001, "MPC": 0.25, "MKTX": 0.35, "MAR": 0.15, "MMC": 0.65, "MLM": 0.6499999999999999, "MAS": 0.85, "MA": 0.65, "MTCH": 0.42500000000000004, "MKC": 0.75, "MCD": 0.6, "MCK": 0.6749999999999999, "MDT": 0.675, "MRK": 0.9, "MET": 0.5, "MTD": 0.5, "MGM": 0.825, "MCHP": 0.2, "MU": 0.675, "MSFT": 0.5, "MRNA": 0.4, "MHK": 0.5, "TAP": 0.5, "MDLZ": 0.25, "MNST": 0.49999999999999994, "MCO": 0.32499999999999996, "MSI": 0.525, "MSCI": 0.275, "NDAQ": 0.75, "NTAP": 0.75, "NFLX": 0.5, "NWL": 0.675, "NEM": 0.42500000000000004, "NWSA": 0.4, "NWS": 0.4, "NEE": 0.6749999999999999, "NKE": 0.32499999999999996, "NI": 0.5, "NDSN": 0.45, "NSC": 0.4, "NOC": 0.3, "NCLH": 0.35, "NRG": 0.6499999999999999, "NUE": 0.35, "NVDA": 0.42500000000000004, "NXPI": 0.525, "ORLY": 0.5, "OXY": 0.65, "ODFL": 0.5, "OMC": 0.575, "ON": 0.375, "OKE": 0.32499999999999996, "ORCL": 0.575, "PKG": 0.475, "PH": 0.42500000000000004, "PAYX": 0.15, "PAYC": 0.15, "PYPL": 0.15, "PNR": 0.42500000000000004, "PEP": 0.5, "PKI": 0.15, "PFE": 1.0, "PM": 0.7000000000000001, "PSX": 0.15, "PNW": 0.275, "PXD": 0.6, "POOL": 0.6499999999999999, "PPG": 0.42500000000000004, "PPL": 0.425, "PFG": 0.25, "PG": 0.32499999999999996, "PLD": 0.32499999999999996, "PRU": 0.5, "PTC": 0.3, "PEG": 0.575, "PSA": 0.6499999999999999, "PHM": 0.575, "QCOM": 0.6499999999999999, "PWR": 0.85, "DGX": 0.5, "RL": 0.85, "RTX": 0.5, "O": 0.425, "RSG": 0.5750000000000001, "RMD": 0.6499999999999999, "ROK": 0.15, "ROL": 0.5, "ROP": 0.75, "ROST": 0.5, "RCL": 0.825, "SPGI": 0.32499999999999996, "CRM": 0.4, "SBAC": 0.25, "SLB": 0.55, "STX": 0.75, "SEE": 0.5249999999999999, "SRE": 0.7000000000000001, "NOW": 0.5, "SHW": 0.25, "SNA": 0.6749999999999999, "SEDG": 0.6499999999999999, "SO": 0.25, "LUV": 0.6749999999999999, "SWK": 0.35, "SBUX": 0.6, "STLD": 0.575, "STE": 0.35, "SYK": 0.15, "SYF": 0.3, "SNPS": 0.475, "SYY": 0.3, "TMUS": 0.525, "TTWO": 0.32499999999999996, "TPR": 0.825, "TRGP": 0.4, "TGT": 0.15, "TEL": 0.35, "TDY": 0.25, "TFX": 0.15, "TER": 0.5, "TSLA": 0.15, "TXN": 0.32499999999999996, "TXT": 0.6749999999999999, "KO": 0.7999999999999999, "EL": 0.3, "HD": 0.7000000000000001, "IPG": 0.85, "SJM": 0.5, "MOS": 0.5, "TRV": 0.25, "TMO": 0.15, "TJX": 0.5, "TSCO": 0.75, "TT": 0.85, "TDG": 0.6749999999999999, "TRMB": 0.6749999999999999, "TFC": 0.4, "TYL": 0.15, "UDR": 0.6499999999999999, "ULTA": 0.5, "UNP": 0.475, "UAL": 0.5249999999999999, "UPS": 0.3, "URI": 0.25, "UNH": 0.6, "UHS": 0.6749999999999999, "VLO": 0.42500000000000004, "VTR": 0.525, "VRSK": 0.35, "VZ": 0.9, "VRTX": 0.32499999999999996, "VFC": 0.3, "VICI": 0.25, "VMC": 0.32499999999999996, "GWW": 0.32499999999999996, "WAB": 0.42500000000000004, "WBA": 0.6749999999999999, "WMT": 0.525, "WM": 0.15, "WAT": 0.75, "WFC": 1.0, "WELL": 0.6749999999999999, "WST": 0.5, "WDC": 0.6749999999999999, "WRK": 0.5, "WHR": 0.5, "WMB": 0.5, "WYNN": 0.25, "XEL": 0.25, "XYL": 0.15, "ZBRA": 0.75, "ZBH": 0.525, "ZTS": 0.5}