{"MMM": 0.42500000000000004, "AOS": 0.6, "ABT": 0.35, "ABBV": 0.42500000000000004, "ACN": 0.15, "ATVI": 0.32499999999999996, "ADM": 0.4, "ADBE": 0.32499999999999996, "ADP": 0.15, "AAP": 0.525, "AFL": 0.85, "A": 0.32499999999999996, "APD": 0.15, "AKAM": 0.525, "ALK": 0.5, "ALB": 0.6499999999999999, "ARE": 0.825, "ALGN": 0.7999999999999999, "ALLE": 0.6499999999999999, "LNT": 0.625, "ALL": 0.7, "MO": 0.6, "AMZN": 0.6749999999999999, "AMCR": 0.5750000000000001, "AMD": 0.6499999999999999, "AEE": 0.6, "AAL": 0.5, "AEP": 0.75, "AXP": 0.15, "AMT": 0.42500000000000004, "AWK": 0.15, "ABC": 0.5, "AME": 0.85, "AMGN": 0.25, "APH": 0.35, "ADI": 1.0, "ANSS": 0.9, "AON": 0.6499999999999999, "AAPL": 0.6, "AMAT": 0.42500000000000004, "APTV": 0.15, "ACGL": 0.575, "ANET": 0.5, "AJG": 0.15, "T": 0.6749999999999999, "ATO": 0.25, "ADSK": 0.6499999999999999, "AZO": 0.7000000000000001, "AVB": 0.85, "BAC": 0.5, "BAX": 0.35, "BDX": 0.35, "BBY": 0.6, "BIO": 0.75, "TECH": 0.35, "BIIB": 0.5, "BLK": 0.6499999999999999, "BK": 0.6749999999999999, "BA": 0.5, "BKNG": 0.25, "BWA": 0.85, "BXP": 0.575, "BSX": 0.4, "BMY": 0.4, "AVGO": 0.3, "BR": 0.6499999999999999, "BRO": 0.32499999999999996, "CHRW": 0.75, "CDNS": 0.6499999999999999, "CZR": 0.4, "CPT": 0.15, "CPB": 0.35, "COF": 0.5, "CAH": 0.4, "KMX": 0.85, "CCL": 0.4, "CTLT": 0.15, "CAT": 0.75, "CBOE": 0.6499999999999999, "CBRE": 0.15, "CDW": 0, "CE": 0.49999999999999994, "CNC": 0.6749999999999999, "CNP": 0.6749999999999999, "CDAY": 0.4, "CF": 0.75, "CRL": 0.32499999999999996, "SCHW": 0.32499999999999996, "CHTR": 0.42500000000000004, "CVX": 0.75, "CMG": 0.5, "CHD": 0.49999999999999994, "CI": 0.85, "CTAS": 0.6499999999999999, "C": 0.35, "CFG": 0.5, "CLX": 0.475, "CME": 0.475, "CMS": 0.175, "CTSH": 0.85, "CL": 0.6, "CMCSA": 0.525, "CAG": 0.525, "COP": 0.475, "ED": 0.85, "COO": 0.25, "CPRT": 0.32499999999999996, "GLW": 0.5, "CTVA": 0.25, "CSGP": 0.5, "COST": 0.32499999999999996, "CCI": 0.5, "CSX": 1.0, "CMI": 0.6749999999999999, "CVS": 0.6749999999999999, "DHI": 0.375, "DHR": 0.6, "DRI": 0.3, "DVA": 0.42500000000000004, "DAL": 0.4, "XRAY": 0.575, "DVN": 0.4, "DXCM": 0.475, "FANG": 0.35, "DFS": 0.15, "DISH": 0.5249999999999999, "DIS": 0.15, "DG": 0.5, "DLTR": 0.7000000000000001, "D": 0.15, "DPZ": 0.6, "DOV": 0.42500000000000004, "DOW": 0.825, "DTE": 0.25, "DUK": 0.275, "DD": 0.2, "DXC": 0.5249999999999999, "EMN": 0.25, "ETN": 0.85, "EBAY": 0.42500000000000004, "ECL": 0.3, "EIX": 0.42500000000000004, "EW": 0.32499999999999996, "EA": 0.65, "LLY": 0.6499999999999999, "EMR": 0.32499999999999996, "ENPH": 0.32499999999999996, "EOG": 0.7000000000000001, "EQT": 0.275, "EFX": 0.32499999999999996, "EQIX": 0.32499999999999996, "EQR": 0.6749999999999999, "ESS": 0.9, "ETSY": 0.32499999999999996, "EVRG": 0.4, "ES": 0.6499999999999999, "EXC": 0.5, "EXPE": 0.3, "EXPD": 0.32499999999999996, "EXR": 0.6499999999999999, "XOM": 0.725, "FFIV": 0.25, "FDS": 0.32499999999999996, "FAST": 0.75, "FRT": 0.25, "FDX": 0.5, "FSLR": 0.85, "FE": 0.575, "FIS": 0.35, "FISV": 0.35, "FLT": 0.25, "FMC": 0.15, "F": 0.825, "FTNT": 0.6, "FTV": 0.575, "BEN": 0.75, "FCX": 0.5750000000000001, "GRMN": 0.525, "IT": 0.4, "GNRC": 0.32499999999999996, "GD": 0.85, "GE": 0.175, "GM": 0.85, "GPC": 0.42500000000000004, "GILD": 0.275, "GPN": 0.35, "GL": 0.525, "GS": 0.4, "HAL": 0.4, "HIG": 0.42500000000000004, "HAS": 0.42500000000000004, "HCA": 0.75, "PEAK": 0.42500000000000004, "HSIC": 0.575, "HSY": 0.42500000000000004, "HES": 0.4, "HPE": 0.5, "HLT": 0.4, "HOLX": 0.6, "HON": 0.15, "HRL": 0.5750000000000001, "HST": 0.6749999999999999, "HWM": 0.6749999999999999, "HPQ": 0.85, "HUM": 0.85, "HBAN": 0.4, "HII": 0.85, "IBM": 0.6749999999999999, "IEX": 0.15, "IDXX": 0.5, "ITW": 0.5, "ILMN": 0.5, "INCY": 0.6, "IR": 0.4, "INTC": 0.85, "ICE": 0.32499999999999996, "IFF": 0.5, "IP": 0.35, "INTU": 0.32499999999999996, "ISRG": 0.25, "IVZ": 0.7000000000000001, "INVH": 0.1, "IQV": 0.15, "IRM": 0.575, "JBHT": 0.375, "JKHY": 0.3, "J": 0.25, "DE": 0.1, "JNJ": 0.75, "JCI": 0.42500000000000004, "JPM": 0.425, "JNPR": 0.525, "K": 0.42500000000000004, "KDP": 0.42500000000000004, "KEY": 0.6749999999999999, "KEYS": 0.75, "KMB": 0.75, "KMI": 0.6, "KLAC": 0.32499999999999996, "KHC": 0.25, "KR": 0.55, "LHX": 0.9, "LH": 0.6749999999999999, "LRCX": 0.9, "LW": 0.4, "LVS": 0.475, "LDOS": 0.85, "LIN": 0.6, "LYV": 0.65, "LKQ": 0.85, "LMT": 0.475, "L": 0.25, "LOW": 0.75, "LUMN": 0.825, "LYB": 0.575, "MTB": 0.6749999999999999, "MRO": 0.7, "MPC": 0.42500000000000004, "MAR": 0.3, "MMC": 0.32499999999999996, "MLM": 0.7, "MAS": 0.42500000000000004, "MA": 0.6499999999999999, "MTCH": 0.6, "MKC": 0.275, "MCD": 0.7000000000000001, "MCK": 0.5, "MDT": 0.35, "MRK": 0.75, "MET": 0.25, "MTD": 0.5, "MGM": 0.55, "MCHP": 0.6749999999999999, "MU": 0.6749999999999999, "MSFT": 0.32499999999999996, "MAA": 0.42500000000000004, "MRNA": 0.4, "MHK": 0.35, "MOH": 0.75, "TAP": 0.4, "MDLZ": 0.5, "MCO": 0.5, "MSI": 0.575, "MSCI": 0.6, "NDAQ": 0.575, "NTAP": 0.575, "NFLX": 0.32499999999999996, "NWL": 0.5, "NEM": 0.85, "NWSA": 0.4, "NWS": 0.4, "NEE": 0.5, "NKE": 0.32499999999999996, "NI": 0.5, "NDSN": 0.3, "NSC": 0.42500000000000004, "NOC": 0.4, "NCLH": 0.4, "NRG": 0.575, "NUE": 0.25, "NVDA": 0.85, "NXPI": 0.525, "ORLY": 0.5, "OXY": 0.25, "ODFL": 0.49999999999999994, "OMC": 0.575, "ON": 0.35, "OKE": 0.5, "ORCL": 0.75, "PKG": 0.32499999999999996, "PH": 0.275, "PAYX": 0, "PAYC": 0.15, "PYPL": 0.15, "PNR": 0.42500000000000004, "PEP": 0.75, "PKI": 0.75, "PM": 0.7000000000000001, "PSX": 0.575, "PNW": 0.5249999999999999, "PXD": 0.6499999999999999, "POOL": 0.5, "PPG": 0.25, "PPL": 0.85, "PFG": 0.25, "PG": 0.5, "PGR": 0.75, "PLD": 0.75, "PRU": 0.42500000000000004, "PTC": 0.5, "PEG": 0.49999999999999994, "PSA": 0.6499999999999999, "PHM": 0.525, "QRVO": 0.85, "QCOM": 0.75, "PWR": 0.85, "DGX": 0.35, "RL": 0.4, "RTX": 0.4, "REG": 0.25, "REGN": 0.525, "RSG": 0.42500000000000004, "RMD": 0.5, "RHI": 0.6, "ROK": 0.5, "ROL": 0.5, "ROP": 0.25, "ROST": 0, "RCL": 0.4, "SPGI": 0.32499999999999996, "CRM": 0.575, "SBAC": 0.25, "SLB": 0.25, "STX": 0.75, "SEE": 0.75, "SRE": 0.35, "NOW": 0.15, "SHW": 0.425, "SWKS": 0.525, "SNA": 0.6749999999999999, "SEDG": 0.32499999999999996, "SO": 0.75, "LUV": 0.4, "SWK": 0.5249999999999999, "SBUX": 0.5750000000000001, "STLD": 0.6, "STE": 0.42500000000000004, "SYK": 0.475, "SYF": 0.75, "SNPS": 0.475, "SYY": 0.3, "TMUS": 0.525, "TTWO": 0.35, "TPR": 0.475, "TRGP": 0.4, "TGT": 0.75, "TEL": 0.25, "TDY": 0.25, "TER": 0.32499999999999996, "TSLA": 0.15, "TXN": 0.5, "TXT": 0.5, "KO": 0.625, "EL": 0.3, "HD": 0.75, "IPG": 0.32499999999999996, "SJM": 0.85, "MOS": 1.0, "TRV": 0.85, "TMO": 0.575, "TJX": 0, "TSCO": 0.575, "TT": 0.575, "TDG": 0.35, "TRMB": 0.6, "TFC": 0.85, "TYL": 0.15, "UDR": 0, "ULTA": 0.5, "UNP": 0.175, "UAL": 0.4, "UPS": 0.3, "URI": 0.1, "UNH": 0.85, "UHS": 0.5, "VLO": 0.6749999999999999, "VTR": 0.35, "VRSN": 0.85, "VRSK": 0.6499999999999999, "VZ": 0.75, "VRTX": 0.32499999999999996, "VFC": 0.65, "VTRS": 0.5, "VICI": 0.75, "VMC": 0.1, "GWW": 0.15, "WAB": 0.6749999999999999, "WBA": 0.525, "WMT": 0.7, "WM": 0.75, "WAT": 0.6499999999999999, "WFC": 0.5, "WELL": 0.6749999999999999, "WST": 0.15, "WDC": 0.525, "WRK": 0.55, "WY": 0.85, "WHR": 0.6749999999999999, "WMB": 0.5, "WYNN": 0.5, "XEL": 0.15, "XYL": 0.15, "ZBRA": 0.32499999999999996, "ZBH": 0.25, "ZTS": 0.32499999999999996}