{"MMM": 0.6, "AOS": 0.75, "ABT": 0.32499999999999996, "ABBV": 0.4, "ACN": 0.15, "ATVI": 0.32499999999999996, "ADM": 0.5, "ADBE": 0.5, "ADP": 0.15, "AAP": 0.25, "AES": 0.4, "AFL": 0.825, "A": 0.35, "APD": 0.5, "AKAM": 0.825, "ALK": 0.65, "ALB": 0.15, "ARE": 0.25, "ALGN": 0.5, "ALLE": 0.6499999999999999, "LNT": 0.6499999999999999, "ALL": 0.15, "MO": 0.2, "AMZN": 0.85, "AMCR": 0.4, "AMD": 0.5, "AEE": 0.5, "AAL": 0.4, "AEP": 0.575, "AXP": 0.35, "AMT": 0.5, "AWK": 0.32499999999999996, "ABC": 0.55, "AME": 0.6, "AMGN": 0.9, "APH": 0.6749999999999999, "ADI": 0.25, "ANSS": 0.25, "AON": 0.5, "AAPL": 0.6499999999999999, "AMAT": 0.75, "APTV": 0, "ANET": 0.32499999999999996, "AJG": 0.5, "T": 0.6749999999999999, "ATO": 0.6, "ADSK": 0.175, "AZO": 1.0, "AVB": 0.85, "AVY": 0.6499999999999999, "BAC": 0.65, "BBWI": 0.7000000000000001, "BAX": 0.4, "BDX": 0.25, "BBY": 0.6, "BIO": 0.4, "TECH": 0.5249999999999999, "BIIB": 0.5, "BLK": 0.5, "BK": 0.5, "BA": 0.5, "BKNG": 0.175, "BWA": 0.5, "BXP": 0.6749999999999999, "BSX": 0.25, "BMY": 0.575, "AVGO": 0, "BR": 0.3, "BRO": 0.5, "CHRW": 0.575, "CDNS": 0.5, "CZR": 0.25, "CPT": 0.5, "CPB": 0.5249999999999999, "COF": 0.7, "CAH": 0.25, "KMX": 0.4, "CCL": 0.65, "CARR": 0.4, "CTLT": 0.25, "CAT": 0.575, "CBOE": 0.5, "CBRE": 0.6, "CDW": 0.575, "CE": 0.75, "CNC": 0.5, "CNP": 0.425, "CDAY": 0.4, "CF": 0.75, "CRL": 0.275, "SCHW": 0.15, "CHTR": 0.575, "CVX": 0.85, "CMG": 0.5, "CHD": 0.6499999999999999, "CI": 0.5, "CTAS": 0.5, "CSCO": 1.0, "C": 0.5, "CFG": 0.6749999999999999, "CLX": 0.32499999999999996, "CME": 0, "CMS": 0.15, "CTSH": 1.0, "CL": 0.5, "CMCSA": 0.85, "CAG": 0.5, "COP": 0.75, "ED": 0.35, "COO": 0.75, "CPRT": 0.6749999999999999, "GLW": 0.6749999999999999, "CTVA": 0.35, "CSGP": 0.25, "COST": 0.5, "CTRA": 0.42500000000000004, "CCI": 0.15, "CSX": 0.15, "CMI": 0.7, "CVS": 0.65, "DHI": 0.85, "DHR": 0.6, "DRI": 0.15, "DVA": 0.4, "DAL": 0.42500000000000004, "XRAY": 0.5, "DVN": 0.75, "DXCM": 0.15, "FANG": 0.85, "DFS": 0.75, "DISH": 0.4, "DIS": 0.32499999999999996, "DG": 0.5, "DLTR": 0.15, "D": 0.575, "DPZ": 0.6, "DOV": 0.75, "DOW": 0.85, "DTE": 0.475, "DUK": 0.55, "DD": 0.85, "DXC": 0.825, "EMN": 0.25, "ETN": 0.42500000000000004, "EBAY": 0.575, "ECL": 0.32499999999999996, "EIX": 0.25, "EW": 0.65, "EA": 0.175, "LLY": 0.5, "EMR": 0.15, "ENPH": 0, "EOG": 0.75, "EPAM": 0.45, "EQT": 0.575, "EFX": 0.32499999999999996, "EQIX": 0, "EQR": 0.85, "ESS": 0.6, "ETSY": 0.5, "EVRG": 0.85, "ES": 0.75, "EXC": 0.525, "EXPE": 0.3, "EXPD": 0.575, "EXR": 0.575, "XOM": 0.6749999999999999, "FFIV": 0.42500000000000004, "FDS": 0.5, "FAST": 0.5, "FRT": 0.75, "FDX": 0.5, "FSLR": 0.65, "FE": 0.75, "FIS": 0.35, "FISV": 0.35, "FLT": 0.25, "FMC": 0.15, "F": 0.65, "FTNT": 0.725, "FTV": 0.42500000000000004, "BEN": 0.85, "FCX": 0.575, "GRMN": 0.35, "IT": 0.6499999999999999, "GNRC": 0.32499999999999996, "GD": 0.65, "GE": 0.4, "GIS": 0.35, "GM": 0.5, "GPC": 0.15, "GILD": 0.85, "GPN": 0.5, "GL": 0.6, "GS": 0.35, "HAL": 0.32499999999999996, "HCA": 0.85, "PEAK": 0.25, "HSIC": 0.825, "HSY": 0.65, "HES": 0.32499999999999996, "HPE": 0.65, "HLT": 0.42500000000000004, "HOLX": 0.75, "HON": 0.5, "HRL": 0.45, "HST": 0.4, "HWM": 0.4, "HPQ": 0.85, "HUM": 0.4, "HBAN": 0.25, "HII": 0.5, "IBM": 0.6749999999999999, "IEX": 0.5, "IDXX": 0.5, "ITW": 0.49999999999999994, "ILMN": 0.32499999999999996, "INCY": 0.475, "IR": 0.25, "INTC": 1.0, "ICE": 0.25, "IFF": 0.25, "IP": 0.25, "INTU": 0.5, "ISRG": 0.32499999999999996, "IVZ": 0.6749999999999999, "INVH": 0.4, "IQV": 0.175, "IRM": 0.4, "JBHT": 0.6, "JKHY": 0.65, "J": 0.25, "DE": 0.575, "JNJ": 0.6499999999999999, "JCI": 0.35, "JPM": 0.5, "JNPR": 0.5, "K": 0.575, "KDP": 0.4, "KEY": 0.65, "KEYS": 0.75, "KMB": 0.6499999999999999, "KMI": 0.25, "KLAC": 0, "KHC": 0.35, "KR": 0.5, "LHX": 0.35, "LH": 0.85, "LRCX": 0.6, "LW": 0.6, "LVS": 0.3, "LDOS": 0.65, "LIN": 0.32499999999999996, "LYV": 0.35, "LKQ": 0.6749999999999999, "LMT": 0.75, "L": 0.6749999999999999, "LOW": 0.7, "LUMN": 0.65, "LYB": 0.85, "MTB": 0.15, "MRO": 0.6749999999999999, "MPC": 0.85, "MAR": 0.15, "MMC": 0.5, "MLM": 0.25, "MAS": 0.525, "MA": 0.5, "MTCH": 0.45, "MKC": 0.15, "MCD": 0.6, "MCK": 0.35, "MDT": 0.25, "MRK": 0.575, "MET": 0.5, "MTD": 0.35, "MGM": 0.5, "MCHP": 0.525, "MU": 0.7, "MSFT": 0.35, "MAA": 0.42500000000000004, "MRNA": 0.7, "MHK": 0.6749999999999999, "MOH": 0.4, "TAP": 0.35, "MDLZ": 0.25, "MCO": 0.5, "MS": 0.15, "MSI": 0.6749999999999999, "MSCI": 0.6, "NDAQ": 0.9, "NTAP": 0.55, "NFLX": 0.5, "NWL": 0.5, "NEM": 0.25, "NWSA": 0.25, "NWS": 0.25, "NEE": 0.5, "NKE": 0.32499999999999996, "NI": 0.6749999999999999, "NDSN": 0.35, "NSC": 0.85, "NOC": 0.6, "NCLH": 0.44999999999999996, "NRG": 0.6, "NUE": 0.825, "NVDA": 0.32499999999999996, "NXPI": 0.6, "ORLY": 0.42500000000000004, "OXY": 0.42500000000000004, "ODFL": 0.35, "OMC": 0.75, "ON": 0.6749999999999999, "ORCL": 0.9, "OTIS": 0.42500000000000004, "PKG": 0.75, "PARA": 0.6749999999999999, "PH": 0.5249999999999999, "PAYX": 0.65, "PAYC": 0.15, "PYPL": 0.4, "PNR": 1.0, "PEP": 0.65, "PKI": 0.5, "PFE": 0.6749999999999999, "PM": 1.0, "PSX": 0.25, "PNW": 0.85, "PXD": 0.525, "PNC": 0.15, "POOL": 0.15, "PPG": 0.175, "PPL": 0.35, "PFG": 0.5, "PG": 0.6499999999999999, "PLD": 0.6499999999999999, "PRU": 0.6749999999999999, "PTC": 0.575, "PEG": 0.4, "PSA": 0.6499999999999999, "PHM": 0.85, "QRVO": 0.5249999999999999, "QCOM": 0.6, "PWR": 0.25, "DGX": 0.85, "RL": 0.4, "RTX": 0.4, "REG": 0.6749999999999999, "REGN": 0.85, "RSG": 0.15, "RMD": 0.85, "RHI": 0.75, "ROK": 0.6499999999999999, "ROL": 0.5, "ROP": 0.25, "ROST": 0.6, "RCL": 0.55, "SPGI": 0.5, "CRM": 0.25, "SBAC": 0.25, "SLB": 0.15, "STX": 0.75, "SEE": 0.75, "SRE": 0.525, "NOW": 0, "SHW": 0.15, "SPG": 0.15, "SWKS": 0.7, "SNA": 0.6749999999999999, "SEDG": 0.15, "SO": 0.25, "LUV": 0.35, "SWK": 0.6749999999999999, "SBUX": 0.6, "STLD": 0.85, "STE": 0, "SYK": 0.15, "SYF": 0.75, "SNPS": 0, "SYY": 0.32499999999999996, "TMUS": 0.32499999999999996, "TTWO": 0.32499999999999996, "TPR": 0.35, "TRGP": 0.3, "TGT": 0.75, "TEL": 0.85, "TDY": 0.25, "TFX": 0.42500000000000004, "TER": 0.75, "TSLA": 0.5, "TXN": 0.75, "TXT": 0.5, "KO": 0.6499999999999999, "EL": 0.32499999999999996, "HD": 0.7, "IPG": 0.4, "SJM": 0.825, "MOS": 0.85, "TRV": 0.45, "TMO": 0.35, "TJX": 0.6, "TSCO": 0.6, "TT": 0.6499999999999999, "TRMB": 0.25, "TFC": 0.4, "TYL": 0.175, "UDR": 0.15, "ULTA": 0.5, "UAL": 0.4, "UPS": 0.75, "URI": 0.25, "UNH": 0.32499999999999996, "UHS": 0.85, "VLO": 0.15, "VTR": 0.35, "VRSK": 0.65, "VZ": 0.75, "VRTX": 0.32499999999999996, "VFC": 0.15, "VTRS": 0.5, "VICI": 0.6749999999999999, "VMC": 0.42500000000000004, "GWW": 0.35, "WAB": 0.35, "WBA": 0.35, "WMT": 0.25, "WM": 0.32499999999999996, "WAT": 0.49999999999999994, "WFC": 0.65, "WELL": 0.42500000000000004, "WST": 0.5, "WDC": 0.5, "WRK": 0.5, "WY": 0.85, "WHR": 0.6749999999999999, "WMB": 0.15, "WTW": 0.475, "WYNN": 0.4, "XEL": 0.15, "XYL": 0.15, "YUM": 0.75, "ZBRA": 0.6749999999999999, "ZBH": 0.35, "ZION": 0.1, "ZTS": 0.5}