{"MMM": 0.6, "AOS": 0.85, "ABT": 0.475, "ABBV": 0.6749999999999999, "ACN": 0.32499999999999996, "ATVI": 0.32499999999999996, "ADM": 0.1, "ADBE": 0.5, "ADP": 0.15, "AAP": 0.35, "AFL": 0.75, "A": 0.75, "APD": 0.5, "AKAM": 0.35, "ALK": 0.85, "ALB": 0.525, "ALLE": 0.75, "LNT": 0.32499999999999996, "ALL": 0.75, "MO": 0.75, "AMZN": 0.6749999999999999, "AMD": 0.3, "AEE": 0.1, "AAL": 0.5249999999999999, "AEP": 0.32499999999999996, "AIG": 0.5, "AMT": 0.475, "AWK": 0.32499999999999996, "ABC": 0.25, "AME": 0.15, "AMGN": 0.75, "APH": 0.85, "ADI": 0.75, "AON": 0.32499999999999996, "AAPL": 0.6749999999999999, "AMAT": 0.7000000000000001, "APTV": 0.32499999999999996, "ACGL": 0.575, "AJG": 0.32499999999999996, "T": 0.6749999999999999, "ATO": 0.3, "ADSK": 0.42500000000000004, "AZO": 0.75, "AVB": 0.85, "AVY": 0.6499999999999999, "BAC": 0.6749999999999999, "BAX": 0.6, "BDX": 0.35, "BIO": 0.4, "TECH": 0.525, "BLK": 0.15, "BK": 0.85, "BA": 0.4, "BKNG": 0.25, "BWA": 0.5, "BXP": 0.25, "BSX": 0.6499999999999999, "BMY": 0.32499999999999996, "AVGO": 0.525, "BR": 0.32499999999999996, "BRO": 0.15, "CHRW": 0.475, "CDNS": 0.6499999999999999, "CPT": 0.32499999999999996, "CPB": 0.25, "COF": 0.85, "CAH": 0.5, "KMX": 0.15, "CCL": 0.85, "CTLT": 0.25, "CAT": 0.75, "CBOE": 0.6499999999999999, "CBRE": 0.6, "CDW": 0.15, "CE": 0.75, "CNC": 0.35, "CNP": 0.6749999999999999, "CF": 0.75, "CRL": 0.5, "SCHW": 0.25, "CHTR": 0.25, "CVX": 0.7000000000000001, "CHD": 0.5, "CTAS": 0.75, "CSCO": 0.42500000000000004, "CLX": 0.5, "CME": 0.32499999999999996, "CMS": 0.15, "CTSH": 0.7, "CL": 0.7000000000000001, "CMCSA": 0.7000000000000001, "CAG": 0.35, "COP": 0.9, "ED": 1.0, "COO": 0.7000000000000001, "CPRT": 0.5, "GLW": 0.525, "CSGP": 0.5, "COST": 0.475, "CTRA": 0.85, "CCI": 0.15, "CSX": 0.5, "CMI": 0.85, "CVS": 0.4, "DHI": 0.575, "DHR": 0.42500000000000004, "DRI": 0.42500000000000004, "DVA": 0.6749999999999999, "DAL": 0.6749999999999999, "XRAY": 0.42500000000000004, "DVN": 0.6749999999999999, "DXCM": 0.4, "FANG": 0.25, "DFS": 0.3, "DISH": 0.42500000000000004, "DG": 0.32499999999999996, "DLTR": 0.5, "D": 0.475, "DPZ": 0.6, "DOV": 0.4, "DTE": 0.525, "DUK": 0.35, "DD": 0.25, "DXC": 0.85, "EMN": 0.1, "ETN": 0.85, "EBAY": 0.425, "ECL": 0.32499999999999996, "EIX": 0.5, "EW": 0.25, "LLY": 0.475, "EMR": 0.42500000000000004, "ENPH": 0.15, "EOG": 0.15, "EPAM": 0.32499999999999996, "EQT": 0.5, "EFX": 0.15, "EQIX": 0.32499999999999996, "EQR": 0.75, "ESS": 0.575, "ETSY": 0.32499999999999996, "ES": 0.5, "EXC": 0.85, "EXPE": 0.42500000000000004, "EXR": 0.3, "XOM": 0.7000000000000001, "FDS": 0.32499999999999996, "FAST": 0.5249999999999999, "FRT": 0.15, "FDX": 0.5, "FSLR": 0.5, "FE": 0.275, "FIS": 0.6749999999999999, "FLT": 0.15, "FMC": 0, "FTV": 0.9, "BEN": 0.85, "FCX": 0.65, "IT": 0.32499999999999996, "GNRC": 0.32499999999999996, "GD": 0.85, "GE": 0.32499999999999996, "GIS": 0.4, "GPC": 0.75, "GILD": 0.2, "GPN": 0.15, "GL": 0.25, "GS": 0.65, "HAL": 0.6, "HIG": 0.25, "HAS": 0.32499999999999996, "HCA": 0.85, "PEAK": 0.5249999999999999, "HSIC": 0.75, "HSY": 0.5, "HES": 0.475, "HPE": 0.6749999999999999, "HLT": 0.15, "HOLX": 0.3, "HON": 0.5, "HRL": 0.42500000000000004, "HST": 0.85, "HPQ": 0.85, "HUM": 0.525, "HBAN": 0.35, "HII": 0.7999999999999999, "IBM": 0.75, "IEX": 0.15, "IDXX": 0.6, "ITW": 0.35, "ILMN": 0.32499999999999996, "INCY": 0.32499999999999996, "IR": 0.5, "INTC": 0.85, "ICE": 0.15, "IFF": 0.575, "IP": 0.525, "INTU": 0.3, "IVZ": 0.85, "INVH": 0.25, "IQV": 0.42500000000000004, "IRM": 0.75, "JBHT": 0.32499999999999996, "JKHY": 0.15, "J": 0.25, "JNJ": 0.32499999999999996, "JCI": 0.85, "JNPR": 0.5, "K": 0.4, "KEYS": 0.6749999999999999, "KMB": 0.75, "KIM": 0.35, "KMI": 0.15, "KLAC": 0.32499999999999996, "KHC": 0.5, "KR": 0.25, "LHX": 0.6499999999999999, "LH": 0.25, "LRCX": 0.75, "LW": 0.6, "LVS": 0.15, "LDOS": 0.575, "LYV": 0.3, "LKQ": 0.6749999999999999, "LMT": 0.32499999999999996, "L": 0.425, "LOW": 0.7999999999999999, "LYB": 0.6499999999999999, "MTB": 0.85, "MRO": 0.85, "MPC": 0.1, "MKTX": 0.5, "MAR": 0, "MMC": 0.32499999999999996, "MLM": 0.49999999999999994, "MAS": 0.7000000000000001, "MA": 0.32499999999999996, "MTCH": 0.6749999999999999, "MKC": 0.4, "MCD": 0.6, "MCK": 0.65, "MDT": 0.35, "MRK": 0.75, "MTD": 0.6499999999999999, "MGM": 0.4, "MCHP": 0.6749999999999999, "MU": 0.525, "MSFT": 0.5, "MHK": 0.5, "MOH": 0.575, "TAP": 0.35, "MCO": 0.32499999999999996, "MSI": 0.42500000000000004, "MSCI": 0.6, "NDAQ": 0.85, "NTAP": 0.75, "NFLX": 0.5, "NWL": 0.5, "NEM": 0.25, "NWSA": 0.6749999999999999, "NWS": 0.6749999999999999, "NEE": 0.6749999999999999, "NKE": 0.49999999999999994, "NI": 0.425, "NDSN": 0.25, "NSC": 0.25, "NOC": 0.44999999999999996, "NCLH": 0.42500000000000004, "NRG": 0.75, "NUE": 0.6749999999999999, "NVDA": 0.6749999999999999, "NXPI": 1.0, "ORLY": 0.32499999999999996, "OXY": 0.85, "ODFL": 0.42500000000000004, "OMC": 0.475, "ON": 0.5, "OKE": 0.15, "ORCL": 0.75, "PKG": 0.32499999999999996, "PH": 0.2, "PAYX": 0.15, "PAYC": 0.15, "PNR": 0.42500000000000004, "PEP": 0.6499999999999999, "PKI": 0.25, "PFE": 0.85, "PM": 0.85, "PSX": 0.32499999999999996, "PNW": 0.675, "PXD": 0.35, "POOL": 0.15, "PPG": 0.42500000000000004, "PPL": 0.575, "PFG": 0.25, "PG": 0.4, "PLD": 0.725, "PRU": 0.5, "PTC": 0.3, "PEG": 0.75, "PSA": 0.6499999999999999, "PHM": 0.575, "QCOM": 0.6499999999999999, "PWR": 0.35, "DGX": 0.525, "RL": 0.6749999999999999, "O": 0.7000000000000001, "RSG": 0.25, "RMD": 0.6499999999999999, "RHI": 0.6, "ROK": 0.15, "ROP": 0.25, "ROST": 0.5, "RCL": 0.42500000000000004, "SPGI": 0.5, "CRM": 0.15, "SBAC": 0.5750000000000001, "SLB": 0.4, "STX": 0.75, "SEE": 1.0, "SRE": 0.9, "NOW": 0.3, "SHW": 0.25, "SNA": 0.6749999999999999, "SO": 0.15, "LUV": 0.6749999999999999, "SWK": 0.5, "SBUX": 0.6, "STLD": 0.6749999999999999, "SYK": 0.6499999999999999, "SYF": 0.575, "SNPS": 0.6749999999999999, "SYY": 0.475, "TMUS": 0.525, "TPR": 0.65, "TRGP": 0.575, "TGT": 0.15, "TEL": 0.35, "TDY": 0.25, "TFX": 0.15, "TSLA": 0.35, "TXN": 0.5, "TXT": 0.6749999999999999, "KO": 0.6499999999999999, "EL": 0.32499999999999996, "HD": 0.7000000000000001, "IPG": 0.475, "SJM": 0.525, "MOS": 0.85, "TRV": 0.35, "TMO": 0.525, "TJX": 0.75, "TSCO": 0.75, "TDG": 0.575, "TRMB": 0.7, "TFC": 0.85, "UDR": 0.175, "UNP": 0.15, "UAL": 0.5, "UPS": 0.15, "URI": 0.5, "UNH": 0.75, "UHS": 0.5, "VLO": 0.15, "VTR": 0.35, "VRSK": 0.6499999999999999, "VZ": 0.32499999999999996, "VICI": 0.1, "VMC": 0.15, "GWW": 0.32499999999999996, "WAB": 0.1, "WBA": 0.6749999999999999, "WMT": 0.25, "WM": 0.32499999999999996, "WAT": 0.6499999999999999, "WELL": 0.6749999999999999, "WST": 0.6499999999999999, "WDC": 0.6749999999999999, "WRK": 0.65, "WY": 0.575, "WHR": 0.575, "WMB": 0.3, "WYNN": 0.75, "XEL": 0.42500000000000004, "XYL": 0.5, "YUM": 0.85, "ZBRA": 0.75, "ZBH": 0.4, "ZTS": 0.5}