{"MMM": 0.6, "AOS": 0.825, "ABT": 0.525, "ACN": 0.35, "ATVI": 0.25, "ADM": 0.25, "ADBE": 0.175, "AAP": 0.1, "AFL": 0.85, "A": 0.85, "APD": 0.32499999999999996, "ALK": 0.7, "ALB": 0.85, "ARE": 0.6749999999999999, "LNT": 0.85, "ALL": 0.85, "MO": 0.25, "AMZN": 0.6749999999999999, "AEE": 0.42500000000000004, "AAL": 0.25, "AEP": 0.475, "AIG": 0.35, "AMT": 0.475, "AWK": 0.32499999999999996, "ABC": 0.15, "AME": 0.15, "AMGN": 0.32499999999999996, "APH": 1.0, "ADI": 0.575, "AON": 0.5, "AAPL": 0.5, "AMAT": 0.15, "AJG": 0.5, "T": 0.85, "ATO": 0.15, "AZO": 0.75, "AVB": 0.85, "AVY": 0.35, "BAC": 0.5, "BAX": 0.575, "BDX": 0.6, "BBY": 0.5, "BIO": 0.85, "BIIB": 0.35, "BLK": 0.15, "BK": 0.5, "BA": 0.15, "BWA": 0.25, "BXP": 0.2, "BSX": 0.55, "BMY": 0.15, "BR": 0.32499999999999996, "BRO": 0.7000000000000001, "CHRW": 0.5, "CPB": 0.25, "CAH": 0.25, "KMX": 0.25, "CCL": 0.6749999999999999, "CDW": 0, "CE": 0.75, "CNC": 0.5, "CNP": 0.25, "CF": 0.85, "CRL": 0.575, "SCHW": 0.32499999999999996, "CHTR": 0.475, "CVX": 0.85, "CHD": 0.4, "CTAS": 0.6, "CSCO": 0.6749999999999999, "CLX": 0.5, "CME": 0.25, "CMS": 0.32499999999999996, "CL": 0.5, "CMCSA": 0.675, "CMA": 0.25, "CAG": 0.5, "COP": 1.0, "COO": 0.42500000000000004, "CPRT": 0.825, "GLW": 0.25, "CSGP": 0.6749999999999999, "COST": 0.15, "CCI": 0.475, "CSX": 0.6749999999999999, "CMI": 0.85, "CVS": 0.25, "DHI": 0.575, "DHR": 0.575, "DRI": 0.35, "DVA": 0.4, "DAL": 0.85, "XRAY": 0.85, "DVN": 0.25, "DXCM": 0.55, "FANG": 0, "DFS": 0.32499999999999996, "DISH": 0.32499999999999996, "DG": 0.42500000000000004, "DLTR": 0.6499999999999999, "D": 0.175, "DPZ": 0.7000000000000001, "DOV": 0.35, "DTE": 0.375, "DUK": 0.4, "EMN": 0.425, "ETN": 0.85, "EBAY": 0.85, "ECL": 0.32499999999999996, "EIX": 0.6, "EW": 0.6749999999999999, "EA": 0.175, "LLY": 0.5, "EMR": 0.75, "ENPH": 0.3, "ETR": 0.525, "EOG": 0.2, "EQT": 0, "EFX": 0.15, "EQIX": 0.25, "EQR": 0.7, "EXC": 0.6749999999999999, "EXPE": 0.32499999999999996, "EXR": 0.42500000000000004, "XOM": 0.9, "FRT": 0.15, "FDX": 0.525, "FSLR": 0.6749999999999999, "FE": 0.5, "FIS": 0.5249999999999999, "FISV": 0.25, "FLT": 0.175, "FMC": 0.15, "IT": 0.5, "GNRC": 0.475, "GD": 0.6749999999999999, "GIS": 0.42500000000000004, "GPC": 0.9, "GILD": 0.5, "GPN": 0.25, "HAL": 0.5, "HIG": 0.42500000000000004, "HAS": 0.75, "HCA": 0.525, "HSIC": 0.6749999999999999, "HSY": 0.32499999999999996, "HES": 0.85, "HOLX": 0.5, "HON": 0, "HRL": 0.85, "HPQ": 0.85, "HUM": 0.85, "HII": 0.4, "IBM": 0.75, "IEX": 0.15, "IDXX": 0.35, "ITW": 0.75, "ILMN": 0.5, "INCY": 0.25, "INTC": 0.85, "IFF": 0.6499999999999999, "IP": 0.5, "IVZ": 0.75, "IRM": 0.5750000000000001, "JBHT": 0.35, "JKHY": 0.32499999999999996, "JNJ": 0.32499999999999996, "JCI": 0.6499999999999999, "JNPR": 0.25, "K": 0.75, "KMB": 0.75, "KLAC": 0.15, "KR": 0.25, "LH": 0.25, "LRCX": 0.6749999999999999, "LVS": 0.15, "LDOS": 0.425, "LYV": 0.475, "LKQ": 0.25, "LMT": 0.15, "L": 0.575, "LOW": 0.75, "MRO": 1.0, "MPC": 0.525, "MAR": 0.725, "MMC": 0.75, "MLM": 0.6499999999999999, "MAS": 0.25, "MKC": 0.575, "MCD": 0.5, "MCK": 0.15, "MRK": 0.9, "MET": 0.25, "MTD": 0.6499999999999999, "MGM": 0.5, "MCHP": 0.675, "MU": 0.6499999999999999, "MSFT": 0.25, "MHK": 0.35, "MOH": 0.5, "TAP": 0.5, "MCO": 0.32499999999999996, "MSI": 0.15, "MSCI": 0.32499999999999996, "NDAQ": 0.85, "NTAP": 0.42500000000000004, "NFLX": 0.1, "NWL": 0.75, "NEM": 0.5, "NEE": 0.5, "NKE": 0.75, "NI": 0.6749999999999999, "NDSN": 0.42500000000000004, "NSC": 0.25, "NOC": 0.4, "NRG": 0.4, "NUE": 0.25, "NVDA": 0.65, "NXPI": 0.32499999999999996, "ORLY": 0.32499999999999996, "OXY": 0.85, "ODFL": 0.6, "OMC": 0.5, "OKE": 0.3, "ORCL": 0.75, "PKG": 0.32499999999999996, "PH": 0.5, "PNR": 0.575, "PEP": 0.75, "PKI": 0.25, "PFE": 1.0, "PM": 0.85, "PSX": 0.725, "PNW": 0.75, "PXD": 0.15, "POOL": 0.4, "PPG": 0.525, "PFG": 0.575, "PG": 0.4, "PGR": 0.75, "PLD": 0.725, "PRU": 0.4, "PTC": 0.6499999999999999, "PEG": 0.6499999999999999, "PSA": 0.6, "PWR": 1.0, "DGX": 0.6749999999999999, "RL": 0.75, "RJF": 0.575, "REGN": 0.32499999999999996, "RSG": 0.725, "RMD": 0.575, "RHI": 0.5750000000000001, "ROK": 0.32499999999999996, "ROP": 0, "ROST": 0.75, "RCL": 0.4, "SBAC": 0.3, "SLB": 0.35, "STX": 0.75, "SEE": 0.4, "SRE": 0.42500000000000004, "SHW": 0.5, "SPG": 0.35, "SNA": 0.42500000000000004, "SO": 0.6499999999999999, "LUV": 0.42500000000000004, "SWK": 0.5, "SBUX": 0.32499999999999996, "STLD": 0.42500000000000004, "SYK": 0.35, "SIVB": 0.3, "SNPS": 0.6749999999999999, "SYY": 0.42500000000000004, "TMUS": 0.5, "TTWO": 0.5, "TRGP": 0.15, "TEL": 0.85, "TDY": 0.85, "TFX": 0.42500000000000004, "TER": 0.4, "TSLA": 0.4, "TXN": 0.9, "TXT": 0.35, "KO": 0.6499999999999999, "EL": 0.32499999999999996, "HD": 0.25, "IPG": 0.6499999999999999, "SJM": 0.85, "TRV": 0.85, "TMO": 0.25, "TJX": 0.6499999999999999, "TDG": 0.575, "TRMB": 0.32499999999999996, "UDR": 0.4, "UNP": 0.85, "UAL": 0.42500000000000004, "UPS": 0.5, "URI": 0.15, "VLO": 0.4, "VTR": 0.85, "VRSN": 0.85, "VRSK": 0.6499999999999999, "VZ": 0.525, "VFC": 0.32499999999999996, "VMC": 0.25, "GWW": 0.5, "WAB": 0.175, "WMT": 0.5249999999999999, "WM": 0.3, "WEC": 0.75, "WST": 0.75, "WDC": 0.35, "WHR": 0.35, "WTW": 0.25, "WYNN": 0.275, "XEL": 0.15, "XYL": 0.25, "YUM": 0.35}