{"AOS": 0.42500000000000004, "ABT": 0.35, "ABBV": 0.425, "ACN": 0.5, "ATVI": 0.42500000000000004, "ADM": 0.35, "ADBE": 0.32499999999999996, "ADP": 0.3, "AAP": 0.25, "AFL": 0.85, "A": 0.6499999999999999, "APD": 0.575, "AKAM": 0.525, "ALK": 0.85, "ALB": 0.575, "ARE": 0.4, "ALLE": 0.75, "LNT": 0.475, "ALL": 1.0, "MO": 0.6499999999999999, "AMZN": 0.6749999999999999, "AMD": 0.3, "AEE": 0.42500000000000004, "AAL": 0.15, "AEP": 0.42500000000000004, "AIG": 0.25, "AMT": 0.15, "AWK": 0.32499999999999996, "ABC": 0.15, "AME": 0.25, "AMGN": 0.575, "APH": 0.85, "ADI": 0.475, "AON": 0.5, "AAPL": 0.5249999999999999, "AMAT": 0.6, "ACGL": 0.85, "AJG": 0.32499999999999996, "T": 0.525, "ATO": 0.32499999999999996, "ADSK": 0.575, "AZO": 0.575, "AVB": 0.85, "AVY": 0.32499999999999996, "BAX": 0.42500000000000004, "BDX": 0.15, "BBY": 0.85, "TECH": 0.7, "BIIB": 0.42500000000000004, "BLK": 0.3, "BK": 0.85, "BA": 0.32499999999999996, "BWA": 0.35, "BXP": 0.42500000000000004, "BSX": 0.5, "BMY": 0.175, "BR": 0.475, "BRO": 0.525, "CHRW": 0.5, "CDNS": 0.6499999999999999, "CZR": 0.2, "CPT": 0.2, "CPB": 0.4, "CAH": 0.6749999999999999, "KMX": 0.15, "CCL": 0.85, "CTLT": 0.4, "CDW": 0.15, "CE": 0.75, "CNC": 0.5, "CNP": 0.42500000000000004, "CF": 0.5, "CRL": 0.7999999999999999, "SCHW": 0.15, "CVX": 0.7, "CHD": 0.65, "CSCO": 0.7, "CME": 0.15, "CMS": 0.275, "CTSH": 0.275, "CL": 0.525, "CMCSA": 0.6749999999999999, "CMA": 0.15, "COP": 0.4, "ED": 0.6749999999999999, "COO": 0.4, "CPRT": 0.85, "GLW": 0.7, "CSGP": 0.6749999999999999, "COST": 0.32499999999999996, "CCI": 0.3, "CSX": 0.5249999999999999, "CMI": 0.7, "CVS": 0.575, "DHI": 0.5, "DHR": 0.575, "DRI": 0.6, "DVA": 0.42500000000000004, "DAL": 0.5, "XRAY": 0.25, "DVN": 0.6, "FANG": 0.32499999999999996, "DFS": 0.32499999999999996, "DISH": 0.625, "DG": 0.6499999999999999, "DLTR": 0.475, "D": 0.32499999999999996, "DPZ": 0.6, "DOV": 0.525, "DTE": 0.25, "DUK": 0.4, "EMN": 0.35, "ETN": 0.85, "EBAY": 0.85, "ECL": 0.32499999999999996, "EW": 0.6749999999999999, "LLY": 0.5, "EMR": 0.175, "ENPH": 0.3, "ETR": 0.65, "EOG": 0.6499999999999999, "EPAM": 0.15, "EQT": 0.725, "EFX": 0.475, "EQIX": 0.42500000000000004, "EQR": 0.85, "ESS": 0.75, "EXC": 0.85, "EXPE": 0.15, "EXR": 0.32499999999999996, "XOM": 0.7000000000000001, "FDS": 0.5, "FAST": 0.6749999999999999, "FRT": 0.32499999999999996, "FDX": 0.575, "FSLR": 0.5, "FE": 0.4, "FIS": 0.35, "FLT": 0.32499999999999996, "FMC": 0.15, "FCX": 0.35, "IT": 0.6499999999999999, "GEN": 0.85, "GNRC": 0.6499999999999999, "GD": 0.75, "GIS": 0.25, "GPC": 0.75, "GILD": 0.75, "GPN": 0.3, "GS": 0.6749999999999999, "HAL": 0.575, "HIG": 0.25, "HAS": 0.7999999999999999, "HCA": 0.85, "HSIC": 0.85, "HSY": 0.15, "HES": 0.35, "HPE": 0.7, "HLT": 0.4, "HOLX": 0.42500000000000004, "HON": 0.15, "HRL": 0.42500000000000004, "HST": 0.85, "HUM": 0.5, "HBAN": 0.25, "HII": 0.6499999999999999, "IBM": 0.75, "IEX": 0.15, "IDXX": 0.6, "ILMN": 0.32499999999999996, "INCY": 0.15, "INTC": 0.85, "IFF": 0.6499999999999999, "IP": 0.1, "INTU": 0.475, "IVZ": 0.75, "IRM": 0.15, "JNJ": 0.32499999999999996, "JCI": 0.4, "JNPR": 0.35, "K": 0.3, "KEYS": 0.575, "KMB": 0.85, "KMI": 0.675, "KLAC": 0.65, "KR": 0.4, "LH": 0.6749999999999999, "LRCX": 0.6749999999999999, "LVS": 0.32499999999999996, "LDOS": 0.275, "LYV": 0.4, "LKQ": 0.1, "LMT": 0.475, "L": 0.35, "LOW": 0.75, "LYB": 0.6499999999999999, "MTB": 0.75, "MRO": 0.5, "MPC": 0.525, "MAR": 0.15, "MMC": 0.5, "MLM": 0.9, "MAS": 0.35, "MA": 0.32499999999999996, "MTCH": 0.7, "MKC": 0.75, "MCD": 0.6, "MCK": 0.5, "MDT": 0.525, "MRK": 0.75, "MTD": 0.5, "MGM": 0.25, "MU": 0.6749999999999999, "MSFT": 0.15, "MHK": 0.5, "MOH": 0.5, "TAP": 0.7, "MCO": 0.6749999999999999, "MSI": 0.6, "MSCI": 0.5, "NDAQ": 0.5, "NTAP": 0.525, "NFLX": 0.32499999999999996, "NWL": 0.4, "NEM": 0.6749999999999999, "NWSA": 0.4, "NWS": 0.4, "NEE": 0.85, "NKE": 0.75, "NI": 0.375, "NDSN": 0.6, "NSC": 0.25, "NOC": 0.475, "NCLH": 0.75, "NRG": 0.4, "NUE": 0.525, "NVDA": 0.6749999999999999, "NXPI": 0.35, "ORLY": 0.5, "OXY": 0.475, "ODFL": 0.55, "OMC": 0.32499999999999996, "ON": 0.35, "OKE": 0.6, "ORCL": 0.7, "PKG": 0.5, "PH": 0.5750000000000001, "PAYC": 0.32499999999999996, "PNR": 0.25, "PEP": 0.75, "PKI": 0.25, "PFE": 0.85, "PM": 0.275, "PSX": 0.42500000000000004, "PNW": 0.4, "PXD": 0.3, "POOL": 0.4, "PPG": 0.42500000000000004, "PFG": 0.4, "PG": 0.25, "PGR": 0.75, "PLD": 0.575, "PRU": 0.35, "PEG": 0.75, "PHM": 0.5, "QRVO": 0.825, "QCOM": 0.42500000000000004, "PWR": 0.5, "DGX": 0.35, "RL": 0.85, "RSG": 0.1, "RMD": 0.6499999999999999, "RHI": 0.6, "ROK": 0.5, "ROP": 0.42500000000000004, "ROST": 0.32499999999999996, "RCL": 0.42500000000000004, "SPGI": 0.32499999999999996, "CRM": 0.3, "SBAC": 0.42500000000000004, "SLB": 0.475, "STX": 0.6, "SEE": 0.75, "SRE": 0.75, "NOW": 0.4, "SHW": 0.575, "SNA": 1.0, "SO": 0.6499999999999999, "LUV": 0.575, "SWK": 0.6749999999999999, "SBUX": 0.5, "STLD": 0.1, "SYK": 0.42500000000000004, "SYY": 0.15, "TMUS": 0.525, "TTWO": 0.32499999999999996, "TRGP": 0.32499999999999996, "TEL": 0.675, "TDY": 0.42500000000000004, "TFX": 0.15, "TSLA": 0.5, "TXN": 0.5, "TXT": 0.5, "KO": 0.6499999999999999, "EL": 0.32499999999999996, "HD": 0.6, "IPG": 0.75, "SJM": 0.85, "MOS": 0.6749999999999999, "TRV": 0.75, "TMO": 0.25, "TJX": 0.575, "TSCO": 0.75, "TDG": 0.6749999999999999, "TRMB": 0.25, "UDR": 0.32499999999999996, "UNP": 0.5, "UAL": 0.6749999999999999, "UPS": 0.3, "URI": 0.3, "UNH": 0.75, "UHS": 0.6749999999999999, "VLO": 0.375, "VTR": 0.6749999999999999, "VRSK": 0.575, "VZ": 0.6, "VRTX": 0.15, "VFC": 0.32499999999999996, "VMC": 0.5750000000000001, "GWW": 0.15, "WAB": 0.4, "WBA": 0.35, "WMT": 0.6749999999999999, "WM": 0.32499999999999996, "WAT": 0.475, "WEC": 0.175, "WST": 0.6499999999999999, "WDC": 0.55, "WHR": 0.35, "WMB": 0.3, "WTW": 0.5, "WYNN": 0.15, "XEL": 0.42500000000000004, "XYL": 0.32499999999999996, "ZBRA": 0.575, "ZBH": 0.525, "ZTS": 0.32499999999999996}