{"MMM": 0.6, "AOS": 0.85, "ABT": 0.6, "ABBV": 0.32499999999999996, "ACN": 0.65, "ATVI": 0.42500000000000004, "ADM": 0.5249999999999999, "ADBE": 0.475, "AAP": 0.42500000000000004, "AFL": 0.85, "A": 0.5249999999999999, "APD": 0.3, "AKAM": 0.15, "ALK": 0.75, "ALB": 0.3, "ARE": 0.25, "LNT": 0.7, "ALL": 0.85, "MO": 0.42500000000000004, "AMZN": 0.35, "AMD": 0.25, "AEE": 0.15, "AAL": 0.475, "AEP": 0.32499999999999996, "AIG": 0.25, "AMT": 0.32499999999999996, "AWK": 0.15, "ABC": 0.15, "AME": 0.42500000000000004, "AMGN": 0.3, "APH": 0.575, "ADI": 0.65, "AON": 0.65, "AAPL": 0.5249999999999999, "AMAT": 0.2, "ACGL": 0.85, "AJG": 0.15, "T": 0.5, "ATO": 0.15, "ADSK": 0.32499999999999996, "AZO": 0.42500000000000004, "AVB": 0.825, "AVY": 0.5, "BAX": 0.85, "BDX": 0.75, "BBY": 0.6749999999999999, "BIO": 0.675, "TECH": 0.75, "BIIB": 0.5750000000000001, "BLK": 0.15, "BK": 0.4, "BA": 0.32499999999999996, "BWA": 0.525, "BXP": 0.575, "BSX": 0.425, "BMY": 0.3, "BR": 0.5, "BRO": 0.25, "CHRW": 0.32499999999999996, "CDNS": 0.175, "CPT": 0.85, "CPB": 0.25, "CAH": 0.25, "CCL": 0.85, "CTLT": 0.75, "CDW": 0.15, "CE": 0.75, "CNC": 0.5, "CNP": 0.75, "CF": 0.85, "CRL": 0.32499999999999996, "SCHW": 0, "CHTR": 0.625, "CVX": 0.85, "CHD": 0.75, "CSCO": 0.6749999999999999, "CLX": 0.32499999999999996, "CME": 0.3, "CMS": 0.32499999999999996, "CTSH": 0.3, "CL": 0.5750000000000001, "CMCSA": 0.55, "CMA": 0.1, "CAG": 0.575, "COP": 0.7, "ED": 0.6749999999999999, "COO": 0.275, "CPRT": 0.5249999999999999, "GLW": 0.35, "CSGP": 0.35, "COST": 0.32499999999999996, "CCI": 0.15, "CSX": 0.5, "CMI": 0.85, "CVS": 0.75, "DHI": 0.25, "DRI": 0.525, "DVA": 0.25, "DAL": 0.44999999999999996, "XRAY": 0.25, "DVN": 0.5, "DXCM": 0.25, "FANG": 0.3, "DFS": 0.3, "DISH": 0.65, "DG": 0.475, "DLTR": 0.32499999999999996, "D": 0.3, "DPZ": 0.42500000000000004, "DOV": 0.675, "DTE": 0.6749999999999999, "DUK": 0.42500000000000004, "EMN": 0.5, "ETN": 0.7, "EBAY": 0.6749999999999999, "ECL": 0.65, "EIX": 0.6749999999999999, "EW": 0.5249999999999999, "LLY": 0.32499999999999996, "EMR": 0.525, "ENPH": 0.4, "ETR": 0.35, "EOG": 0.15, "EQT": 0.15, "EFX": 0.32499999999999996, "EQIX": 0.4, "EQR": 0.525, "ES": 0.42500000000000004, "EXC": 0.35, "EXPE": 0.15, "EXR": 0.15, "XOM": 0.75, "FDS": 0.5, "FAST": 0.7, "FRT": 0.32499999999999996, "FDX": 0.55, "FSLR": 0.85, "FE": 0.4, "FIS": 0.7000000000000001, "FLT": 0.15, "FMC": 0.1, "IT": 0.65, "GEN": 0.85, "GNRC": 0.32499999999999996, "GD": 1.0, "GIS": 0.25, "GPC": 0.75, "GILD": 0.725, "GPN": 0.32499999999999996, "GS": 1.0, "HAL": 0.75, "HIG": 0.25, "HAS": 0.625, "HCA": 0.5, "HSIC": 0.85, "HSY": 0.6, "HES": 0.85, "HOLX": 0.15, "HON": 0.15, "HRL": 0.85, "HST": 0.85, "HPQ": 0.85, "HUM": 0.6749999999999999, "HII": 0.15, "IBM": 0.75, "IEX": 0.25, "IDXX": 0.5, "ITW": 0.32499999999999996, "ILMN": 0.5, "INCY": 0.55, "INTC": 0.85, "ICE": 0.6749999999999999, "IFF": 0.75, "IP": 0.42500000000000004, "IVZ": 0.75, "IRM": 0.25, "JBHT": 0.5, "JKHY": 0.15, "JNJ": 0.42500000000000004, "JCI": 0.6499999999999999, "JNPR": 0.5, "K": 0.44999999999999996, "KMB": 0.75, "KMI": 0.25, "KLAC": 0.32499999999999996, "KR": 0.4, "LH": 0.25, "LRCX": 0.6749999999999999, "LVS": 0.475, "LDOS": 0.42500000000000004, "LYV": 0.4, "LKQ": 0.1, "LMT": 0.65, "L": 0.1, "LOW": 0.9, "LYB": 0.7999999999999999, "MTB": 0.575, "MRO": 0.7, "MPC": 0.35, "MAR": 0.42500000000000004, "MMC": 0.5, "MLM": 0.575, "MAS": 0.1, "MA": 0.65, "MKC": 0.75, "MCD": 0.5, "MCK": 0.25, "MRK": 0.85, "MET": 0.5, "MTD": 0.6499999999999999, "MGM": 0.25, "MU": 0.525, "MSFT": 0.3, "MHK": 0.525, "MOH": 0.35, "TAP": 0.25, "MCO": 0.6, "MSI": 0.25, "MSCI": 0.32499999999999996, "NDAQ": 0.7, "NTAP": 0.85, "NFLX": 0.525, "NWL": 0.6, "NEM": 0.2, "NEE": 0.5249999999999999, "NKE": 0.75, "NI": 0.5249999999999999, "NDSN": 0.75, "NSC": 0.5, "NOC": 0.32499999999999996, "NCLH": 0.6499999999999999, "NRG": 0.35, "NUE": 0.35, "NVDA": 0.35, "ORLY": 0.32499999999999996, "OXY": 0.25, "ODFL": 0.85, "OMC": 0.5, "ON": 0.6749999999999999, "OKE": 0.15, "ORCL": 0.5249999999999999, "PKG": 0.175, "PH": 0.35, "PNR": 0.575, "PEP": 0.75, "PKI": 0.25, "PFE": 0.85, "PM": 0.7000000000000001, "PSX": 0.75, "PNW": 0.7999999999999999, "PXD": 0.65, "POOL": 0.4, "PPG": 0.525, "PFG": 0.4, "PG": 0.25, "PGR": 0.6, "PLD": 0.425, "PRU": 0.4, "PTC": 0.75, "PEG": 0.75, "PSA": 0.6499999999999999, "PHM": 0.5, "PWR": 0.5, "DGX": 0.7, "RL": 0.85, "RJF": 0.85, "REGN": 0.32499999999999996, "RSG": 0.1, "RMD": 0.6499999999999999, "RHI": 0.42500000000000004, "ROK": 0.475, "ROP": 0.15, "ROST": 0.75, "RCL": 0.25, "CRM": 0.44999999999999996, "SBAC": 0.25, "SLB": 0.5, "STX": 0.75, "SEE": 0.15, "SRE": 0.5, "NOW": 0.4, "SHW": 0.75, "SPG": 0.32499999999999996, "SNA": 0.42500000000000004, "SO": 0.49999999999999994, "LUV": 0.32499999999999996, "SWK": 0.35, "SBUX": 0.32499999999999996, "STLD": 0.25, "SYK": 0.32499999999999996, "SNPS": 0.45, "SYY": 0.25, "TMUS": 0.525, "TTWO": 0.4, "TRGP": 0.15, "TEL": 0.6749999999999999, "TDY": 0.85, "TFX": 0.42500000000000004, "TER": 0.4, "TSLA": 0.4, "TXN": 0.5, "TXT": 0.35, "KO": 0.6, "EL": 0.32499999999999996, "HD": 0.6, "IPG": 0.575, "SJM": 0.4, "MOS": 0.85, "TRV": 0.75, "TMO": 0.525, "TJX": 0.75, "TDG": 0.6749999999999999, "TRMB": 0.25, "UDR": 0.32499999999999996, "UNP": 0.575, "UAL": 0.5750000000000001, "UPS": 0.475, "URI": 0.4, "UHS": 0.85, "VLO": 0.25, "VTR": 0.85, "VRSN": 0.6, "VRSK": 0.75, "VZ": 0.32499999999999996, "VRTX": 0.4, "VFC": 0.15, "VMC": 0.25, "GWW": 0.5, "WAB": 0.32499999999999996, "WMT": 0.6749999999999999, "WM": 0.75, "WAT": 0.475, "WEC": 0.9, "WST": 0.6499999999999999, "WDC": 0.525, "WY": 0.7, "WHR": 0.35, "WTW": 0.42500000000000004, "WYNN": 0.25, "XEL": 0.32499999999999996, "XYL": 0.25, "YUM": 0.475, "ZBRA": 0.15, "ZBH": 0.35, "ZTS": 0.32499999999999996}