{"MMM": 0.1, "AOS": 0.25, "ABT": 0.575, "ABBV": 0.42500000000000004, "ACN": 0.32499999999999996, "ATVI": 0.15, "ADM": 0.5, "ADBE": 0.175, "ADP": 0.15, "AAP": 0.35, "AFL": 0.85, "A": 0.6, "APD": 0.32499999999999996, "AKAM": 0.525, "ALK": 0.85, "ALB": 0.6749999999999999, "ARE": 0.2, "ALLE": 0.425, "LNT": 0.5, "ALL": 0.85, "MO": 0.75, "AMZN": 0.5249999999999999, "AMD": 0.15, "AEE": 0.3, "AAL": 0.32499999999999996, "AEP": 0.475, "AIG": 0.5, "AMT": 0.32499999999999996, "AWK": 0.15, "ABC": 0.15, "AME": 0.5, "AMGN": 0.4, "APH": 0.55, "ADI": 0.75, "AON": 0.3, "AAPL": 0.85, "AMAT": 0.6, "APTV": 0.15, "ACGL": 1.0, "AJG": 0.3, "T": 0.85, "ATO": 0.32499999999999996, "ADSK": 0.5249999999999999, "AZO": 0.6, "AVB": 0.85, "AVY": 0.3, "BAX": 0.5, "BDX": 0.575, "BBY": 0.42500000000000004, "BIO": 0.42500000000000004, "TECH": 0.675, "BIIB": 0.425, "BLK": 0.175, "BK": 0.85, "BA": 0.35, "BKNG": 0.4, "BWA": 0.5, "BXP": 0.25, "BSX": 0.32499999999999996, "BMY": 0.3, "BR": 0.5, "BRO": 0.6499999999999999, "CHRW": 0.475, "CDNS": 0.32499999999999996, "CZR": 0.55, "CPT": 0.25, "CPB": 0.32499999999999996, "COF": 0.5, "CAH": 0.6749999999999999, "KMX": 0.25, "CCL": 0.85, "CTLT": 0.75, "CBRE": 0.75, "CDW": 0.5, "CE": 0.6, "CNC": 0.7000000000000001, "CNP": 0.75, "CF": 0.7000000000000001, "CRL": 0.32499999999999996, "SCHW": 0.15, "CHTR": 0.85, "CVX": 0.55, "CHD": 0.475, "CTAS": 0.6, "CSCO": 0.65, "CMS": 0.55, "CTSH": 0.4, "CL": 0.675, "CMCSA": 0.75, "CAG": 0.525, "COP": 0.3, "ED": 0.85, "COO": 0.45, "CPRT": 0.32499999999999996, "GLW": 0.65, "CSGP": 0.65, "COST": 0.175, "CTRA": 0.475, "CCI": 0.15, "CSX": 1.0, "CMI": 0.7, "CVS": 0.85, "DHI": 0.85, "DHR": 0.42500000000000004, "DRI": 0.6, "DVA": 0.42500000000000004, "DAL": 0.675, "XRAY": 0.5, "DVN": 0.65, "DXCM": 0.4, "FANG": 0.175, "DFS": 0.15, "DISH": 0.75, "DG": 0.32499999999999996, "DLTR": 0.75, "D": 0.5, "DPZ": 0.42500000000000004, "DOV": 0.85, "DTE": 0.42500000000000004, "DUK": 0.25, "EMN": 0.2, "ETN": 1.0, "EBAY": 0.4, "ECL": 0.32499999999999996, "EIX": 0.55, "EW": 0.575, "LLY": 0.3, "EMR": 0.475, "ENPH": 0.55, "ETR": 0.6749999999999999, "EOG": 0.5, "EPAM": 0.3, "EQT": 0.85, "EFX": 0.42500000000000004, "EQIX": 0.1, "EQR": 1.0, "ESS": 0.75, "ES": 0.5750000000000001, "EXC": 0.85, "EXPE": 0.25, "EXR": 0.625, "XOM": 0.7000000000000001, "FDS": 0.5, "FAST": 0.675, "FRT": 0.15, "FDX": 0.6749999999999999, "FSLR": 0.5, "FE": 0.4, "FIS": 0.7000000000000001, "FLT": 0, "FMC": 0.32499999999999996, "F": 0.65, "FTV": 0.475, "FCX": 0.825, "GEN": 1.0, "GNRC": 0.475, "GD": 0.575, "GE": 0.4, "GPC": 0.725, "GILD": 0.4, "GPN": 0, "GS": 0.5249999999999999, "HAL": 0.725, "HIG": 0.6749999999999999, "HAS": 0.3, "HCA": 0.7000000000000001, "HSIC": 0.55, "HSY": 0.5, "HES": 0.5, "HPE": 1.0, "HLT": 0.6499999999999999, "HOLX": 0.3, "HON": 0.3, "HRL": 0.65, "HST": 1.0, "HPQ": 1.0, "HUM": 0.25, "HBAN": 0.475, "HII": 0, "IBM": 0.425, "IEX": 0.15, "IDXX": 0.275, "ITW": 0.15, "ILMN": 0.175, "INCY": 0.4, "INTC": 0.85, "ICE": 0.32499999999999996, "IFF": 0.175, "IP": 0.825, "INTU": 0.15, "IVZ": 1.0, "IQV": 0.75, "IRM": 0.15, "JBHT": 0.6499999999999999, "JNJ": 0.475, "JCI": 0.6749999999999999, "JNPR": 0.65, "K": 0.575, "KEYS": 0.6, "KMB": 0.75, "KIM": 0.35, "KMI": 0.25, "KLAC": 0.42500000000000004, "KHC": 0.85, "KR": 0.4, "LH": 0.85, "LRCX": 0.7, "LW": 0.42500000000000004, "LVS": 0.6499999999999999, "LDOS": 0.85, "LYV": 0.475, "LKQ": 0.4, "LMT": 0.4, "L": 0.525, "LOW": 0.75, "LYB": 0.6499999999999999, "MTB": 0.575, "MRO": 0.5, "MPC": 0.42500000000000004, "MAR": 0.175, "MMC": 0.15, "MLM": 0.6749999999999999, "MAS": 0.35, "MA": 0.175, "MTCH": 0.35, "MKC": 0.725, "MCD": 0.25, "MCK": 0.35, "MDT": 0.675, "MRK": 0.6, "MTD": 0.5, "MGM": 0.75, "MCHP": 0.7000000000000001, "MU": 0.85, "MSFT": 0.32499999999999996, "MHK": 0.35, "MOH": 0.4, "TAP": 0.35, "MCO": 0.275, "MSI": 0.4, "MSCI": 0.175, "NDAQ": 1.0, "NTAP": 0.25, "NFLX": 0, "NWL": 1.0, "NEM": 0.4, "NWSA": 0.65, "NWS": 0.65, "NEE": 0.85, "NKE": 0.5, "NI": 0.5, "NDSN": 0.25, "NSC": 0.75, "NOC": 0.15, "NCLH": 0.25, "NRG": 0.4, "NUE": 0.525, "NVDA": 0.6749999999999999, "NXPI": 0.7, "ORLY": 0.5, "OXY": 0.6, "ODFL": 0.75, "OMC": 0, "ON": 0.85, "OKE": 0.3, "ORCL": 0.4, "PKG": 0.5, "PH": 0.2, "PNR": 0.725, "PEP": 0.32499999999999996, "PKI": 0.575, "PFE": 0.85, "PM": 0.35, "PSX": 0.175, "PNW": 0.35, "PXD": 0.35, "POOL": 0, "PPG": 0.25, "PPL": 0.1, "PFG": 0.6749999999999999, "PG": 0.15, "PGR": 0.5, "PLD": 0.75, "PRU": 0.35, "PEG": 0.7, "PSA": 0.49999999999999994, "QRVO": 0.6749999999999999, "QCOM": 0.475, "PWR": 0.35, "DGX": 0.7000000000000001, "RL": 0.2, "RSG": 0.9, "RMD": 0.5, "RHI": 0.15, "ROK": 0.6, "ROP": 0.5, "ROST": 0.35, "RCL": 0.25, "SPGI": 0.35, "CRM": 0.15, "SBAC": 0.1, "SLB": 0.6749999999999999, "SEE": 0.3, "SRE": 0.4, "NOW": 0.3, "SHW": 0.75, "SNA": 0.2, "SO": 0.6, "LUV": 1.0, "SWK": 0.525, "SBUX": 0.32499999999999996, "STLD": 0.42500000000000004, "SYK": 0.3, "SYF": 0.15, "SNPS": 0.45, "SYY": 0.32499999999999996, "TMUS": 0.45, "TTWO": 0, "TPR": 0.8500000000000001, "TRGP": 0.4, "TEL": 0.85, "TDY": 0, "TFX": 0.3, "TSLA": 0.725, "TXN": 0.15, "TXT": 0.5, "KO": 0.15, "EL": 0, "HD": 0.45, "IPG": 0.5750000000000001, "SJM": 0.85, "MOS": 0.65, "TRV": 0.15, "TMO": 0.25, "TJX": 0.9, "TSCO": 0.75, "TDG": 0.5249999999999999, "TRMB": 0.55, "UDR": 0.5, "UNP": 0.49999999999999994, "UAL": 0.525, "UPS": 0.15, "URI": 0.6, "UNH": 0.6, "UHS": 0.7000000000000001, "VLO": 0.425, "VTR": 1.0, "VRSK": 0.6499999999999999, "VZ": 0.5, "VMC": 0.6, "GWW": 0.15, "WAB": 0.42500000000000004, "WBA": 0.6749999999999999, "WMT": 0.525, "WM": 0.5, "WAT": 0.15, "WEC": 0.5, "WELL": 0.85, "WST": 0.5, "WDC": 0.6749999999999999, "WY": 0.4, "WHR": 0.5, "WMB": 0.475, "WTW": 0.35, "WYNN": 0.6, "XEL": 0.475, "XYL": 0.15, "ZBRA": 0.42500000000000004, "ZBH": 0.85, "ZTS": 0.32499999999999996}