{"MMM": 0.6, "AOS": 0.85, "ABT": 0.35, "ACN": 0.5, "ADM": 0.4, "ADBE": 0.15, "AFL": 0.85, "A": 0.85, "APD": 0.32499999999999996, "ALK": 0.85, "ALB": 0.25, "ARE": 0.55, "LNT": 0.7, "MO": 0.275, "AMZN": 0.525, "AEE": 0.4, "AEP": 0.475, "AIG": 0.55, "AMT": 0.15, "AWK": 0.32499999999999996, "ABC": 0.32499999999999996, "AME": 0.35, "AMGN": 0.15, "APH": 0.6749999999999999, "ADI": 0.5, "ANSS": 0.475, "AON": 0.5, "AAPL": 0.6749999999999999, "AMAT": 0.475, "AJG": 0.32499999999999996, "T": 0.425, "ADSK": 0, "AZO": 0.6, "AVY": 0.42500000000000004, "BAC": 0.35, "BAX": 0.575, "BDX": 0.9, "BBY": 0.3, "BIO": 0.35, "BIIB": 0.65, "BLK": 0.15, "BK": 0.35, "BA": 0.15, "BWA": 0.35, "BXP": 0.7000000000000001, "BSX": 0.5, "BMY": 0.5, "BR": 0.75, "BRO": 0.7000000000000001, "CHRW": 0.6499999999999999, "CPB": 0.575, "CAH": 0.3, "KMX": 0.25, "CCL": 0.7, "CE": 0.6499999999999999, "CNC": 0.35, "CNP": 0.42500000000000004, "CF": 0.7, "CRL": 0.75, "SCHW": 0, "CVX": 0.85, "CB": 0.42500000000000004, "CHD": 0.1, "CTAS": 0.35, "CSCO": 0.85, "CLX": 0.32499999999999996, "CME": 0.42500000000000004, "CMS": 0.15, "CL": 0.575, "CMCSA": 0.35, "CMA": 0.25, "CAG": 0.35, "COP": 0.6749999999999999, "ED": 0.85, "COO": 0.32499999999999996, "CPRT": 0.85, "GLW": 0.6749999999999999, "COST": 0.15, "CCI": 0.3, "CSX": 0.6749999999999999, "CMI": 0.75, "DHI": 0.25, "DHR": 0.25, "DRI": 0.35, "DVA": 0.575, "DAL": 0.1, "XRAY": 0.49999999999999994, "DVN": 0.4, "DXCM": 0.575, "DFS": 0.5, "DISH": 0.475, "DG": 0.32499999999999996, "DLTR": 0.5, "D": 0.44999999999999996, "DPZ": 0.6, "DOV": 0.525, "DTE": 0.525, "DUK": 0.25, "EMN": 0.4, "EBAY": 0.5, "ECL": 0.5, "EA": 0.75, "LLY": 0.75, "EMR": 0, "ETR": 0.675, "EOG": 0.675, "EQT": 0.32499999999999996, "EFX": 0.32499999999999996, "EQIX": 0.42500000000000004, "EQR": 0.575, "ESS": 0.475, "EXC": 0.35, "EXPE": 0.25, "EXR": 0.25, "XOM": 0.6, "FRT": 0.15, "FDX": 0.35, "FSLR": 0.4, "FE": 0.575, "FIS": 0.35, "FISV": 0.5, "FLT": 0.3, "FMC": 0.475, "BEN": 0.85, "IT": 0.32499999999999996, "GNRC": 0.3, "GD": 0.4, "GIS": 0.25, "GPC": 0.75, "GILD": 0.5, "GPN": 0.35, "HAL": 0.5, "HIG": 0.4, "HAS": 0.15, "HCA": 0.525, "HSIC": 0.5249999999999999, "HSY": 0.5, "HES": 0.85, "HOLX": 0.25, "HON": 0.3, "HRL": 0.6749999999999999, "HPQ": 0.35, "HUM": 0.35, "HII": 0.4, "IBM": 0.75, "IEX": 0.4, "IDXX": 0.32499999999999996, "ITW": 0.85, "ILMN": 0.32499999999999996, "INCY": 0.75, "INTC": 0.7, "IFF": 0.75, "IP": 0.525, "IVZ": 0.6, "IRM": 0.25, "JBHT": 0.5, "JKHY": 0.32499999999999996, "JNJ": 0.5, "JCI": 0.6499999999999999, "JNPR": 0.42500000000000004, "K": 0.625, "KMB": 0.75, "KLAC": 0.15, "KR": 0.425, "LH": 0.25, "LRCX": 0.5750000000000001, "LVS": 0.7999999999999999, "LYV": 0.25, "LKQ": 0.15, "LMT": 0.32499999999999996, "L": 0.575, "LOW": 0.9, "MTB": 0.575, "MRO": 0.85, "MPC": 0.35, "MAR": 0.85, "MMC": 0.75, "MLM": 0.75, "MAS": 0.3, "MKC": 0.75, "MCD": 0.175, "MCK": 0.25, "MRK": 0.85, "MET": 0.25, "MTD": 0.65, "MGM": 0.4, "MU": 0.85, "MSFT": 0.25, "MAA": 0.85, "MHK": 0.35, "MOH": 0.5, "TAP": 0.675, "MDLZ": 0.1, "MCO": 0.475, "MSI": 0.32499999999999996, "MSCI": 0.65, "NDAQ": 0.7, "NTAP": 0.15, "NWL": 0.575, "NEM": 0.6749999999999999, "NEE": 0.7, "NKE": 0.6749999999999999, "NI": 0.35, "NDSN": 0.75, "NSC": 0.4, "NOC": 0.575, "NRG": 0.575, "NUE": 0.42500000000000004, "NXPI": 0.475, "ORLY": 0.32499999999999996, "OXY": 0.75, "ODFL": 0.7000000000000001, "OMC": 0.32499999999999996, "OKE": 0, "ORCL": 0.75, "PKG": 0.32499999999999996, "PH": 0.85, "PEP": 0.75, "PKI": 0.4, "PFE": 0.7, "PM": 0.8500000000000001, "PNW": 0.9, "PXD": 0.3, "POOL": 0.3, "PPG": 0.6749999999999999, "PFG": 0.4, "PG": 0.4, "PGR": 0.75, "PLD": 0.425, "PEG": 0.6, "PSA": 0.7999999999999999, "PWR": 0.5249999999999999, "DGX": 0.35, "RL": 0.6, "RJF": 0.85, "REGN": 0.475, "RSG": 0.25, "RMD": 0.6499999999999999, "RHI": 0.6, "ROK": 0.475, "ROST": 0.75, "RCL": 0.575, "SBAC": 0.4, "SLB": 0.32499999999999996, "STX": 0.75, "SEE": 0.25, "SRE": 0.32499999999999996, "SHW": 0.4, "SPG": 0.3, "SNA": 0.525, "SO": 0.6499999999999999, "LUV": 0.375, "SWK": 0.85, "SBUX": 0.6, "STLD": 0.25, "SYK": 0.25, "SIVB": 0.15, "SNPS": 0.7000000000000001, "SYY": 0.15, "TMUS": 0.42500000000000004, "TTWO": 0.6, "TRGP": 0.15, "TEL": 0.85, "TDY": 0.725, "TFX": 0.42500000000000004, "TER": 0.25, "TSLA": 0.575, "TXN": 0.35, "TXT": 0.5, "KO": 0.49999999999999994, "EL": 0.15, "HD": 0.42500000000000004, "IPG": 0.575, "SJM": 1.0, "MOS": 0.85, "TRV": 0.5, "TMO": 0.25, "TJX": 0.75, "TDG": 0.575, "TRMB": 0.1, "USB": 0.75, "UDR": 0.85, "UNP": 0.85, "UAL": 0.32499999999999996, "UPS": 0.4, "URI": 0.3, "UNH": 0.575, "VLO": 0.25, "VTR": 0.55, "VRSN": 0.6, "VRSK": 0.6499999999999999, "VZ": 0.825, "VFC": 0.6749999999999999, "VMC": 0.4, "GWW": 0.475, "WAB": 0.575, "WMT": 0.7, "WM": 0.42500000000000004, "WEC": 0.75, "WST": 0.85, "WDC": 0.65, "WHR": 0.25, "WMB": 0.15, "WTW": 0.4, "WYNN": 0.4, "XEL": 0, "XYL": 0.25, "YUM": 0.5}