{"MMM": 0.42500000000000004, "ABT": 0.85, "ADM": 0.5, "ADBE": 0.3, "ADP": 0.6, "A": 0.75, "APD": 0, "MO": 0.25, "AMZN": 0.5, "AEE": 0.5, "AEP": 0.75, "AMT": 0.32499999999999996, "ABC": 0.15, "AME": 0.5750000000000001, "AMGN": 0.42500000000000004, "APH": 0.65, "ADI": 0.175, "AON": 0, "BAX": 0.75, "BDX": 0.75, "BBY": 0.5, "BIIB": 0.35, "BK": 0.5, "BA": 0.15, "BWA": 0.15, "BXP": 0.6749999999999999, "BSX": 0.725, "BMY": 0.32499999999999996, "CPB": 0.25, "CAH": 0.25, "CCL": 0.6, "CE": 0.6499999999999999, "CNP": 0.175, "CF": 0.85, "SCHW": 0.32499999999999996, "CVX": 0.6, "CSCO": 0.15, "CLX": 0.575, "CME": 0.35, "CL": 0.75, "CMCSA": 0.5, "CAG": 0.6749999999999999, "COP": 0.6749999999999999, "GLW": 0.85, "CCI": 0.475, "CSX": 0.6749999999999999, "CMI": 0.6, "CVS": 0.4, "DHR": 0.42500000000000004, "DRI": 0.32499999999999996, "DVA": 0.4, "XRAY": 0.475, "DVN": 0.25, "DFS": 0.475, "DISH": 0.85, "D": 0.75, "DTE": 0.35, "DUK": 0.32499999999999996, "EMN": 0.7, "EBAY": 0.5, "ECL": 0.5, "LLY": 0.75, "EMR": 0.5, "ETR": 0.42500000000000004, "EOG": 0.525, "EQT": 0.15, "XOM": 0.6, "FDX": 0.6749999999999999, "FSLR": 0.85, "FE": 0.15, "FIS": 0.42500000000000004, "FISV": 0.25, "FMC": 0.9, "BEN": 0.75, "GD": 0.85, "GE": 0, "GIS": 0.25, "GILD": 0.575, "HAL": 0.5, "HSY": 0.32499999999999996, "HES": 0.5249999999999999, "HOLX": 0.4, "HPQ": 0.85, "HUM": 0.5, "IBM": 0.6499999999999999, "ITW": 0.75, "INTC": 0.75, "IP": 0.35, "INTU": 0.475, "IVZ": 0.7, "JNJ": 0, "JCI": 1.0, "K": 0.475, "KMB": 0.5, "KR": 0.4, "LH": 0.25, "LMT": 0.475, "LOW": 0.7, "MRO": 0.65, "MAR": 0.175, "MMC": 0.475, "MAS": 0.65, "MA": 0.6749999999999999, "MCD": 0.15, "MCK": 0.75, "MRK": 0.42500000000000004, "MSFT": 0.5750000000000001, "TAP": 0.35, "MCO": 0.42500000000000004, "MSI": 0.25, "NEM": 0.32499999999999996, "NEE": 0.5, "NKE": 0.85, "NSC": 0, "NOC": 0.25, "NRG": 0.4, "NUE": 0.25, "OMC": 0.32499999999999996, "OKE": 0.4, "ORCL": 0.32499999999999996, "PH": 0.6749999999999999, "PEP": 0.6499999999999999, "PFE": 0.6749999999999999, "PM": 0.5, "PXD": 0.32499999999999996, "PPG": 0.25, "PG": 0.25, "PEG": 0.32499999999999996, "DGX": 0.525, "RSG": 0.25, "ROK": 0.175, "CRM": 0.32499999999999996, "SLB": 0.5, "SHW": 0.42500000000000004, "SO": 0.6499999999999999, "LUV": 0.5, "SBUX": 0.9, "STLD": 0.4, "SYK": 0.275, "SYY": 0.75, "TEL": 0.525, "KO": 0.85, "HD": 0.6499999999999999, "TMO": 0.275, "TJX": 0.6, "UNP": 0.6749999999999999, "UPS": 0.32499999999999996, "UNH": 0.5750000000000001, "VTR": 0.5249999999999999, "VZ": 0.32499999999999996, "VFC": 0.25, "VMC": 0.4, "GWW": 0.5, "WMT": 0.7, "WM": 0.32499999999999996, "WEC": 0.7, "WDC": 0.35, "WMB": 0.3, "YUM": 0.15}