{"MMM": 0.75, "AOS": 0.5, "ABT": 0.6749999999999999, "ACN": 0, "ADM": 0.5, "ADBE": 0.15, "ADP": 0.15, "AAP": 0.32499999999999996, "AFL": 0.85, "APD": 0.5, "ALK": 0.85, "ALB": 0.6, "LNT": 0.7, "MO": 0.15, "AMZN": 0.5, "AMD": 0.475, "AEE": 0.25, "AEP": 0.575, "AMT": 0.6499999999999999, "AWK": 0.15, "ABC": 0.15, "AME": 0.32499999999999996, "AMGN": 0.15, "APH": 0.725, "ADI": 0.625, "ANSS": 0.5, "AON": 0.32499999999999996, "AMAT": 0.35, "AJG": 0.32499999999999996, "T": 0.3, "ATO": 0.25, "AZO": 0.6, "AVY": 0.35, "BAC": 0.4, "BAX": 0.6, "BDX": 0.75, "BBY": 0.5, "BIO": 0.35, "BIIB": 0.32499999999999996, "BLK": 0.25, "BK": 0.6749999999999999, "BA": 0.44999999999999996, "BWA": 0.6749999999999999, "BXP": 0.2, "BSX": 0.5, "BMY": 0.6499999999999999, "BRO": 0.32499999999999996, "CDNS": 0.32499999999999996, "CPB": 0.1, "CAH": 0.25, "KMX": 0.25, "CCL": 0.6749999999999999, "CE": 0.75, "CNP": 0.15, "CF": 0.85, "CRL": 0.75, "SCHW": 0.25, "CVX": 0.85, "CB": 0.3, "CHD": 0.1, "CSCO": 0.25, "CLX": 0.5750000000000001, "CME": 0.825, "CMS": 0.32499999999999996, "CL": 0.575, "CMCSA": 0.525, "CMA": 0.25, "CAG": 0.6749999999999999, "COP": 0.85, "COO": 0.42500000000000004, "GLW": 0.85, "COST": 0.32499999999999996, "CCI": 0, "CSX": 0.5, "CMI": 0.75, "DHR": 0.25, "DRI": 0.1, "DVA": 0.575, "DAL": 0.825, "XRAY": 0.6499999999999999, "DVN": 0.25, "DFS": 0.32499999999999996, "DISH": 0.6, "DLTR": 0.9, "DOV": 0.6749999999999999, "DTE": 0.5, "DUK": 0.15, "EMN": 0.25, "EBAY": 0.85, "ECL": 0.15, "EA": 0.6, "LLY": 0.75, "EMR": 0.5, "ETR": 0.42500000000000004, "EOG": 0.525, "EQT": 0.15, "EFX": 0.5, "EQIX": 0.4, "EQR": 0.85, "ESS": 0.15, "EXC": 0.85, "EXPE": 0.15, "EXR": 0.25, "XOM": 0.75, "FDX": 0.525, "FSLR": 0.5, "FE": 0.575, "FIS": 0.35, "FISV": 0.525, "FMC": 0.32499999999999996, "BEN": 0.7, "IT": 0.5, "GEN": 0.5249999999999999, "GD": 0.5249999999999999, "GE": 0.15, "GIS": 0.25, "GILD": 0.575, "HAL": 0.575, "HIG": 0.25, "HAS": 0.6, "HSIC": 0.575, "HSY": 0.32499999999999996, "HES": 0.6749999999999999, "HOLX": 0.2, "HON": 0.3, "HRL": 0.6749999999999999, "HPQ": 0.85, "HUM": 0.35, "IBM": 0.49999999999999994, "IEX": 0.25, "IDXX": 0.5, "ITW": 0.75, "INTC": 0.75, "IFF": 0.75, "IP": 0.5, "INTU": 0.475, "IVZ": 0.75, "IRM": 0.42500000000000004, "JBHT": 0.6499999999999999, "JNJ": 0.15, "JCI": 0.6749999999999999, "JNPR": 0.25, "K": 0.42500000000000004, "KMB": 0.32499999999999996, "KR": 0.6749999999999999, "LH": 0.25, "LVS": 0.15, "LKQ": 0.25, "LMT": 0.15, "L": 0.85, "LOW": 0.85, "MTB": 0.575, "MRO": 0.85, "MAR": 0.6, "MMC": 0.6, "MLM": 0.475, "MAS": 0.575, "MKC": 0.575, "MCD": 0.5, "MRK": 0.85, "MET": 0.5, "MTD": 0.5, "MGM": 0.55, "MSFT": 0.42500000000000004, "MAA": 0.7000000000000001, "MHK": 0.35, "TAP": 0.35, "MCO": 0.6, "MSI": 0.32499999999999996, "MSCI": 0.175, "NDAQ": 0.7, "NWL": 0.15, "NEM": 0.575, "NEE": 0.5249999999999999, "NKE": 0.85, "NI": 0.35, "NDSN": 0.42500000000000004, "NSC": 0.42500000000000004, "NOC": 0.75, "NRG": 0.6749999999999999, "NUE": 0.25, "ORLY": 0.15, "OXY": 0.49999999999999994, "ODFL": 0.6749999999999999, "OMC": 0.175, "OKE": 0.15, "ORCL": 0.75, "PKG": 0.35, "PH": 0.6749999999999999, "PNR": 0.35, "PEP": 0.6499999999999999, "PKI": 0.575, "PFE": 0.7, "PM": 0.65, "PNW": 0.6499999999999999, "PXD": 0.15, "POOL": 0.3, "PPG": 1.0, "PG": 0.25, "PEG": 0.6, "PSA": 0.6499999999999999, "PHM": 0.25, "PWR": 0.42500000000000004, "DGX": 0.32499999999999996, "REGN": 0.4, "RSG": 0.25, "RHI": 0.5, "ROK": 0.32499999999999996, "ROL": 0.42500000000000004, "ROST": 0.75, "SBAC": 0.4, "SLB": 0.32499999999999996, "SEE": 0.4, "SRE": 0.75, "SHW": 0.25, "SPG": 0.6499999999999999, "SWKS": 0.15, "SNA": 0.35, "SO": 0.6499999999999999, "LUV": 0.42500000000000004, "SWK": 0.85, "SBUX": 0.75, "STLD": 0.275, "SYK": 0.65, "SYY": 0.5, "TTWO": 0.5, "TEL": 0.6749999999999999, "TDY": 0.85, "TFX": 0.575, "TER": 0.85, "TXN": 0.75, "KO": 0.7, "HD": 0.575, "IPG": 0.9, "SJM": 0.75, "TRV": 0.3, "TMO": 0.42500000000000004, "TJX": 0.6499999999999999, "TDG": 0.15, "TRMB": 0.25, "USB": 0.75, "UNP": 0.85, "UAL": 0.4, "UPS": 0.32499999999999996, "UNH": 0.4, "UHS": 0.35, "VLO": 0.25, "VTR": 0.6749999999999999, "VZ": 0.4, "VFC": 0.6749999999999999, "VMC": 0.4, "GWW": 0.5, "WAB": 0.575, "WMT": 0.9, "WM": 0.175, "WEC": 0.575, "WST": 0.85, "WDC": 0.35, "WHR": 0.5249999999999999, "WMB": 0.15, "WTW": 0.15, "WYNN": 0.5, "XEL": 0.32499999999999996, "YUM": 0.5}