{"MMM": 0.85, "AOS": 0.75, "ABT": 0.32499999999999996, "ABBV": 0.25, "ACN": 0.15, "ATVI": 0.32499999999999996, "ADM": 0.5, "ADBE": 0.5, "ADP": 0.15, "AAP": 0.4, "AES": 0.15, "AFL": 0.475, "A": 0.5, "APD": 0.5, "AKAM": 0.5249999999999999, "ALK": 0.5, "ALB": 0.15, "ARE": 0.25, "ALGN": 0.75, "ALLE": 0.6499999999999999, "LNT": 0.6499999999999999, "ALL": 0.15, "MO": 0.2, "AMZN": 0.5, "AMCR": 0.1, "AMD": 0.6499999999999999, "AEE": 0.65, "AAL": 0.4, "AEP": 0.475, "AXP": 0.65, "AMT": 0.65, "AWK": 0.32499999999999996, "ABC": 0.5, "AME": 0.5, "AMGN": 0.5, "APH": 0.32499999999999996, "ANSS": 0.25, "AON": 0.65, "AAPL": 0.75, "AMAT": 0.75, "APTV": 0.3, "ANET": 0.32499999999999996, "AJG": 0.5, "T": 0.35, "ATO": 0.75, "ADSK": 0.32499999999999996, "AZO": 0.75, "AVB": 0.85, "AVY": 0.7999999999999999, "BAC": 0.5, "BBWI": 0.55, "BAX": 0.5, "BDX": 0.42500000000000004, "BBY": 0.75, "BIO": 0.4, "TECH": 0.7, "BIIB": 0.5, "BLK": 0.65, "BK": 0.35, "BA": 0.65, "BKNG": 0.32499999999999996, "BWA": 0.2, "BXP": 0.6749999999999999, "BSX": 0.1, "BMY": 0.425, "AVGO": 0.15, "BR": 0.15, "BRO": 0.5, "CHRW": 0.575, "CDNS": 0.5, "CZR": 0.35, "CPT": 0.6, "CPB": 0.6749999999999999, "COF": 0.85, "CAH": 0.4, "KMX": 0.4, "CCL": 0.5, "CARR": 0.25, "CTLT": 0.42500000000000004, "CAT": 0.575, "CBOE": 0.5, "CBRE": 0.75, "CDW": 0.475, "CE": 1.0, "CNC": 0.25, "CNP": 0.32499999999999996, "CDAY": 0.25, "CF": 0.75, "CRL": 0.5750000000000001, "SCHW": 0, "CHTR": 0.42500000000000004, "CVX": 0.85, "CMG": 0.5, "CHD": 0.6499999999999999, "CI": 0.65, "CTAS": 0.5, "CSCO": 0.7, "C": 0.35, "CFG": 0.6749999999999999, "CLX": 0.475, "CME": 0.15, "CMS": 0.3, "CTSH": 0.7, "CL": 0.35, "CMCSA": 0.85, "CAG": 0.35, "COP": 0.75, "ED": 0.35, "COO": 0.75, "CPRT": 0.7, "GLW": 0.6749999999999999, "CTVA": 0.25, "CSGP": 0, "COST": 0.475, "CTRA": 0.6749999999999999, "CCI": 0.15, "CSX": 0, "CMI": 1.0, "CVS": 0.5, "DHI": 0.85, "DHR": 0.5, "DRI": 0.75, "DVA": 0.4, "DAL": 0.42500000000000004, "XRAY": 0.35, "DVN": 0.75, "DXCM": 0.15, "FANG": 0.85, "DFS": 0.9, "DISH": 0.4, "DIS": 0.25, "DG": 0.5, "DLTR": 0.25, "D": 0.6749999999999999, "DPZ": 0.6, "DOV": 0.75, "DOW": 0.85, "DTE": 0.32499999999999996, "DUK": 0.65, "DD": 0.85, "DXC": 0.5, "EMN": 0.25, "ETN": 0.42500000000000004, "EBAY": 0.5, "ECL": 0.32499999999999996, "EIX": 0.25, "EW": 0.5, "EA": 0.5, "ELV": 0.65, "LLY": 0.5, "EMR": 0.15, "ENPH": 0.3, "EOG": 0.9, "EPAM": 0.5, "EQT": 0.575, "EFX": 0.5, "EQIX": 0.15, "EQR": 0.85, "ESS": 0.75, "ETSY": 0.5, "EVRG": 0.85, "ES": 0.6, "EXC": 0.375, "EXPE": 0.3, "EXPD": 0.575, "EXR": 0.575, "XOM": 0.6749999999999999, "FFIV": 0.5, "FDS": 0.5, "FAST": 0.5, "FRT": 0.75, "FDX": 0.5, "FSLR": 0.25, "FE": 0.6, "FIS": 0.35, "FISV": 0.2, "FLT": 0.4, "FMC": 0.15, "F": 0.5, "FTNT": 0.575, "FTV": 0.42500000000000004, "BEN": 0.7, "FCX": 0.425, "GRMN": 0.425, "IT": 0.5, "GNRC": 0.42500000000000004, "GD": 0.65, "GE": 0.55, "GIS": 0.35, "GM": 0.5, "GPC": 0.15, "GILD": 0.75, "GPN": 0.5, "GL": 0.6, "GS": 0.5, "HAL": 0.32499999999999996, "HCA": 0.85, "PEAK": 0.1, "HSIC": 0.5249999999999999, "HSY": 0.5, "HES": 0.32499999999999996, "HPE": 0.35, "HLT": 0.42500000000000004, "HOLX": 0.5249999999999999, "HON": 0.5, "HRL": 0.6, "HST": 0.4, "HWM": 0.1, "HPQ": 0.85, "HUM": 0.44999999999999996, "HBAN": 0.1, "HII": 0.5, "IBM": 0.4, "IEX": 0.5, "IDXX": 0.5, "ITW": 0.6499999999999999, "ILMN": 0.42500000000000004, "INCY": 0.32499999999999996, "IR": 0.25, "INTC": 0.85, "ICE": 0.25, "IFF": 0.25, "IP": 0.2, "INTU": 0.32499999999999996, "ISRG": 0.32499999999999996, "IVZ": 0.5249999999999999, "INVH": 0.25, "IQV": 0.475, "IRM": 0.25, "JBHT": 0.9, "JKHY": 0.5, "J": 0.4, "DE": 0.6499999999999999, "JNJ": 0.6, "JCI": 0.1, "JPM": 0.5, "JNPR": 0.2, "K": 0.575, "KDP": 0.4, "KEY": 0.5, "KEYS": 0.5, "KMB": 0.6499999999999999, "KMI": 0.1, "KLAC": 0.75, "KHC": 0.2, "KR": 0.6749999999999999, "LHX": 0.5, "LH": 1.0, "LRCX": 0.9, "LW": 0.32499999999999996, "LVS": 0.15, "LDOS": 0.5, "LIN": 0.32499999999999996, "LYV": 0.5, "LKQ": 0.5, "LMT": 0.9, "L": 0.5249999999999999, "LOW": 0.7000000000000001, "LUMN": 0.5, "LYB": 0.85, "MTB": 0.5, "MRO": 0.525, "MPC": 0.75, "MAR": 0.3, "MMC": 0.5, "MLM": 0.4, "MAS": 0.525, "MA": 0.5, "MTCH": 0.75, "MKC": 0.15, "MCD": 0.5750000000000001, "MCK": 0.25, "MDT": 0.6749999999999999, "MRK": 0.575, "META": 0.75, "MET": 0.35, "MTD": 0.5, "MGM": 0.5, "MCHP": 0.25, "MU": 0.85, "MSFT": 0.6499999999999999, "MAA": 0.42500000000000004, "MRNA": 0.75, "MHK": 0.6749999999999999, "MOH": 0.25, "TAP": 0.35, "MDLZ": 0.6749999999999999, "MCO": 0.5, "MS": 0.3, "MSI": 0.42500000000000004, "MSCI": 0.6, "NDAQ": 0.6, "NTAP": 0.75, "NFLX": 0.5, "NWL": 0.5, "NEM": 0.2, "NWSA": 0.42500000000000004, "NWS": 0.42500000000000004, "NEE": 0.65, "NKE": 0.5, "NI": 0.5249999999999999, "NDSN": 0.5, "NSC": 0.85, "NOC": 0.9, "NCLH": 0.3, "NRG": 0.75, "NUE": 0.825, "NVDA": 0.32499999999999996, "NXPI": 1.0, "ORLY": 0.25, "OXY": 0.42500000000000004, "ODFL": 0.65, "OMC": 0.575, "ON": 0.525, "ORCL": 0.525, "OTIS": 0.375, "PKG": 0.75, "PARA": 0.6749999999999999, "PH": 0.5, "PAYX": 0.35, "PAYC": 0.15, "PYPL": 0.5, "PNR": 0.85, "PEP": 0.65, "PKI": 0.5, "PFE": 0.5249999999999999, "PM": 0.85, "PSX": 0.25, "PNW": 0.85, "PXD": 0.525, "PNC": 0.4, "POOL": 0.3, "PPG": 0.475, "PPL": 0.35, "PFG": 0.3, "PG": 0.6499999999999999, "PLD": 0.6499999999999999, "PRU": 0.825, "PTC": 0.25, "PEG": 0.5, "PSA": 0.6499999999999999, "PHM": 0.7, "QRVO": 1.0, "QCOM": 0.75, "PWR": 0.25, "DGX": 0.85, "RL": 0.575, "RTX": 0.1, "REG": 0.6749999999999999, "REGN": 1.0, "RSG": 0.1, "RMD": 0.32499999999999996, "RHI": 0.75, "ROK": 0.475, "ROL": 0.5, "ROP": 0.25, "ROST": 0.32499999999999996, "RCL": 0.25, "SPGI": 0.5, "CRM": 0.25, "SBAC": 0.25, "SLB": 0.15, "STX": 0.75, "SEE": 0.49999999999999994, "SRE": 0.525, "NOW": 0.3, "SHW": 0.15, "SPG": 0.15, "SWKS": 0.85, "SNA": 0.6749999999999999, "SEDG": 0.15, "SO": 0.25, "LUV": 0.35, "SWK": 0.6749999999999999, "SBUX": 0.6, "STLD": 0.85, "STE": 0.25, "SYK": 0.15, "SYF": 0.75, "SNPS": 0.15, "SYY": 0.32499999999999996, "TMUS": 0.32499999999999996, "TTWO": 0.32499999999999996, "TPR": 0.6, "TRGP": 0.3, "TGT": 0.75, "TEL": 0.85, "TDY": 0.25, "TFX": 0.6749999999999999, "TER": 1.0, "TSLA": 0.5, "TXN": 0.9, "TXT": 0.5, "KO": 0.35, "EL": 0.65, "HD": 0.6, "IPG": 0.4, "SJM": 0.5, "MOS": 0.85, "TRV": 0.6, "TMO": 0.5, "TJX": 0.5, "TSCO": 0.65, "TT": 0.5, "TDG": 0.5750000000000001, "TRMB": 0.4, "TFC": 0.5, "TYL": 0.42500000000000004, "UDR": 0.15, "ULTA": 0.5, "UAL": 0.4, "UPS": 0.75, "URI": 0.25, "UNH": 0.32499999999999996, "UHS": 0.85, "VLO": 0.3, "VTR": 0.35, "VRSK": 0.5, "VZ": 0.75, "VRTX": 0.475, "VFC": 0.75, "VTRS": 0.5, "VICI": 0.425, "VMC": 0.475, "GWW": 0.65, "WAB": 0.2, "WBA": 0.65, "WMT": 0.25, "WM": 0.275, "WAT": 0.5, "WFC": 0.5, "WELL": 0.42500000000000004, "WST": 0.5, "WDC": 0.5, "WRK": 0.5, "WY": 0.85, "WHR": 0.6749999999999999, "WMB": 0, "WTW": 0.475, "WYNN": 0.4, "XEL": 0.3, "XYL": 0.15, "YUM": 0.6, "ZBRA": 0.6749999999999999, "ZBH": 0.35, "ZION": 0.25, "ZTS": 0.5}