{"MMM": 0.9, "AOS": 0.35, "ABT": 0.5249999999999999, "ACN": 0.15, "ADM": 0.42500000000000004, "ADBE": 0.15, "AAP": 0.32499999999999996, "AFL": 1.0, "A": 0.85, "APD": 0.5750000000000001, "ALK": 0.85, "ALB": 0.6, "LNT": 0.7, "MO": 0.15, "AMZN": 0.5, "AMD": 0.6749999999999999, "AEE": 0.25, "AEP": 0.725, "AMT": 0.49999999999999994, "AWK": 0, "ABC": 0.15, "AME": 0.175, "AMGN": 0.15, "APH": 0.575, "ADI": 0.32499999999999996, "ANSS": 0.5, "AON": 0.175, "AMAT": 0.425, "AJG": 0.32499999999999996, "T": 0.25, "AZO": 0.42500000000000004, "AVY": 0.1, "BAC": 0.25, "BAX": 0.32499999999999996, "BDX": 0.75, "BBY": 0.5, "BIO": 0.35, "BIIB": 0.32499999999999996, "BLK": 0.15, "BK": 0.6749999999999999, "BA": 0.44999999999999996, "BWA": 0.6749999999999999, "BXP": 0.35, "BSX": 0.35, "BMY": 0.75, "BR": 0.32499999999999996, "BRO": 0.42500000000000004, "CDNS": 0.175, "CPB": 0.42500000000000004, "CAH": 0.5, "KMX": 0.15, "CCL": 0.6749999999999999, "CE": 0.75, "CNP": 0.15, "CF": 0.85, "CRL": 0.75, "SCHW": 0.25, "CVX": 0.75, "CB": 0.4, "CHD": 0.25, "CTAS": 0.525, "CSCO": 0.825, "CLX": 0.75, "CME": 0.6749999999999999, "CMS": 0.32499999999999996, "CL": 0.575, "CMCSA": 0.525, "CMA": 0.25, "CAG": 0.6749999999999999, "COP": 0.85, "COO": 0.42500000000000004, "CPRT": 0.6749999999999999, "GLW": 0.85, "COST": 0.32499999999999996, "CCI": 0.15, "CSX": 0.5, "CMI": 0.75, "DHI": 0.25, "DHR": 0.25, "DRI": 0.525, "DVA": 0.475, "DAL": 0.6749999999999999, "XRAY": 0.6499999999999999, "DVN": 0.25, "DFS": 0.32499999999999996, "DISH": 0.75, "DLTR": 0.75, "DOV": 0.525, "DTE": 0.35, "DUK": 0.15, "EMN": 0.25, "EBAY": 0.7, "ECL": 0.15, "EA": 0.6, "LLY": 0.75, "EMR": 0.15, "ETR": 0.525, "EOG": 0.525, "EQT": 0.15, "EFX": 0.475, "EQIX": 0.25, "EQR": 0.85, "ESS": 0.15, "EXC": 0.85, "EXPE": 0.15, "EXR": 0.1, "XOM": 0.75, "FDX": 0.675, "FSLR": 0.55, "FE": 0.6749999999999999, "FIS": 0.35, "FISV": 0.375, "FMC": 0.625, "BEN": 0.85, "IT": 0.5, "GD": 0.6749999999999999, "GE": 0.15, "GIS": 0.4, "GILD": 0.42500000000000004, "GPN": 0.1, "HAL": 0.475, "HIG": 0.25, "HAS": 0.75, "HSIC": 0.4, "HSY": 0.32499999999999996, "HES": 0.6749999999999999, "HOLX": 0.4, "HON": 0.3, "HRL": 0.6749999999999999, "HPQ": 0.5, "HUM": 0.35, "IBM": 0.75, "IEX": 0.25, "IDXX": 0.5, "ITW": 0.75, "INTC": 0.85, "IFF": 0.75, "IP": 0.35, "INTU": 0.15, "IVZ": 0.6499999999999999, "IRM": 0.42500000000000004, "JBHT": 0.6, "JKHY": 0.15, "JNJ": 0.15, "JCI": 0.6499999999999999, "JNPR": 0.25, "K": 0.25, "KMB": 0.175, "KLAC": 0.32499999999999996, "KR": 0.825, "LH": 0.25, "LRCX": 0.25, "LVS": 0.15, "LKQ": 0.1, "LMT": 0.15, "L": 0.85, "LOW": 0.85, "MTB": 0.725, "MRO": 0.85, "MAR": 0.6, "MMC": 0.75, "MLM": 0.475, "MAS": 0.575, "MKC": 0.425, "MCD": 0.65, "MRK": 0.85, "MET": 0.35, "MTD": 0.5, "MGM": 0.4, "MU": 0.5, "MSFT": 0.4, "MAA": 0.55, "MHK": 0.35, "TAP": 0.5, "MDLZ": 0.2, "MCO": 0.6, "MSI": 0.475, "MSCI": 0.32499999999999996, "NDAQ": 0.7, "NWL": 0.15, "NEM": 0.575, "NEE": 0.6749999999999999, "NKE": 0.85, "NI": 0.35, "NDSN": 0.5, "NSC": 0.575, "NOC": 0.75, "NRG": 0.575, "NUE": 0.1, "ORLY": 0.15, "OXY": 0.85, "ODFL": 0.5249999999999999, "OMC": 0.32499999999999996, "OKE": 0.15, "ORCL": 0.75, "PKG": 0.35, "PH": 0.6749999999999999, "PNR": 0.2, "PEP": 0.75, "PKI": 0.575, "PFE": 0.7, "PM": 0.5, "PNW": 0.6499999999999999, "PXD": 0.15, "POOL": 0.3, "PPG": 0.75, "PG": 0.575, "PEG": 0.75, "PSA": 0.7999999999999999, "PHM": 0.15, "PWR": 0.275, "DGX": 0.32499999999999996, "RJF": 0.85, "REGN": 0.4, "RSG": 0.25, "RMD": 0.6499999999999999, "RHI": 0.5, "ROK": 0.32499999999999996, "ROL": 0.42500000000000004, "ROST": 0.75, "SBAC": 0.4, "SLB": 0.32499999999999996, "STX": 0.75, "SEE": 0.6749999999999999, "SRE": 0.75, "SHW": 0.25, "SPG": 0.7999999999999999, "SNA": 0.25, "SO": 0.6499999999999999, "LUV": 0.275, "SWK": 1.0, "SBUX": 0.75, "STLD": 0.42500000000000004, "SYK": 0.75, "SNPS": 0.7000000000000001, "SYY": 0.475, "TTWO": 0.4, "TEL": 0.85, "TDY": 0.9, "TFX": 0.575, "TER": 0.85, "TXN": 0.75, "KO": 0.85, "EL": 0, "HD": 0.575, "IPG": 0.75, "SJM": 0.75, "MOS": 1.0, "TRV": 0.3, "TMO": 0.42500000000000004, "TJX": 0.6499999999999999, "TDG": 0.625, "TRMB": 0.15, "USB": 0.75, "UNP": 0.85, "UAL": 0.4, "UPS": 0.475, "UNH": 0.25, "UHS": 0.35, "VLO": 0.25, "VTR": 0.6749999999999999, "VZ": 0.4, "VFC": 0.6749999999999999, "VMC": 0.4, "GWW": 0.5, "WAB": 0.42500000000000004, "WMT": 0.75, "WM": 0.42500000000000004, "WEC": 0.575, "WST": 0.85, "WDC": 0.85, "WHR": 0.525, "WMB": 0, "WTW": 0.15, "WYNN": 0.5, "XEL": 0.32499999999999996, "YUM": 0.5}