{"MMM": 0.75, "AOS": 0.7, "ABT": 0.5, "ACN": 0.32499999999999996, "ADM": 0.4, "ADBE": 0.15, "AFL": 0.85, "A": 0.85, "APD": 0.475, "ALK": 0.85, "ALB": 0.2, "ARE": 0.7000000000000001, "LNT": 0.7, "MO": 0.42500000000000004, "AMZN": 0.375, "AEE": 0.5, "AEP": 0.475, "AIG": 0.55, "AMT": 0.15, "AWK": 0.32499999999999996, "ABC": 0.32499999999999996, "AME": 0.5, "AMGN": 0.3, "APH": 0.85, "ADI": 0.6499999999999999, "ANSS": 0.475, "AON": 0.5, "AMAT": 0.475, "AJG": 0.175, "T": 0.575, "ADSK": 0.15, "AZO": 0.6, "AVY": 0.525, "BAC": 0.35, "BAX": 0.575, "BDX": 0.75, "BBY": 0.44999999999999996, "BIO": 0.2, "BIIB": 0.5, "BLK": 0.3, "BK": 0.5, "BA": 0.15, "BWA": 0.35, "BXP": 0.7000000000000001, "BSX": 0.35, "BMY": 0.5, "BR": 0.75, "BRO": 0.45, "CHRW": 0.6499999999999999, "CPB": 0.575, "CAH": 0.3, "KMX": 0.25, "CCL": 0.85, "CE": 0.6499999999999999, "CNC": 0.35, "CNP": 0.42500000000000004, "CF": 0.85, "CRL": 0.75, "SCHW": 0.25, "CVX": 0.85, "CB": 0.6, "CHD": 0.25, "CTAS": 0.35, "CSCO": 0.85, "CLX": 0.32499999999999996, "CME": 0.42500000000000004, "CMS": 0.15, "CL": 0.575, "CMCSA": 0.35, "CMA": 0.25, "CAG": 0.35, "COP": 0.6749999999999999, "ED": 0.85, "COO": 0.32499999999999996, "CPRT": 0.85, "GLW": 0.6749999999999999, "COST": 0.15, "CCI": 0.3, "CSX": 0.6749999999999999, "CMI": 0.9, "DHI": 0.25, "DHR": 0.25, "DRI": 0.35, "DVA": 0.575, "DAL": 0.35, "XRAY": 0.6499999999999999, "DVN": 0.4, "DXCM": 0.575, "DFS": 0.65, "DISH": 0.32499999999999996, "DG": 0.175, "DLTR": 0.5, "D": 0.3, "DPZ": 0.6, "DOV": 0.675, "DTE": 0.525, "DUK": 0.25, "EMN": 0.15, "EBAY": 0.35, "ECL": 0.5, "EA": 0.75, "LLY": 0.75, "EMR": 0.15, "ETR": 0.525, "EOG": 0.525, "EQT": 0.475, "EFX": 0.32499999999999996, "EQIX": 0.42500000000000004, "EQR": 0.575, "ESS": 0.575, "EXC": 0.35, "EXPE": 0.4, "EXR": 0.15, "XOM": 0.75, "FRT": 0.15, "FDX": 0.35, "FSLR": 0.25, "FE": 0.575, "FIS": 0.525, "FISV": 0.35, "FLT": 0.15, "FMC": 0.32499999999999996, "BEN": 0.85, "IT": 0.475, "GNRC": 0.15, "GD": 0.4, "GIS": 0.25, "GPC": 0.75, "GILD": 0.65, "GPN": 0.2, "HAL": 0.5, "HIG": 0.4, "HAS": 0.15, "HCA": 0.6749999999999999, "HSIC": 0.6749999999999999, "HSY": 0.35, "HES": 0.85, "HOLX": 0.4, "HON": 0.15, "HRL": 0.6749999999999999, "HPQ": 0.5, "HUM": 0.35, "HII": 0.25, "IBM": 0.75, "IEX": 0.4, "IDXX": 0.32499999999999996, "ITW": 0.85, "ILMN": 0.475, "INCY": 0.6, "INTC": 0.85, "IFF": 0.75, "IP": 0.525, "IVZ": 0.425, "IRM": 0.25, "JBHT": 0.5, "JKHY": 0.32499999999999996, "JNJ": 0.5, "JCI": 0.6499999999999999, "JNPR": 0.42500000000000004, "K": 0.475, "KMB": 0.6, "KLAC": 0.15, "KR": 0.575, "LH": 0.25, "LRCX": 0.42500000000000004, "LVS": 0.6499999999999999, "LYV": 0.4, "LKQ": 0.15, "LMT": 0.475, "L": 0.575, "LOW": 0.75, "MTB": 0.575, "MRO": 0.85, "MPC": 0.5, "MAR": 0.85, "MMC": 0.75, "MLM": 0.6499999999999999, "MAS": 0.3, "MKC": 0.75, "MCD": 0.32499999999999996, "MCK": 0.25, "MRK": 0.7, "MET": 0.25, "MTD": 0.5, "MGM": 0.4, "MU": 0.6749999999999999, "MSFT": 0.42500000000000004, "MAA": 0.85, "MHK": 0.35, "MOH": 0.35, "TAP": 0.525, "MDLZ": 0.4, "MCO": 0.32499999999999996, "MSI": 0.32499999999999996, "MSCI": 0.5, "NDAQ": 0.7, "NTAP": 0.15, "NWL": 0.425, "NEM": 0.6749999999999999, "NEE": 0.85, "NKE": 0.6749999999999999, "NI": 0.35, "NDSN": 0.6, "NSC": 0.4, "NOC": 0.725, "NRG": 0.575, "NUE": 0.5750000000000001, "NXPI": 0.575, "ORLY": 0.32499999999999996, "OXY": 0.75, "ODFL": 0.6, "OMC": 0.475, "OKE": 0, "ORCL": 0.75, "PKG": 0.475, "PH": 0.85, "PEP": 0.75, "PKI": 0.25, "PFE": 0.85, "PM": 0.7000000000000001, "PNW": 0.6499999999999999, "PXD": 0.15, "POOL": 0.44999999999999996, "PPG": 0.6749999999999999, "PFG": 0.65, "PGR": 0.75, "PLD": 0.425, "PEG": 0.6, "PSA": 0.6499999999999999, "PWR": 0.6749999999999999, "DGX": 0.35, "RL": 0.75, "RJF": 0.85, "REGN": 0.475, "RSG": 0.25, "RMD": 0.6499999999999999, "RHI": 0.45, "ROK": 0.32499999999999996, "ROST": 0.75, "RCL": 0.575, "SBAC": 0.4, "SLB": 0.32499999999999996, "STX": 0.75, "SEE": 0.4, "SRE": 0.475, "SHW": 0.25, "SPG": 0.15, "SNA": 0.525, "SO": 0.6499999999999999, "LUV": 0.375, "SWK": 0.85, "SBUX": 0.75, "STLD": 0.25, "SYK": 0.25, "SIVB": 0, "SNPS": 0.6, "SYY": 0.25, "TMUS": 0.42500000000000004, "TTWO": 0.45, "TRGP": 0.15, "TEL": 1.0, "TDY": 0.6749999999999999, "TFX": 0.42500000000000004, "TER": 0.4, "TSLA": 0.575, "TXN": 0.6, "TXT": 0.5, "KO": 0.6499999999999999, "EL": 0.15, "HD": 0.42500000000000004, "IPG": 0.575, "SJM": 0.85, "MOS": 0.85, "TRV": 0.4, "TMO": 0.25, "TJX": 0.6, "TDG": 0.575, "TRMB": 0.25, "USB": 0.75, "UDR": 0.85, "UNP": 0.85, "UAL": 0.475, "UPS": 0.4, "URI": 0, "UNH": 0.575, "VLO": 0.25, "VTR": 0.7000000000000001, "VRSN": 0.6, "VRSK": 0.6499999999999999, "VZ": 0.6749999999999999, "VFC": 0.6749999999999999, "VMC": 0.25, "GWW": 0.475, "WAB": 0.575, "WMT": 1.0, "WM": 0.42500000000000004, "WEC": 0.75, "WST": 0.85, "WDC": 0.5, "WHR": 0.4, "WMB": 0, "WTW": 0.4, "WYNN": 0.25, "XEL": 0.15, "XYL": 0.1, "YUM": 0.5}