{"ADBE": 0.3, "A": 0.7000000000000001, "APD": 0, "AMZN": 0.5, "ABC": 0.15, "ADI": 0.475, "BDX": 0.75, "CCL": 0.15, "DFS": 0.32499999999999996, "EMR": 0, "BEN": 0.6749999999999999, "HOLX": 0.4, "HPQ": 0.7, "JCI": 0.85, "PG": 0, "ROK": 0.15, "SBUX": 0.35, "TEL": 0.525}