{"MMM": 0.75, "AOS": 0.75, "ABT": 0.32499999999999996, "ABBV": 0.25, "ACN": 0.15, "ATVI": 0.32499999999999996, "ADM": 0.5, "ADBE": 0.5, "ADP": 0.15, "AAP": 0.25, "AES": 0.3, "AFL": 0.475, "A": 0.5, "APD": 0.5, "AKAM": 0.6749999999999999, "ALK": 0.5, "ALB": 0.15, "ARE": 0.25, "ALGN": 0.75, "ALLE": 0.49999999999999994, "LNT": 0.5, "ALL": 0.15, "MO": 0.35, "AMZN": 0.5, "AMCR": 0.4, "AMD": 0.6499999999999999, "AEE": 0.65, "AAL": 0.4, "AEP": 0.575, "AXP": 0.5, "AMT": 0.5, "AWK": 0.32499999999999996, "ABC": 0.65, "AME": 0.5, "AMGN": 0.75, "APH": 0.32499999999999996, "ADI": 0.35, "ANSS": 0.25, "AON": 0.5, "AAPL": 0.75, "AMAT": 0.75, "APTV": 0.15, "ANET": 0.32499999999999996, "AJG": 0.5, "T": 0.5, "ATO": 0.85, "ADSK": 0.32499999999999996, "AZO": 0.45, "AVB": 0.85, "AVY": 0.49999999999999994, "BAC": 0.35, "BBWI": 0.7000000000000001, "BAX": 0.5, "BDX": 0.42500000000000004, "BBY": 0.75, "BIO": 0.4, "TECH": 0.85, "BIIB": 0.5, "BLK": 0.5, "BK": 0.5, "BA": 0.5, "BKNG": 0.32499999999999996, "BWA": 0.35, "BXP": 0.6749999999999999, "BSX": 0.25, "BMY": 0.575, "AVGO": 0.75, "BR": 0.15, "BRO": 0.65, "CHRW": 0.575, "CDNS": 0.65, "CZR": 0.5, "CPT": 0.6, "CPB": 0.575, "COF": 0.85, "CAH": 0.4, "KMX": 0.4, "CCL": 0.65, "CARR": 0.55, "CTLT": 0.42500000000000004, "CAT": 0.575, "CBOE": 0.5, "CBRE": 0.75, "CDW": 0.475, "CE": 0.85, "CNC": 0.35, "CNP": 0.475, "CDAY": 0.55, "CF": 0.75, "CRL": 0.42500000000000004, "SCHW": 0.15, "CHTR": 0.575, "CVX": 0.7000000000000001, "CMG": 0.5, "CHD": 0.6499999999999999, "CI": 0.65, "CTAS": 0.65, "CSCO": 0.85, "C": 0.2, "CFG": 0.6749999999999999, "CLX": 0.32499999999999996, "CME": 0.15, "CMS": 0.15, "CTSH": 0.6749999999999999, "CL": 0.5, "CMCSA": 0.85, "CAG": 0.5, "COP": 0.6, "ED": 0.5, "COO": 0.25, "CPRT": 0.7, "GLW": 0.6749999999999999, "CTVA": 0.25, "CSGP": 0.15, "COST": 0.32499999999999996, "CTRA": 0.6749999999999999, "CCI": 0.15, "CSX": 0.3, "CMI": 1.0, "CVS": 0.5, "DHI": 0.85, "DHR": 0.5, "DRI": 0.6, "DVA": 0.25, "DAL": 0.42500000000000004, "XRAY": 0.25, "DVN": 0.75, "DXCM": 0, "FANG": 0.85, "DFS": 0.75, "DISH": 0.4, "DIS": 0.25, "DG": 0.35, "DLTR": 0.15, "D": 0.5249999999999999, "DPZ": 0.6, "DOV": 0.85, "DOW": 0.85, "DTE": 0.32499999999999996, "DUK": 0.4, "DD": 0.85, "DXC": 0.5, "EMN": 0.25, "ETN": 0.275, "EBAY": 0.35, "ECL": 0.175, "EIX": 0.25, "EW": 0.5, "EA": 0.5, "ELV": 0.5, "LLY": 0.5, "EMR": 0.15, "ENPH": 0.15, "EOG": 0.75, "EPAM": 0.35, "EQT": 0.575, "EFX": 0.5, "EQIX": 0.15, "EQR": 0.85, "ESS": 0.6, "ETSY": 0.65, "EVRG": 0.85, "ES": 0.6, "EXC": 0.525, "EXPE": 0.3, "EXPD": 0.575, "EXR": 0.575, "XOM": 0.575, "FFIV": 0.35, "FDS": 0.5, "FAST": 0.5, "FRT": 0.6, "FDX": 0.5, "FSLR": 0.25, "FE": 0.75, "FIS": 0.35, "FISV": 0.35, "FLT": 0.1, "FMC": 0.3, "F": 0.65, "FTNT": 0.725, "FTV": 0.42500000000000004, "BEN": 0.85, "FCX": 0.575, "GRMN": 0.42500000000000004, "IT": 0.5, "GEN": 0.85, "GNRC": 0.275, "GD": 0.5, "GE": 0.4, "GIS": 0.5, "GM": 0.5, "GPC": 0.15, "GILD": 0.75, "GPN": 0.35, "GL": 0.5, "GS": 0.5, "HAL": 0.32499999999999996, "HCA": 0.85, "PEAK": 0.25, "HSIC": 0.6749999999999999, "HSY": 0.5, "HES": 0.32499999999999996, "HPE": 0.5, "HLT": 0.42500000000000004, "HOLX": 0.6749999999999999, "HON": 0.5, "HRL": 0.575, "HST": 0.4, "HWM": 0.15, "HPQ": 0.65, "HUM": 0.4, "HBAN": 0.4, "HII": 0.5, "IBM": 0.4, "IEX": 0.5, "IDXX": 0.5, "ITW": 0.6499999999999999, "ILMN": 0.42500000000000004, "INCY": 0.475, "IR": 0.25, "INTC": 1.0, "ICE": 0.25, "IFF": 0.25, "IP": 0.35, "INTU": 0.175, "ISRG": 0.32499999999999996, "IVZ": 0.6749999999999999, "INVH": 0.25, "IQV": 0.32499999999999996, "IRM": 0.25, "JBHT": 0.75, "JKHY": 0.5, "J": 0.4, "DE": 0.9, "JNJ": 0.75, "JCI": 0.25, "JPM": 0.5, "JNPR": 0.25, "K": 0.75, "KDP": 0.4, "KEY": 0.5, "KEYS": 0.65, "KMB": 0.6499999999999999, "KMI": 0.25, "KLAC": 0.75, "KHC": 0.35, "KR": 0.6749999999999999, "LHX": 0.5, "LH": 0.85, "LRCX": 0.75, "LW": 0.32499999999999996, "LVS": 0.3, "LDOS": 0.65, "LIN": 0.475, "LYV": 0.5, "LKQ": 0.4, "LMT": 0.9, "L": 0.6749999999999999, "LOW": 0.85, "LUMN": 0.65, "LYB": 0.85, "MTB": 0.5, "MRO": 0.6749999999999999, "MPC": 0.75, "MAR": 0.15, "MMC": 0.5, "MLM": 0.25, "MAS": 0.525, "MA": 0.5, "MTCH": 0.6, "MKC": 0, "MCD": 0.42500000000000004, "MCK": 0.25, "MDT": 0.6749999999999999, "MRK": 0.475, "META": 0.75, "MET": 0.5, "MTD": 0.5, "MGM": 0.5, "MCHP": 0.4, "MU": 0.85, "MSFT": 0.49999999999999994, "MAA": 0.275, "MRNA": 0.9, "MHK": 0.6749999999999999, "MOH": 0.25, "TAP": 0.5, "MDLZ": 0.6749999999999999, "MCO": 0.5, "MS": 0.3, "MSI": 0.42500000000000004, "MSCI": 0.6, "NDAQ": 0.75, "NTAP": 0.75, "NFLX": 0.5, "NWL": 0.5, "NEM": 0.35, "NWSA": 0.42500000000000004, "NWS": 0.42500000000000004, "NEE": 0.5, "NKE": 0.5, "NI": 0.6749999999999999, "NDSN": 0.5, "NSC": 0.85, "NOC": 0.75, "NCLH": 0.4, "NRG": 0.75, "NUE": 0.6749999999999999, "NVDA": 0.32499999999999996, "NXPI": 0.575, "ORLY": 0.25, "OXY": 0.42500000000000004, "ODFL": 0.5, "OMC": 0.575, "ON": 0.6749999999999999, "ORCL": 0.525, "OTIS": 0.42500000000000004, "PKG": 0.75, "PARA": 0.6749999999999999, "PH": 0.2, "PAYX": 0.5, "PAYC": 0.15, "PYPL": 0.25, "PNR": 0.85, "PEP": 0.5, "PKI": 0.5, "PFE": 0.6749999999999999, "PM": 0.85, "PSX": 0.25, "PNW": 0.85, "PXD": 0.525, "PNC": 0.25, "POOL": 0.15, "PPG": 0.32499999999999996, "PPL": 0.35, "PFG": 0.15, "PG": 0.6499999999999999, "PLD": 0.6499999999999999, "PRU": 0.6749999999999999, "PTC": 0.4, "PEG": 0.4, "PSA": 0.6499999999999999, "PHM": 0.85, "QRVO": 0.85, "QCOM": 0.75, "PWR": 0.25, "DGX": 0.85, "RL": 0.575, "RTX": 0.25, "REG": 0.6749999999999999, "REGN": 0.75, "RSG": 0.35, "RMD": 0.32499999999999996, "RHI": 0.75, "ROK": 0.32499999999999996, "ROL": 0.5, "ROP": 0.25, "ROST": 0.32499999999999996, "RCL": 0.4, "SPGI": 0.5, "CRM": 0.1, "SBAC": 0.1, "SLB": 0.15, "STX": 0.75, "SEE": 0.7999999999999999, "SRE": 0.525, "NOW": 0, "SHW": 0.15, "SPG": 0.15, "SWKS": 0.85, "SNA": 0.6749999999999999, "SEDG": 0.3, "SO": 0.25, "LUV": 0.5, "SWK": 0.6749999999999999, "SBUX": 0.6, "STLD": 0.85, "STE": 0.25, "SYK": 0.15, "SYF": 0.85, "SNPS": 0.5, "SYY": 0.32499999999999996, "TMUS": 0.32499999999999996, "TTWO": 0.175, "TPR": 0.75, "TRGP": 0.3, "TGT": 0.6, "TEL": 0.85, "TDY": 0.1, "TFX": 0.85, "TER": 1.0, "TSLA": 0.6, "TXN": 0.75, "TXT": 0.5, "KO": 0.5, "EL": 0.5, "HD": 0.75, "IPG": 0.25, "SJM": 0.35, "MOS": 0.85, "TRV": 0.6, "TMO": 0.5, "TJX": 0.5, "TSCO": 0.5, "TT": 0.35, "TDG": 0.42500000000000004, "TRMB": 0.4, "TFC": 0.5, "TYL": 0.275, "UDR": 0.3, "ULTA": 0.5, "UAL": 0.4, "UPS": 0.75, "URI": 0.25, "UNH": 0.32499999999999996, "UHS": 0.85, "VLO": 0.25, "VTR": 0.35, "VRSK": 0.35, "VZ": 0.75, "VRTX": 0.32499999999999996, "VFC": 0.75, "VTRS": 0.35, "VICI": 0.725, "VMC": 0.175, "GWW": 0.5, "WAB": 0.35, "WBA": 0.5, "WMT": 0.2, "WM": 0.42500000000000004, "WAT": 0.5, "WFC": 0.5, "WELL": 0.42500000000000004, "WST": 0.5, "WDC": 0.5, "WRK": 0.5, "WY": 1.0, "WHR": 0.5249999999999999, "WMB": 0.3, "WTW": 0.475, "WYNN": 0.4, "XEL": 0.15, "XYL": 0.15, "YUM": 0.75, "ZBRA": 0.5249999999999999, "ZBH": 0.525, "ZION": 0.1, "ZTS": 0.5}