{"MMM": 0.1, "AOS": 0.6, "ABT": 0.32499999999999996, "ABBV": 0.42500000000000004, "ACN": 0.32499999999999996, "ATVI": 0.475, "ADM": 0.1, "ADBE": 0.32499999999999996, "ADP": 0.4, "AAP": 0.5, "AFL": 0.85, "A": 0.5, "APD": 0.7999999999999999, "AKAM": 0.525, "ALK": 0.35, "ALB": 0.5, "ARE": 0.825, "ALGN": 0.6499999999999999, "ALLE": 0.6499999999999999, "LNT": 0.475, "ALL": 0.85, "MO": 0.25, "AMZN": 0.6749999999999999, "AMCR": 0.85, "AMD": 0.32499999999999996, "AEE": 0.5, "AAL": 0.35, "AEP": 0.75, "AXP": 0, "AMT": 0.725, "AWK": 0.3, "ABC": 0.575, "AME": 0.575, "AMGN": 0.25, "APH": 0.2, "ADI": 0.25, "ANSS": 0.5750000000000001, "AON": 0.6499999999999999, "AAPL": 0.75, "AMAT": 0.75, "APTV": 0.15, "ACGL": 0.575, "ANET": 0.25, "AJG": 0.3, "T": 0.6749999999999999, "ATO": 0.85, "ADSK": 0.5, "AZO": 0.85, "AVB": 0.85, "BAC": 0.35, "BBWI": 0.6749999999999999, "BAX": 0.2, "BDX": 0.6749999999999999, "BBY": 0.75, "BIO": 0.575, "TECH": 0.85, "BIIB": 0.35, "BLK": 0.6499999999999999, "BK": 0.6749999999999999, "BA": 0.35, "BKNG": 0.25, "BWA": 0.85, "BXP": 0.5249999999999999, "BSX": 0.25, "BMY": 0.25, "AVGO": 0.475, "BR": 0.3, "BRO": 0.32499999999999996, "CHRW": 0.75, "CDNS": 0.65, "CZR": 0.4, "CPT": 0.3, "CPB": 0.85, "COF": 0.5, "CAH": 0.25, "KMX": 0.6499999999999999, "CCL": 0.25, "CTLT": 0.575, "CAT": 0.75, "CBOE": 0.6499999999999999, "CBRE": 0, "CDW": 0.15, "CE": 0.6499999999999999, "CNC": 0.5249999999999999, "CNP": 0.6749999999999999, "CDAY": 0.4, "CF": 0.75, "CRL": 0.32499999999999996, "SCHW": 0.32499999999999996, "CHTR": 0.32499999999999996, "CVX": 0.575, "CMG": 0.65, "CHD": 0.6499999999999999, "CI": 0.6749999999999999, "CTAS": 0.6499999999999999, "CSCO": 0.85, "C": 0.35, "CFG": 0.35, "CLX": 0.475, "CME": 0.3, "CMS": 0.32499999999999996, "CTSH": 0.85, "CL": 0.42500000000000004, "CMCSA": 0.32499999999999996, "CAG": 0.85, "COP": 0.625, "ED": 0.525, "COO": 0.75, "CPRT": 0.85, "GLW": 0.5, "CTVA": 0.25, "CSGP": 0.35, "COST": 0.65, "CTRA": 0.5, "CCI": 0.5, "CSX": 0.85, "CMI": 0.6749999999999999, "CVS": 0.6749999999999999, "DHI": 1.0, "DHR": 0.65, "DRI": 0.9, "DVA": 0.275, "DAL": 0.25, "XRAY": 0.425, "DVN": 0.4, "DXCM": 0.475, "FANG": 0.5, "DFS": 0, "DISH": 0.575, "DIS": 0.175, "DG": 0.32499999999999996, "DLTR": 0.42500000000000004, "D": 0.15, "DPZ": 0.6, "DOV": 0.42500000000000004, "DOW": 0.5, "DTE": 0.25, "DUK": 0.5750000000000001, "DD": 0.2, "DXC": 0.5249999999999999, "EMN": 0.25, "ETN": 0.9, "EBAY": 0.42500000000000004, "ECL": 0.44999999999999996, "EIX": 0.42500000000000004, "EW": 0.15, "EA": 0.5, "LLY": 0.65, "EMR": 0.525, "ENPH": 0.15, "EOG": 0.8500000000000001, "EQT": 0.5750000000000001, "EFX": 0.475, "EQIX": 0.475, "EQR": 0.5249999999999999, "ESS": 0.9, "ETSY": 0.32499999999999996, "EVRG": 0.25, "ES": 0.7999999999999999, "EXC": 0.35, "EXPE": 0.3, "EXPD": 0.32499999999999996, "EXR": 0.7999999999999999, "XOM": 0.425, "FFIV": 0.85, "FDS": 0.65, "FAST": 0.65, "FRT": 0.25, "FDX": 0.85, "FSLR": 0.6749999999999999, "FE": 0.425, "FIS": 0.2, "FISV": 0.2, "FLT": 0.25, "FMC": 0.15, "F": 0.5249999999999999, "FTNT": 0.75, "FTV": 0.575, "BEN": 0.75, "FCX": 0.25, "GRMN": 0.525, "IT": 0.3, "GNRC": 0.32499999999999996, "GD": 0.6749999999999999, "GE": 0.175, "GIS": 0.35, "GM": 0.7, "GPC": 0.32499999999999996, "GILD": 0.275, "GPN": 0.35, "GL": 0.525, "GS": 0.4, "HAL": 0.1, "HIG": 0.42500000000000004, "HAS": 0.175, "HCA": 0.9, "PEAK": 0.275, "HSIC": 0.425, "HSY": 0.15, "HES": 0.4, "HPE": 0.5249999999999999, "HLT": 0.4, "HOLX": 0.85, "HON": 0.15, "HRL": 0.75, "HST": 0.5249999999999999, "HWM": 0.35, "HPQ": 0.7, "HUM": 0.85, "HBAN": 0.25, "HII": 0.5, "IBM": 0.6749999999999999, "IEX": 0.3, "IDXX": 0.65, "ITW": 0.5, "ILMN": 0.5, "INCY": 0.275, "IR": 0.55, "INTC": 0.7, "ICE": 0.475, "IFF": 0.35, "IP": 0.35, "INTU": 0.5, "ISRG": 0.25, "IVZ": 0.7000000000000001, "INVH": 0.1, "IQV": 0.3, "IRM": 0.575, "JBHT": 0.42500000000000004, "JKHY": 0.75, "J": 0.575, "DE": 0.75, "JNJ": 0.6, "JCI": 0.85, "JPM": 0.575, "JNPR": 0.375, "K": 0.25, "KDP": 0.1, "KEY": 0.5249999999999999, "KEYS": 0.9, "KMB": 0.9, "KMI": 0.45, "KLAC": 0.32499999999999996, "KHC": 0.25, "KR": 0.4, "LHX": 0.575, "LH": 0.825, "LRCX": 0.75, "LW": 0.75, "LVS": 0.32499999999999996, "LDOS": 0.7, "LIN": 0.75, "LYV": 0.5, "LKQ": 0.85, "LMT": 0.32499999999999996, "L": 0.25, "LOW": 0.75, "LUMN": 0.6749999999999999, "LYB": 0.5249999999999999, "MTB": 0.6749999999999999, "MRO": 0.75, "MPC": 0.42500000000000004, "MAR": 0.3, "MMC": 0.475, "MLM": 0.6499999999999999, "MAS": 0.42500000000000004, "MA": 0.6499999999999999, "MTCH": 0.6, "MKC": 0.15, "MCD": 0.6, "MCK": 0.35, "MDT": 0.35, "MRK": 0.75, "META": 0.85, "MET": 0.25, "MTD": 0.5, "MGM": 0.25, "MCHP": 0.525, "MU": 0.85, "MSFT": 0.9, "MAA": 0.42500000000000004, "MRNA": 0.4, "MHK": 0.35, "MOH": 0.725, "TAP": 0.4, "MDLZ": 0.35, "MCO": 0.65, "MSI": 0.4, "MSCI": 0.6, "NDAQ": 0.575, "NTAP": 0.425, "NFLX": 0.15, "NWL": 0.5, "NEM": 0.85, "NWSA": 0.2, "NWS": 0.35, "NEE": 0.65, "NKE": 0.5, "NI": 0.2, "NDSN": 0.75, "NSC": 0.42500000000000004, "NOC": 0.15, "NCLH": 0.4, "NRG": 0.575, "NUE": 0.25, "NVDA": 0.6499999999999999, "NXPI": 0.5, "ORLY": 0.5, "OXY": 0.1, "ODFL": 0.65, "OMC": 0.575, "ON": 0.25, "OKE": 0.32499999999999996, "ORCL": 0.75, "PKG": 0.15, "PH": 0.85, "PAYX": 0.75, "PAYC": 0.15, "PYPL": 0.15, "PNR": 0.42500000000000004, "PEP": 0.6499999999999999, "PKI": 0.5750000000000001, "PM": 0.375, "PSX": 0.425, "PNW": 0.5249999999999999, "PXD": 0.7999999999999999, "POOL": 0.65, "PPG": 0.25, "PPL": 0.7, "PFG": 0.25, "PG": 0.75, "PGR": 0.75, "PLD": 0.5, "PRU": 0.42500000000000004, "PTC": 0.75, "PEG": 0.475, "PSA": 0.7999999999999999, "PHM": 0.525, "QRVO": 0.5249999999999999, "QCOM": 0.75, "PWR": 0.85, "DGX": 0.65, "RL": 0.4, "RTX": 0.1, "REG": 0.1, "REGN": 0.525, "RSG": 0.4, "RMD": 0.85, "RHI": 0.42500000000000004, "ROK": 0.9, "ROL": 0.5, "ROP": 0.4, "ROST": 0.15, "RCL": 0.25, "SPGI": 0.475, "CRM": 0.575, "SBAC": 0.4, "SLB": 0.1, "STX": 0.75, "SEE": 0.425, "SRE": 0.35, "NOW": 0.15, "SHW": 0.5750000000000001, "SWKS": 0.85, "SNA": 0.35, "SEDG": 0.15, "SO": 0.75, "LUV": 0.25, "SWK": 0.6749999999999999, "SBUX": 0.7000000000000001, "STLD": 0.575, "STE": 0.25, "SYK": 0.32499999999999996, "SYF": 0.75, "SNPS": 0.65, "SYY": 0.32499999999999996, "TMUS": 0.525, "TTWO": 0.475, "TPR": 0.35, "TRGP": 0.4, "TGT": 0.75, "TEL": 0.85, "TDY": 0.1, "TER": 0.15, "TSLA": 0.15, "TXN": 0.32499999999999996, "TXT": 0.35, "KO": 0.32499999999999996, "EL": 0.65, "HD": 0.6, "IPG": 0.15, "SJM": 1.0, "MOS": 0.7, "TRV": 1.0, "TMO": 0.475, "TJX": 0.15, "TSCO": 0.42500000000000004, "TT": 0.475, "TRMB": 0.4, "TFC": 0.7, "TYL": 0.3, "UDR": 0.15, "ULTA": 0.5, "UNP": 0.32499999999999996, "UAL": 0.25, "UPS": 0.3, "URI": 0.25, "UNH": 0.75, "UHS": 0.35, "VLO": 0.6749999999999999, "VTR": 0.35, "VRSN": 0.75, "VRSK": 0.65, "VZ": 0.725, "VRTX": 0.32499999999999996, "VFC": 0.32499999999999996, "VTRS": 0.35, "VICI": 0.6, "VMC": 0.15, "GWW": 0.15, "WAB": 0.5249999999999999, "WBA": 0.2, "WMT": 0.6749999999999999, "WM": 0.9, "WAT": 0.5, "WFC": 0.2, "WELL": 0.6749999999999999, "WST": 0.3, "WDC": 0.5, "WRK": 0.85, "WY": 0.85, "WHR": 0.65, "WMB": 0.6, "WYNN": 0.5, "XEL": 0.15, "XYL": 0.15, "ZBRA": 0.32499999999999996, "ZBH": 0.25, "ZTS": 0.475}