{"MMM": 0.5750000000000001, "AOS": 0.6, "ABT": 0.32499999999999996, "ABBV": 0.5249999999999999, "ACN": 0.475, "ATVI": 0.32499999999999996, "ADM": 0.5249999999999999, "ADBE": 0.65, "ADP": 0.15, "AAP": 0.525, "AES": 0.4, "AFL": 0.85, "A": 0.475, "APD": 0.32499999999999996, "AKAM": 0.35, "ALK": 1.0, "ALB": 0.15, "ARE": 0.75, "ALGN": 0.5, "ALLE": 0.75, "LNT": 0.6499999999999999, "ALL": 0.85, "MO": 0.4, "AMZN": 0.6749999999999999, "AMCR": 0.42500000000000004, "AMD": 0.15, "AEE": 0.15, "AAL": 0.5, "AEP": 0.32499999999999996, "AXP": 0.475, "AMT": 0.32499999999999996, "AWK": 0, "ABC": 0.5, "AME": 0.32499999999999996, "AMGN": 0.6, "APH": 0.6749999999999999, "ADI": 0.85, "ANSS": 0.6499999999999999, "AON": 0.5, "AAPL": 0.6, "AMAT": 0.425, "APTV": 0.15, "ACGL": 0.75, "ANET": 0.5249999999999999, "AJG": 0.475, "AIZ": 0.4, "T": 0.375, "ATO": 0.1, "ADSK": 0.25, "AZO": 0.575, "AVB": 0.35, "AVY": 0.6499999999999999, "BAC": 0.5249999999999999, "BAX": 0.5, "BDX": 0.25, "BBY": 0.75, "BIO": 0.9, "TECH": 0.6749999999999999, "BIIB": 0.85, "BLK": 0.475, "BK": 0.5249999999999999, "BA": 0.55, "BKNG": 0.6, "BWA": 0.5, "BXP": 0.4, "BSX": 0.85, "BMY": 0.4, "AVGO": 0.25, "BR": 0.49999999999999994, "BRO": 0.32499999999999996, "CHRW": 0.32499999999999996, "CDNS": 0.6499999999999999, "CZR": 0.625, "CPT": 0.475, "CPB": 0.1, "COF": 0.85, "CAH": 0.4, "KMX": 0.25, "CCL": 0.85, "CTLT": 0.15, "CAT": 0.75, "CBOE": 0.6499999999999999, "CBRE": 0.9, "CDW": 0.575, "CE": 0.75, "CNC": 0.35, "CNP": 1.0, "CDAY": 0.3, "CF": 0.6749999999999999, "CRL": 0.32499999999999996, "SCHW": 0.25, "CHTR": 0.5750000000000001, "CVX": 0.525, "CMG": 0.3, "CHD": 0.6499999999999999, "CI": 0.85, "CTAS": 0.6499999999999999, "C": 0.5, "CLX": 0.32499999999999996, "CME": 0.3, "CMS": 0.32499999999999996, "CTSH": 0.42500000000000004, "CL": 0.65, "CMCSA": 0.525, "CMA": 0.4, "CAG": 0.675, "COP": 0.75, "ED": 0.85, "COO": 0.25, "CPRT": 0.32499999999999996, "GLW": 0.6749999999999999, "CSGP": 0.85, "COST": 0.175, "CTRA": 0.9, "CCI": 0.32499999999999996, "CSX": 0.5, "CMI": 0.85, "CVS": 0.35, "DHI": 0.6749999999999999, "DHR": 0.575, "DRI": 0.3, "DVA": 0.575, "DAL": 0.5, "XRAY": 0.1, "DVN": 0.5249999999999999, "DXCM": 0.32499999999999996, "FANG": 0.4, "DFS": 0.15, "DISH": 0.6749999999999999, "DIS": 0.4, "DG": 0.32499999999999996, "DLTR": 0.42500000000000004, "D": 0.6, "DPZ": 0.42500000000000004, "DOV": 0.25, "DOW": 0.575, "DTE": 0.25, "DUK": 0.7, "DD": 0.525, "DXC": 0.35, "EMN": 0.4, "ETN": 0.85, "EBAY": 0.6, "ECL": 0.5, "EIX": 0.65, "EW": 0.6749999999999999, "EA": 0.5, "LLY": 0.75, "EMR": 0.625, "ENPH": 0.32499999999999996, "ETR": 0.75, "EOG": 0.75, "EPAM": 0.3, "EQT": 0.4, "EFX": 0.32499999999999996, "EQIX": 0.15, "EQR": 0.7, "ESS": 0.42500000000000004, "ETSY": 0.32499999999999996, "EVRG": 0.25, "ES": 0.15, "EXC": 0.85, "EXPE": 0.25, "EXPD": 0.32499999999999996, "EXR": 0.32499999999999996, "XOM": 0.7000000000000001, "FFIV": 0.25, "FDS": 0.32499999999999996, "FAST": 0.6, "FRT": 0.575, "FDX": 0.5, "FSLR": 0.575, "FE": 0.4, "FIS": 0.525, "FISV": 0.35, "FLT": 0.55, "FMC": 0.3, "F": 0.35, "FTNT": 0.5249999999999999, "FTV": 0.275, "BEN": 0.85, "FCX": 0.32499999999999996, "GRMN": 0.575, "IT": 0.575, "GNRC": 0.32499999999999996, "GD": 0.85, "GE": 0.15, "GIS": 0.6749999999999999, "GM": 0.6749999999999999, "GPC": 0.85, "GILD": 0.7, "GPN": 0.25, "GL": 0.42500000000000004, "GS": 0.5, "HAL": 0.15, "HIG": 0.5, "HAS": 0.475, "HCA": 0.6749999999999999, "PEAK": 0.375, "HSIC": 0.575, "HSY": 0.32499999999999996, "HES": 0.475, "HPE": 0.5, "HLT": 0.25, "HOLX": 0.75, "HON": 0.32499999999999996, "HRL": 0.42500000000000004, "HST": 0.6749999999999999, "HWM": 0.6749999999999999, "HPQ": 0.7, "HUM": 0.2, "HBAN": 0.42500000000000004, "HII": 0.825, "IBM": 0.85, "IEX": 0.32499999999999996, "IDXX": 0.5, "ITW": 0.175, "ILMN": 0.32499999999999996, "INCY": 0.32499999999999996, "IR": 0.5249999999999999, "INTC": 0.85, "ICE": 0.32499999999999996, "IFF": 0.85, "IP": 0.525, "INTU": 0.475, "ISRG": 0.525, "IVZ": 0.85, "INVH": 0.42500000000000004, "IQV": 0.32499999999999996, "IRM": 0.42500000000000004, "JBHT": 0.75, "JKHY": 0.15, "J": 0.25, "DE": 0.25, "JNJ": 0.32499999999999996, "JCI": 0.5249999999999999, "JPM": 0.75, "JNPR": 0.5249999999999999, "K": 0.25, "KEYS": 0.85, "KMB": 0.85, "KIM": 0.35, "KMI": 0.42500000000000004, "KLAC": 0.475, "KHC": 0.6749999999999999, "KR": 0.1, "LHX": 0.4, "LH": 0.42500000000000004, "LRCX": 0.9, "LW": 0.55, "LVS": 0.45, "LDOS": 0.85, "LIN": 0.42500000000000004, "LYV": 0.44999999999999996, "LKQ": 0.85, "LMT": 0.475, "L": 0.375, "LOW": 0.75, "LUMN": 0.6749999999999999, "LYB": 0.75, "MTB": 0.85, "MRO": 0.55, "MPC": 0.1, "MKTX": 0.65, "MAR": 0.3, "MMC": 0.5, "MLM": 0.6499999999999999, "MAS": 0.85, "MA": 0.5, "MTCH": 0.32499999999999996, "MKC": 0.75, "MCD": 0.6, "MCK": 0.575, "MDT": 0.525, "MRK": 0.75, "MET": 0.25, "MTD": 0.5, "MGM": 0.5249999999999999, "MCHP": 0.35, "MU": 0.6749999999999999, "MSFT": 0.65, "MRNA": 0.4, "MHK": 0.5, "TAP": 0.6749999999999999, "MDLZ": 0.25, "MNST": 0.6499999999999999, "MCO": 0.32499999999999996, "MSI": 0.525, "MSCI": 0.42500000000000004, "NDAQ": 0.7, "NTAP": 0.75, "NFLX": 0.65, "NWL": 0.375, "NEM": 0.375, "NWSA": 0.25, "NWS": 0.25, "NEE": 0.6749999999999999, "NKE": 0.32499999999999996, "NI": 0.5, "NDSN": 0.15, "NSC": 0.1, "NOC": 0.3, "NCLH": 0.5, "NRG": 0.6499999999999999, "NUE": 0.35, "NVDA": 0.6749999999999999, "NXPI": 0.375, "ORLY": 0.5, "OXY": 0.5, "ODFL": 0.5, "OMC": 0.575, "ON": 0.375, "OKE": 0.475, "ORCL": 0.425, "PKG": 0.32499999999999996, "PH": 0.42500000000000004, "PAYX": 0.15, "PAYC": 0.3, "PYPL": 0.15, "PNR": 0.42500000000000004, "PEP": 0.65, "PKI": 0.15, "PFE": 0.85, "PM": 0.7000000000000001, "PSX": 0.15, "PNW": 0.275, "PXD": 0.6, "POOL": 0.6499999999999999, "PPG": 0.42500000000000004, "PPL": 0.575, "PFG": 0.25, "PG": 0.32499999999999996, "PLD": 0.475, "PRU": 0.5, "PTC": 0.475, "PEG": 0.725, "PSA": 0.7999999999999999, "PHM": 0.575, "QCOM": 0.75, "PWR": 1.0, "DGX": 0.5, "RL": 0.85, "RTX": 0.5, "O": 0.575, "RSG": 0.42500000000000004, "RMD": 0.7999999999999999, "ROK": 0.35, "ROL": 0.35, "ROP": 0.9, "ROST": 0.5, "RCL": 0.6749999999999999, "SPGI": 0.175, "CRM": 0.4, "SBAC": 0.1, "SLB": 0.25, "STX": 0.75, "SEE": 0.5249999999999999, "SRE": 0.7000000000000001, "NOW": 0.65, "SHW": 0.4, "SWKS": 0.825, "SNA": 0.6749999999999999, "SEDG": 0.6499999999999999, "SO": 0.4, "LUV": 0.6749999999999999, "SWK": 0.35, "SBUX": 0.25, "STLD": 0.575, "STE": 0.35, "SYK": 0.3, "SYF": 0.3, "SNPS": 0.475, "SYY": 0.44999999999999996, "TMUS": 0.42500000000000004, "TTWO": 0.32499999999999996, "TPR": 0.575, "TRGP": 0.3, "TGT": 0.15, "TEL": 0.2, "TDY": 0.25, "TFX": 0.15, "TER": 0.5, "TSLA": 0.15, "TXN": 0.32499999999999996, "TXT": 0.6749999999999999, "KO": 0.7999999999999999, "EL": 0.3, "HD": 0.7000000000000001, "IPG": 0.85, "SJM": 0.35, "MOS": 0.5, "TRV": 0.3, "TMO": 0.15, "TJX": 0.5, "TSCO": 0.9, "TT": 0.85, "TDG": 0.35, "TRMB": 0.7, "TFC": 0.5, "TYL": 0.3, "UDR": 0.49999999999999994, "ULTA": 0.5, "UNP": 0.5, "UAL": 0.6749999999999999, "UPS": 0.3, "URI": 0.4, "UNH": 0.75, "UHS": 0.825, "VLO": 0.5750000000000001, "VTR": 0.675, "VRSK": 0.6499999999999999, "VZ": 0.85, "VRTX": 0.475, "VFC": 0.15, "VICI": 0.25, "VMC": 0.32499999999999996, "GWW": 0.475, "WAB": 0.275, "WBA": 0.375, "WMT": 0.375, "WM": 0.15, "WAT": 0.75, "WFC": 0.7, "WELL": 0.6749999999999999, "WST": 0.5, "WDC": 0.375, "WRK": 0.4, "WHR": 0.5, "WMB": 0.5, "WYNN": 0.4, "XEL": 0.1, "XYL": 0.15, "ZBRA": 0.6, "ZBH": 0.525, "ZTS": 0.5}