{"MMM": 0.25, "AOS": 0.6, "ABT": 0.475, "ABBV": 0.42500000000000004, "ACN": 0.15, "ATVI": 0.475, "ADM": 0.25, "ADBE": 0.49999999999999994, "ADP": 0.4, "AAP": 0.35, "AFL": 0.85, "A": 0.6499999999999999, "APD": 0.6499999999999999, "AKAM": 0.525, "ALK": 0.5, "ALB": 0.35, "ARE": 0.5, "ALGN": 0.6499999999999999, "ALLE": 0.6499999999999999, "LNT": 0.475, "ALL": 1.0, "MO": 0.25, "AMCR": 0.85, "AEE": 0.5, "AAL": 0.5, "AEP": 0.9, "AXP": 0.15, "AMT": 0.575, "AWK": 0.15, "ABC": 0.575, "AME": 0.425, "AMGN": 0.25, "APH": 0.4, "ADI": 0.25, "ANSS": 0.32499999999999996, "AON": 0.6499999999999999, "AAPL": 0.75, "AMAT": 0.75, "APTV": 0.15, "ACGL": 0.575, "ANET": 0.55, "AJG": 0.15, "T": 0.825, "ATO": 0.85, "ADSK": 0.5, "AZO": 0.7, "AVB": 0.7, "BAC": 0.35, "BBWI": 0.6749999999999999, "BAX": 0.35, "BDX": 0.825, "BBY": 0.9, "BIO": 0.575, "TECH": 0.7, "BIIB": 0.2, "BLK": 0.6499999999999999, "BK": 0.6749999999999999, "BA": 0.35, "BKNG": 0.25, "BWA": 1.0, "BXP": 0.5249999999999999, "BSX": 0.4, "BMY": 0.4, "AVGO": 0.32499999999999996, "BR": 0.15, "BRO": 0.32499999999999996, "CHRW": 0.75, "CDNS": 0.5, "CZR": 0.25, "CPT": 0.15, "CPB": 0.6749999999999999, "COF": 0.5, "CAH": 0.4, "KMX": 0.75, "CCL": 0.5, "CTLT": 0.6749999999999999, "CAT": 0.9, "CBOE": 0.6499999999999999, "CBRE": 0, "CDW": 0.15, "CE": 0.6499999999999999, "CNC": 0.825, "CNP": 0.5249999999999999, "CDAY": 0.4, "CF": 0.75, "CRL": 0.175, "SCHW": 0.32499999999999996, "CHTR": 0.75, "CVX": 0.575, "CMG": 0.35, "CHD": 0.6499999999999999, "CI": 0.825, "CTAS": 0.6499999999999999, "CSCO": 1.0, "C": 0.35, "CFG": 0.5, "CLX": 0.32499999999999996, "CME": 0.15, "CMS": 0.32499999999999996, "CTSH": 0.85, "CL": 0.42500000000000004, "CAG": 0.85, "COP": 0.475, "ED": 0.525, "COO": 0.6, "CPRT": 0.85, "GLW": 0.35, "CTVA": 0.25, "CSGP": 0.35, "COST": 0.5, "CTRA": 0.5, "CCI": 0.5, "CSX": 0.85, "CMI": 0.6749999999999999, "CVS": 0.6749999999999999, "DHI": 0.85, "DHR": 0.6, "DRI": 0.75, "DVA": 0.42500000000000004, "DAL": 0.4, "XRAY": 0.725, "DVN": 0.4, "DXCM": 0.475, "FANG": 0.5, "DFS": 0.15, "DISH": 0.4, "DIS": 0.32499999999999996, "DG": 0.5, "DLTR": 0.525, "D": 0.15, "DPZ": 0.6, "DOV": 0.42500000000000004, "DOW": 0.5, "DTE": 0.4, "DUK": 0.275, "DD": 0.35, "DXC": 0.825, "EMN": 0.4, "ETN": 0.6, "ECL": 0.3, "EIX": 0.42500000000000004, "EW": 0.15, "EA": 0.65, "LLY": 0.35, "EMR": 0.32499999999999996, "ENPH": 0.15, "EOG": 0.6, "EQT": 0.42500000000000004, "EFX": 0.15, "EQIX": 0.32499999999999996, "EQR": 0.6749999999999999, "ESS": 0.75, "ETSY": 0.32499999999999996, "EVRG": 0.25, "ES": 0.49999999999999994, "EXC": 0.5, "EXPE": 0.3, "EXPD": 0.32499999999999996, "EXR": 0.6499999999999999, "XOM": 0.575, "FFIV": 0.85, "FDS": 0.5, "FAST": 0.65, "FRT": 0.25, "FDX": 0.85, "FSLR": 0.6749999999999999, "FE": 0.575, "FIS": 0.35, "FISV": 0.35, "FLT": 0.25, "FMC": 0.15, "F": 0.825, "FTNT": 0.75, "FTV": 0.725, "BEN": 0.85, "FCX": 0.25, "GRMN": 0.42500000000000004, "IT": 0, "GNRC": 0.32499999999999996, "GD": 0.6749999999999999, "GE": 0.32499999999999996, "GIS": 0.35, "GM": 1.0, "GPC": 0.32499999999999996, "GILD": 0.5750000000000001, "GPN": 0.35, "GL": 0.525, "GS": 0.4, "HAL": 0.25, "HIG": 0.42500000000000004, "HAS": 0.475, "HCA": 0.9, "PEAK": 0.5750000000000001, "HSIC": 0.575, "HSY": 0.15, "HES": 0.55, "HPE": 0.6749999999999999, "HLT": 0.4, "HOLX": 0.85, "HON": 0, "HRL": 0.75, "HST": 0.6749999999999999, "HWM": 0.35, "HPQ": 0.85, "HUM": 0.85, "HBAN": 0.5, "HII": 0.65, "IBM": 0.6749999999999999, "IEX": 0.15, "IDXX": 0.5, "ITW": 0.5, "ILMN": 0.5, "INCY": 0.42500000000000004, "IR": 0.4, "INTC": 1.0, "ICE": 0.32499999999999996, "IFF": 0.5, "IP": 0.35, "INTU": 0.35, "ISRG": 0.25, "IVZ": 0.7000000000000001, "INVH": 0.25, "IQV": 0.15, "IRM": 0.75, "JBHT": 0.475, "JKHY": 0.75, "J": 0.425, "DE": 0.75, "JNJ": 0.75, "JCI": 1.0, "JPM": 0.575, "JNPR": 0.35, "K": 0.25, "KDP": 0.1, "KEY": 0.575, "KEYS": 0.75, "KMB": 0.75, "KMI": 0.6, "KLAC": 0.175, "KHC": 0.25, "KR": 0.4, "LHX": 0.55, "LH": 0.6749999999999999, "LRCX": 0.75, "LW": 0.75, "LVS": 0.475, "LDOS": 0.85, "LIN": 0.6, "LYV": 0.35, "LKQ": 0.85, "LMT": 0.75, "L": 0.35, "LOW": 0.6, "LUMN": 0.6749999999999999, "LYB": 0.575, "MTB": 0.575, "MRO": 0.425, "MPC": 0.42500000000000004, "MAR": 0.3, "MMC": 0.32499999999999996, "MLM": 0.75, "MAS": 0.4, "MA": 0.5, "MTCH": 0.6, "MKC": 0.6499999999999999, "MCD": 0.7000000000000001, "MCK": 0.35, "MDT": 0.5, "MRK": 0.75, "MET": 0.25, "MTD": 0.35, "MGM": 0.4, "MCHP": 0.525, "MU": 1.0, "MSFT": 0.49999999999999994, "MAA": 0.42500000000000004, "MRNA": 0.4, "MHK": 0.35, "MOH": 0.425, "TAP": 0.4, "MDLZ": 0.35, "MCO": 0.5, "MSI": 0.25, "MSCI": 0.6, "NDAQ": 0.575, "NTAP": 0.725, "NFLX": 0.5, "NWL": 0.5, "NEM": 0.85, "NWSA": 0.35, "NWS": 0.35, "NEE": 0.5, "NKE": 0.5, "NI": 0.35, "NDSN": 0.6, "NSC": 0.25, "NOC": 1.0, "NCLH": 0.4, "NRG": 0.575, "NUE": 0.1, "NVDA": 0.6499999999999999, "NXPI": 0.2, "ORLY": 0.35, "OXY": 0.1, "ODFL": 0.5, "OMC": 0.575, "ON": 0.25, "OKE": 0.32499999999999996, "ORCL": 0.9, "PKG": 0.15, "PH": 0.85, "PAYX": 0.9, "PAYC": 0.15, "PYPL": 0, "PNR": 0.42500000000000004, "PEP": 0.6499999999999999, "PKI": 0.42500000000000004, "PM": 0.35, "PSX": 0.725, "PNW": 0.825, "PXD": 0.6499999999999999, "POOL": 0.5, "PPG": 0.25, "PPL": 0.85, "PFG": 0.25, "PG": 0.75, "PGR": 0.75, "PLD": 0.5, "PRU": 0.42500000000000004, "PTC": 0.75, "PEG": 0.32499999999999996, "PSA": 0.6499999999999999, "QRVO": 0.6749999999999999, "QCOM": 0.75, "PWR": 0.7, "DGX": 0.5, "RL": 0.4, "RTX": 0.25, "REG": 0.4, "REGN": 0.275, "RSG": 0.25, "RMD": 0.85, "RHI": 0.32499999999999996, "ROK": 0.75, "ROL": 0.5, "ROP": 0.25, "ROST": 0.15, "RCL": 0.4, "SPGI": 0.32499999999999996, "CRM": 0.275, "SBAC": 0.25, "SLB": 0.6, "STX": 0.75, "SEE": 0.575, "SRE": 0.35, "NOW": 0, "SHW": 0.42500000000000004, "SWKS": 0.85, "SNA": 0.2, "SEDG": 0.15, "SO": 0.75, "LUV": 0.4, "SWK": 0.6749999999999999, "SBUX": 0.85, "STLD": 0.575, "STE": 0.4, "SYK": 0.32499999999999996, "SYF": 0.75, "SNPS": 0.5, "SYY": 0.175, "TMUS": 0.275, "TTWO": 0.32499999999999996, "TPR": 0.35, "TRGP": 0.1, "TGT": 0.75, "TEL": 0.85, "TDY": 0.1, "TER": 0.15, "TSLA": 0.15, "TXN": 0.32499999999999996, "TXT": 0.35, "KO": 0.475, "EL": 0.5, "HD": 0.6, "IPG": 0, "SJM": 1.0, "MOS": 0.85, "TRV": 0.85, "TMO": 0.175, "TJX": 0.15, "TSCO": 0.275, "TT": 0.42500000000000004, "TRMB": 0.55, "TFC": 0.85, "TYL": 0, "UDR": 0.3, "ULTA": 0.35, "UNP": 0.32499999999999996, "UAL": 0.4, "UPS": 0.3, "URI": 0.275, "UNH": 0.75, "UHS": 0.35, "VLO": 0.825, "VTR": 0.35, "VRSN": 0.85, "VRSK": 0.5, "VZ": 0.575, "VRTX": 0.32499999999999996, "VFC": 0.475, "VTRS": 0.4, "VICI": 0.75, "VMC": 0.15, "GWW": 0, "WAB": 0.6749999999999999, "WBA": 0.35, "WMT": 0.6749999999999999, "WM": 0.6, "WAT": 0.5, "WFC": 0.25, "WELL": 0.6749999999999999, "WST": 0, "WDC": 0.65, "WRK": 0.85, "WY": 0.85, "WHR": 0.5, "WMB": 0.375, "WYNN": 0.5, "XEL": 0.15, "XYL": 0.15, "ZBRA": 0.32499999999999996, "ZBH": 0.25, "ZTS": 0.32499999999999996}