{"MMM": 0.25, "AOS": 0.25, "ABT": 0.575, "ABBV": 0.42500000000000004, "ACN": 0.5, "ATVI": 0.3, "ADM": 0.55, "ADBE": 0.175, "ADP": 0.32499999999999996, "AAP": 0.35, "AFL": 0.85, "A": 0.7000000000000001, "APD": 0.25, "AKAM": 0.525, "ALK": 0.85, "ALB": 0.5249999999999999, "ARE": 0.4, "ALLE": 0.575, "LNT": 0.35, "ALL": 0.85, "MO": 0.75, "AMZN": 0.6749999999999999, "AMD": 0.32499999999999996, "AEE": 0.3, "AAL": 0.42500000000000004, "AEP": 0.75, "AIG": 0.5, "AMT": 0.32499999999999996, "AWK": 0.44999999999999996, "ABC": 0.3, "AME": 0.6, "AMGN": 0.4, "APH": 0.65, "ADI": 0.9, "AON": 0.15, "AAPL": 0.85, "AMAT": 0.575, "APTV": 0.15, "ACGL": 0.85, "AJG": 0.15, "T": 0.85, "ATO": 0.3, "ADSK": 0.6749999999999999, "AZO": 0.575, "AVB": 0.85, "AVY": 0.3, "BAX": 0.3, "BDX": 0.15, "BBY": 0.6, "BIO": 0.5750000000000001, "TECH": 0.7000000000000001, "BIIB": 0.575, "BLK": 0.32499999999999996, "BK": 0.9, "BA": 0.5, "BKNG": 0.3, "BWA": 0.5, "BXP": 0.25, "BSX": 0.32499999999999996, "BMY": 0.3, "BR": 0.5, "BRO": 0.6499999999999999, "CHRW": 0.175, "CDNS": 0.6499999999999999, "CZR": 0.5, "CPT": 0.4, "CPB": 0.75, "COF": 0.35, "CAH": 0.35, "KMX": 0.25, "CCL": 0.85, "CTLT": 0.42500000000000004, "CBRE": 0.75, "CDW": 0.5, "CE": 0.6, "CNC": 0.7000000000000001, "CNP": 0.75, "CF": 0.7000000000000001, "CRL": 0.5, "SCHW": 0.15, "CHTR": 0.85, "CVX": 0.7000000000000001, "CHD": 0.475, "CSCO": 0.4, "CMS": 0.25, "CTSH": 0.3, "CL": 0.42500000000000004, "CMCSA": 0.75, "CAG": 0.525, "COP": 0.3, "ED": 0.85, "COO": 0.42500000000000004, "CPRT": 0.32499999999999996, "GLW": 0.65, "CSGP": 0.5, "COST": 0.32499999999999996, "CCI": 0.15, "CSX": 0.85, "CMI": 0.85, "CVS": 1.0, "DHI": 0.25, "DHR": 0.42500000000000004, "DRI": 0.42500000000000004, "DVA": 0.5750000000000001, "DAL": 0.525, "XRAY": 0.5, "DVN": 0.25, "DXCM": 0.4, "FANG": 0.32499999999999996, "DFS": 0.15, "DISH": 0.6, "DG": 0.6499999999999999, "DLTR": 0.85, "D": 0.65, "DPZ": 0.42500000000000004, "DOV": 0.85, "DTE": 0.5750000000000001, "DUK": 0.25, "EMN": 0.35, "ETN": 0.85, "EBAY": 0.4, "ECL": 0.32499999999999996, "EIX": 0.7000000000000001, "EW": 0.6749999999999999, "LLY": 0.3, "EMR": 0.15, "ENPH": 0.4, "ETR": 0.825, "EOG": 0.5, "EPAM": 0.3, "EQT": 0.85, "EFX": 0.32499999999999996, "EQIX": 0.25, "EQR": 0.85, "ESS": 0.85, "ES": 0.275, "EXC": 0.7, "EXPE": 0.25, "EXR": 0.625, "XOM": 0.7000000000000001, "FDS": 0.35, "FAST": 0.675, "FRT": 0.15, "FDX": 0.525, "FSLR": 0.5, "FE": 0.4, "FIS": 0.85, "FLT": 0.32499999999999996, "FMC": 0.32499999999999996, "F": 0.6749999999999999, "FTV": 0.32499999999999996, "FCX": 0.6749999999999999, "GNRC": 0.475, "GD": 0.575, "GE": 0.25, "GPC": 0.6749999999999999, "GILD": 0.25, "GPN": 0.32499999999999996, "GS": 0.6749999999999999, "HAL": 0.475, "HIG": 0.6749999999999999, "HAS": 0.3, "HCA": 0.7000000000000001, "HSIC": 0.4, "HSY": 0.5, "HES": 0.5, "HPE": 0.525, "HLT": 0.6499999999999999, "HOLX": 0.55, "HON": 0.3, "HRL": 0.42500000000000004, "HST": 0.85, "HUM": 0.25, "HBAN": 0.475, "HII": 0, "IBM": 0.75, "IEX": 0.32499999999999996, "IDXX": 0.6, "ITW": 0.3, "ILMN": 0.32499999999999996, "INCY": 0.4, "INTC": 0.85, "ICE": 0.32499999999999996, "IFF": 0.32499999999999996, "IP": 0.85, "INTU": 0.15, "IVZ": 1.0, "IQV": 0.75, "IRM": 0, "JBHT": 0.6499999999999999, "JKHY": 0.32499999999999996, "JNJ": 0.475, "JCI": 0.825, "JNPR": 0.5, "K": 0.575, "KEYS": 0.15, "KMB": 0.6, "KIM": 0.35, "KMI": 0.35, "KLAC": 0.32499999999999996, "KHC": 0.85, "KR": 0.4, "LH": 1.0, "LRCX": 0.75, "LVS": 0.5, "LDOS": 0.85, "LYV": 0.475, "LKQ": 0.4, "LMT": 0.4, "L": 0.525, "LOW": 0.9, "LYB": 0.6499999999999999, "MTB": 0.575, "MRO": 0.35, "MPC": 0.75, "MAR": 0.32499999999999996, "MMC": 0.15, "MLM": 0.6749999999999999, "MAS": 0.35, "MA": 0.32499999999999996, "MTCH": 0.35, "MKC": 0.575, "MCD": 0.25, "MCK": 0.4, "MDT": 0.375, "MRK": 0.6, "MTD": 0.5, "MGM": 0.75, "MCHP": 0.85, "MU": 0.85, "MSFT": 0.32499999999999996, "MHK": 0.2, "MOH": 0.4, "TAP": 0.5, "MCO": 0.275, "MSI": 0.4, "MSCI": 0.32499999999999996, "NDAQ": 0.85, "NTAP": 0.25, "NFLX": 0.15, "NWL": 0.85, "NEM": 0.4, "NWSA": 0.4, "NWS": 0.4, "NEE": 0.7, "NKE": 0.6499999999999999, "NI": 0.25, "NDSN": 0.275, "NSC": 0.75, "NOC": 0.15, "NCLH": 0.25, "NRG": 0.4, "NUE": 0.675, "NVDA": 0.575, "NXPI": 0.85, "ORLY": 0.5, "OXY": 0.6, "ODFL": 0.9, "OMC": 0.15, "ON": 0.85, "OKE": 0.15, "ORCL": 0.5249999999999999, "PKG": 0.5, "PH": 0.525, "PNR": 0.575, "PEP": 0.475, "PKI": 0.575, "PFE": 0.7, "PM": 0.35, "PSX": 0.575, "PNW": 0.35, "PXD": 0.5, "POOL": 0.15, "PPG": 0.25, "PPL": 0.25, "PFG": 0.6749999999999999, "PG": 0.42500000000000004, "PGR": 0.6, "PLD": 0.75, "PRU": 0.5, "PEG": 1.0, "PSA": 0.6499999999999999, "QRVO": 0.6749999999999999, "QCOM": 0.25, "PWR": 0.5, "DGX": 0.7000000000000001, "RL": 0.525, "RSG": 0.85, "RMD": 0.475, "RHI": 0.15, "ROK": 0.32499999999999996, "ROP": 0.5, "ROST": 0.5, "RCL": 0.42500000000000004, "SPGI": 0.5, "CRM": 0.15, "SBAC": 0.25, "SLB": 0.575, "SEE": 0.44999999999999996, "SRE": 0.55, "NOW": 0.15, "SHW": 0.75, "SNA": 0.35, "SO": 0.45, "LUV": 0.85, "SWK": 0.525, "SBUX": 0.5, "STLD": 0.42500000000000004, "SYK": 0.15, "SYF": 0.15, "SNPS": 0.7000000000000001, "SYY": 0.32499999999999996, "TMUS": 0.55, "TTWO": 0.15, "TPR": 0.25, "TRGP": 0.55, "TEL": 0.525, "TDY": 0.1, "TFX": 0.3, "TSLA": 0.575, "TXN": 0.32499999999999996, "TXT": 0.5, "KO": 0.15, "EL": 0.15, "HD": 0.6, "IPG": 0.42500000000000004, "SJM": 0.85, "MOS": 0.5, "TRV": 0.25, "TMO": 0.42500000000000004, "TJX": 0.75, "TSCO": 0.75, "TDG": 0.85, "TRMB": 0.5, "UDR": 0.6, "UNP": 0.6499999999999999, "UAL": 0.6749999999999999, "UPS": 0.15, "URI": 0.75, "UNH": 0.75, "UHS": 0.7000000000000001, "VLO": 0.42500000000000004, "VTR": 0.7, "VRSK": 0.6499999999999999, "VZ": 0.6, "VMC": 0.5, "GWW": 0.15, "WAB": 0.42500000000000004, "WBA": 0.525, "WMT": 0.525, "WM": 0.6499999999999999, "WAT": 0.3, "WEC": 0.5, "WELL": 0.85, "WST": 0.5, "WDC": 0.525, "WY": 0.15, "WHR": 0.35, "WMB": 0.575, "WTW": 0.25, "WYNN": 0.75, "XEL": 0.175, "XYL": 0.15, "ZBRA": 0.275, "ZBH": 0.85, "ZTS": 0}