{"MMM": 0.6, "AOS": 0.7, "ABT": 0.5, "ACN": 0.15, "ADM": 0.55, "ADBE": 0.15, "AFL": 0.85, "A": 0.85, "APD": 0.42500000000000004, "ALK": 0.85, "ALB": 0.25, "ARE": 0.7000000000000001, "LNT": 0.85, "MO": 0.42500000000000004, "AMZN": 0.5249999999999999, "AEE": 0.5, "AEP": 0.32499999999999996, "AIG": 0.55, "AMT": 0, "AWK": 0.475, "ABC": 0.32499999999999996, "AME": 0.65, "AMGN": 0.15, "APH": 0.7, "ADI": 0.7999999999999999, "ANSS": 0.32499999999999996, "AON": 0.5, "AMAT": 0.32499999999999996, "AJG": 0.32499999999999996, "T": 0.575, "AZO": 0.6, "AVY": 0.42500000000000004, "BAC": 0.35, "BAX": 0.425, "BDX": 0.75, "BBY": 0.5, "BIIB": 0.5, "BLK": 0.3, "BK": 0.5, "BA": 0.15, "BWA": 0.35, "BXP": 0.85, "BSX": 0.5, "BMY": 0.5, "BR": 0.42500000000000004, "BRO": 0.7000000000000001, "CHRW": 0.6499999999999999, "CPB": 0.42500000000000004, "CAH": 0.25, "KMX": 0.15, "CCL": 0.85, "CE": 0.9, "CNC": 0.35, "CNP": 0.275, "CF": 0.85, "CRL": 0.75, "SCHW": 0.1, "CVX": 0.85, "CB": 0.6, "CHD": 0.1, "CTAS": 0.375, "CSCO": 0.6749999999999999, "CLX": 0.6, "CME": 0.42500000000000004, "CMS": 0.3, "CL": 0.575, "CMCSA": 0.35, "CMA": 0.25, "CAG": 0.5249999999999999, "COP": 0.6749999999999999, "ED": 0.75, "COO": 0.42500000000000004, "CPRT": 0.6749999999999999, "GLW": 0.6749999999999999, "COST": 0.15, "CCI": 0.15, "CSX": 0.5249999999999999, "CMI": 0.75, "DHI": 0.4, "DHR": 0.25, "DRI": 0.42500000000000004, "DVA": 0.4, "DAL": 0.2, "XRAY": 0.6499999999999999, "DVN": 0.4, "DXCM": 0.575, "DFS": 0.5, "DISH": 0.32499999999999996, "DLTR": 0.75, "D": 0.3, "DPZ": 0.6, "DOV": 0.525, "DTE": 0.525, "DUK": 0.4, "EMN": 0.3, "EBAY": 0.35, "ECL": 0.5, "EA": 0.6, "LLY": 0.75, "EMR": 0.15, "ETR": 0.525, "EOG": 0.525, "EQT": 0.32499999999999996, "EFX": 0.32499999999999996, "EQIX": 0.42500000000000004, "EQR": 0.6749999999999999, "ESS": 0.475, "ES": 0.85, "EXC": 0.35, "EXPE": 0.15, "EXR": 0.42500000000000004, "XOM": 0.6, "FRT": 0.3, "FDX": 0.525, "FSLR": 0.5, "FE": 0.575, "FIS": 0.2, "FISV": 0.5, "FLT": 0.15, "FMC": 0.175, "BEN": 0.85, "IT": 0.5, "GD": 0.4, "GIS": 0.25, "GPC": 0.75, "GILD": 0.5, "GPN": 0.25, "HAL": 0.6499999999999999, "HIG": 0.4, "HAS": 0.15, "HCA": 0.825, "HSIC": 0.5, "HSY": 0.5, "HES": 0.85, "HOLX": 0.4, "HON": 0.15, "HRL": 0.5249999999999999, "HPQ": 0.5, "HUM": 0.35, "IBM": 0.75, "IEX": 0.4, "IDXX": 0.32499999999999996, "ITW": 0.85, "ILMN": 0.175, "INCY": 0.6, "INTC": 0.85, "IFF": 0.75, "IP": 0.42500000000000004, "INTU": 0.32499999999999996, "IVZ": 0.575, "IRM": 0.15, "JBHT": 0.5, "JKHY": 0.15, "JNJ": 0.6, "JCI": 0.6499999999999999, "JNPR": 0.42500000000000004, "K": 0.625, "KMB": 0.75, "KLAC": 0.475, "KR": 0.35, "LH": 0.25, "LRCX": 0.25, "LVS": 0.6499999999999999, "LYV": 0.425, "LKQ": 0.15, "LMT": 0.3, "L": 0.575, "LOW": 0.75, "MTB": 0.575, "MRO": 0.85, "MPC": 0.35, "MAR": 0.75, "MMC": 0.75, "MLM": 0.49999999999999994, "MAS": 0.15, "MKC": 0.6, "MCD": 0.32499999999999996, "MRK": 0.85, "MET": 0.25, "MTD": 0.65, "MGM": 0.4, "MU": 0.5249999999999999, "MSFT": 0.4, "MAA": 0.525, "MHK": 0.35, "TAP": 0.525, "MDLZ": 0.25, "MCO": 0.32499999999999996, "MSI": 0.32499999999999996, "MSCI": 0.5, "NDAQ": 0.85, "NWL": 0.575, "NEM": 0.6749999999999999, "NEE": 0.85, "NKE": 0.85, "NI": 0.2, "NDSN": 0.5, "NSC": 0.25, "NOC": 0.6749999999999999, "NRG": 0.575, "NUE": 0.42500000000000004, "ORLY": 0.32499999999999996, "OXY": 0.75, "ODFL": 0.75, "OMC": 0.32499999999999996, "OKE": 0.15, "ORCL": 0.75, "PKG": 0.32499999999999996, "PH": 0.575, "PNR": 0.35, "PEP": 0.75, "PKI": 0.4, "PFE": 0.85, "PM": 0.8500000000000001, "PNW": 0.475, "PXD": 0.15, "POOL": 0.3, "PPG": 0.6749999999999999, "PFG": 0.5, "PG": 0.5750000000000001, "PGR": 0.75, "PLD": 0.575, "PEG": 0.5, "PSA": 0.6499999999999999, "PWR": 0.35, "DGX": 0.35, "RJF": 0.75, "REGN": 0.475, "RSG": 0.25, "RMD": 0.6499999999999999, "RHI": 0.75, "ROK": 0.475, "ROST": 0.6, "RCL": 0.4, "SBAC": 0.4, "SLB": 0.475, "STX": 0.75, "SEE": 0.5, "SHW": 0.25, "SPG": 0, "SNA": 0.525, "SO": 0.6499999999999999, "LUV": 0.375, "SWK": 1.0, "SBUX": 0.75, "STLD": 0.55, "SYK": 0.25, "SIVB": 0.15, "SNPS": 0.75, "SYY": 0.15, "TTWO": 0.55, "TEL": 1.0, "TDY": 0.75, "TFX": 0.42500000000000004, "TER": 0.4, "TSLA": 0.5, "TXN": 0.6, "TXT": 0.5, "KO": 0.6499999999999999, "EL": 0.15, "HD": 0.6499999999999999, "IPG": 0.275, "SJM": 0.75, "MOS": 0.85, "TRV": 0.25, "TMO": 0.25, "TJX": 0.35, "TDG": 0.475, "TRMB": 0.25, "USB": 0.6, "UDR": 1.0, "UNP": 0.85, "UAL": 0.475, "UPS": 0.4, "URI": 0.3, "UNH": 0.575, "VLO": 0.25, "VTR": 0.7000000000000001, "VRSN": 0.6, "VRSK": 0.6499999999999999, "VZ": 0.575, "VFC": 0.6749999999999999, "VMC": 0.25, "GWW": 0.32499999999999996, "WAB": 0.575, "WMT": 0.4, "WM": 0.32499999999999996, "WEC": 0.75, "WST": 0.85, "WDC": 0.85, "WHR": 0.35, "WMB": 0.15, "WTW": 0.4, "WYNN": 0.25, "XEL": 0, "XYL": 0.25, "YUM": 0.5}