{"MMM": 0.6, "AOS": 0.35, "ABT": 0.42500000000000004, "ACN": 0.32499999999999996, "ATVI": 0.25, "ADM": 0.4, "ADBE": 0.32499999999999996, "AAP": 0.4, "AFL": 0.85, "A": 0.85, "APD": 0.15, "ALK": 0.85, "ALB": 0.85, "ARE": 0.5249999999999999, "LNT": 0.7, "ALL": 0.85, "MO": 0.25, "AMZN": 0.6749999999999999, "AEE": 0.42500000000000004, "AAL": 0.4, "AEP": 0.625, "AIG": 0.35, "AMT": 0.32499999999999996, "AWK": 0.32499999999999996, "ABC": 0.15, "AME": 0.15, "AMGN": 0.32499999999999996, "APH": 0.7, "AON": 0.5, "AAPL": 1.0, "AMAT": 0, "AJG": 0.35, "T": 0.85, "ATO": 0.15, "AZO": 0.75, "AVB": 0.85, "AVY": 0.2, "BAC": 0.5, "BAX": 0.6749999999999999, "BDX": 0.75, "BBY": 0.65, "BIO": 0.85, "BIIB": 0.5, "BLK": 0.15, "BK": 0.5, "BA": 0.15, "BWA": 0.25, "BXP": 0.35, "BSX": 0.4, "BMY": 0.15, "BR": 0.475, "BRO": 0.7000000000000001, "CHRW": 0.35, "CPB": 0.25, "CAH": 0.25, "KMX": 0.4, "CCL": 0.6749999999999999, "CDW": 0.15, "CE": 0.6, "CNC": 0.35, "CNP": 0.25, "CF": 0.7, "CRL": 0.575, "SCHW": 0.32499999999999996, "CHTR": 0.475, "CVX": 0.85, "CHD": 0.25, "CTAS": 0.75, "CSCO": 0.6749999999999999, "CLX": 0.65, "CME": 0.25, "CMS": 0.175, "CL": 0.5, "CMCSA": 0.375, "CMA": 0.35, "CAG": 0.35, "COP": 0.85, "COO": 0.5750000000000001, "CPRT": 0.5249999999999999, "GLW": 0.1, "CSGP": 0.5249999999999999, "COST": 0.15, "CCI": 0.475, "CSX": 0.6749999999999999, "CMI": 1.0, "CVS": 0.4, "DHI": 0.25, "DHR": 0.575, "DRI": 0.35, "DVA": 0.25, "DAL": 0.75, "XRAY": 0.75, "DVN": 0.25, "DXCM": 0.4, "FANG": 0.15, "DFS": 0.175, "DISH": 0.32499999999999996, "DG": 0.5750000000000001, "DLTR": 0.5, "D": 0.475, "DPZ": 0.7000000000000001, "DOV": 0.35, "DTE": 0.525, "DUK": 0.25, "EMN": 0.725, "ETN": 0.6749999999999999, "EBAY": 0.7, "ECL": 0.32499999999999996, "EIX": 0.6, "EW": 0.5249999999999999, "EA": 0.32499999999999996, "LLY": 0.35, "EMR": 0.32499999999999996, "ENPH": 0.3, "ETR": 0.675, "EOG": 0.35, "EQT": 0.15, "EFX": 0, "EQIX": 0.4, "EQR": 0.85, "EXC": 0.6749999999999999, "EXPE": 0.32499999999999996, "EXR": 0.42500000000000004, "XOM": 0.75, "FRT": 0.15, "FDX": 0.525, "FSLR": 0.6749999999999999, "FE": 0.35, "FIS": 0.6749999999999999, "FISV": 0.275, "FLT": 0.475, "FMC": 0.15, "IT": 0.5, "GNRC": 0.475, "GD": 0.6749999999999999, "GIS": 0.42500000000000004, "GPC": 0.75, "GILD": 0.5, "GPN": 0.4, "HAL": 0.5, "HIG": 0.42500000000000004, "HAS": 0.6499999999999999, "HCA": 0.6749999999999999, "HSIC": 0.6749999999999999, "HSY": 0.32499999999999996, "HES": 0.85, "HOLX": 0.35, "HON": 0.15, "HRL": 0.85, "HPQ": 0.7, "HUM": 1.0, "HII": 0.65, "IBM": 0.75, "IEX": 0.32499999999999996, "IDXX": 0.65, "ITW": 0.75, "ILMN": 0.65, "INCY": 0.4, "INTC": 0.85, "IFF": 0.6499999999999999, "IP": 0.5, "IVZ": 0.75, "IRM": 0.275, "JBHT": 0.5, "JKHY": 0.32499999999999996, "JNJ": 0.42500000000000004, "JCI": 0.6499999999999999, "JNPR": 0.25, "K": 0.9, "KMB": 0.9, "KLAC": 0.25, "KR": 0.25, "LH": 0.4, "LRCX": 0.6749999999999999, "LVS": 0.15, "LDOS": 0.275, "LYV": 0.475, "LKQ": 0.25, "LMT": 0.15, "L": 0.575, "LOW": 0.75, "MRO": 0.85, "MPC": 0.525, "MAR": 0.725, "MMC": 0.75, "MLM": 0.6499999999999999, "MAS": 0.1, "MKC": 0.425, "MCD": 0.5, "MCK": 0.3, "MRK": 0.6, "MET": 0.4, "MTD": 0.5, "MGM": 0.5, "MCHP": 0.525, "MU": 0.75, "MSFT": 0.25, "MHK": 0.35, "MOH": 0.5, "TAP": 0.5, "MCO": 0.475, "MSI": 0.3, "MSCI": 0.475, "NDAQ": 0.7, "NTAP": 0.42500000000000004, "NFLX": 0.35, "NWL": 0.75, "NEM": 0.5, "NEE": 0.5, "NKE": 0.6, "NI": 0.6749999999999999, "NDSN": 0.42500000000000004, "NSC": 0.4, "NOC": 0.4, "NRG": 0.4, "NUE": 0.25, "NVDA": 0.35, "NXPI": 0.475, "ORLY": 0.32499999999999996, "OXY": 0.85, "ODFL": 0.6, "OMC": 0.5, "OKE": 0.15, "ORCL": 0.6, "PKG": 0.475, "PH": 0.65, "PNR": 0.575, "PEP": 0.75, "PKI": 0.1, "PFE": 0.7, "PM": 0.85, "PSX": 0.575, "PNW": 0.75, "PXD": 0.3, "POOL": 0.4, "PPG": 0.525, "PFG": 0.725, "PG": 0.4, "PGR": 0.6, "PLD": 0.425, "PRU": 0.4, "PTC": 0.6499999999999999, "PEG": 0.6499999999999999, "PSA": 0.9, "PWR": 0.85, "DGX": 0.6749999999999999, "RL": 0.75, "RJF": 0.85, "REGN": 0.475, "RSG": 0.6749999999999999, "RMD": 0.425, "RHI": 0.42500000000000004, "ROK": 0.6499999999999999, "ROP": 0.3, "ROST": 0.75, "RCL": 0.25, "SBAC": 0.3, "SLB": 0.6499999999999999, "STX": 0.75, "SEE": 0.42500000000000004, "SRE": 0.5750000000000001, "SHW": 0.5, "SPG": 0.65, "SNA": 0.5750000000000001, "SO": 0.49999999999999994, "LUV": 0.32499999999999996, "SWK": 0.35, "SBUX": 0.425, "STLD": 0.42500000000000004, "SYK": 0.5, "SIVB": 0.3, "SNPS": 0.5249999999999999, "SYY": 0.275, "TMUS": 0.5, "TTWO": 0.55, "TRGP": 0.15, "TEL": 0.6749999999999999, "TDY": 1.0, "TFX": 0.42500000000000004, "TER": 0.25, "TSLA": 0.4, "TXN": 0.6499999999999999, "TXT": 0.35, "KO": 0.49999999999999994, "EL": 0.32499999999999996, "HD": 0.42500000000000004, "IPG": 0.49999999999999994, "SJM": 0.85, "TRV": 0.575, "TMO": 0.25, "TJX": 0.49999999999999994, "TDG": 0.85, "TRMB": 0.32499999999999996, "UDR": 0.25, "UNP": 1.0, "UAL": 0.42500000000000004, "UPS": 0.5, "URI": 0.3, "VLO": 0.25, "VTR": 0.85, "VRSN": 0.85, "VRSK": 0.6499999999999999, "VZ": 0.525, "VFC": 0.32499999999999996, "VMC": 0.4, "GWW": 0.5, "WAB": 0.475, "WMT": 0.6749999999999999, "WM": 0.3, "WEC": 0.75, "WST": 0.75, "WDC": 0.5, "WHR": 0.525, "WTW": 0.15, "WYNN": 0.25, "XEL": 0, "XYL": 0.1, "YUM": 0.5}