{"MMM": 0.6, "AOS": 0.7, "ABT": 0.5, "ACN": 0.15, "ADM": 0.4, "ADBE": 0.3, "AFL": 0.85, "A": 0.85, "APD": 0.32499999999999996, "ALK": 0.85, "ALB": 0.35, "ARE": 0.7000000000000001, "LNT": 0.85, "MO": 0.42500000000000004, "AMZN": 0.525, "AEE": 0.5, "AEP": 0.575, "AIG": 0.4, "AMT": 0.15, "AWK": 0.32499999999999996, "ABC": 0.475, "AME": 0.5, "AMGN": 0.3, "APH": 0.85, "ADI": 0.6499999999999999, "ANSS": 0.32499999999999996, "AON": 0.5, "AMAT": 0.425, "AJG": 0.32499999999999996, "T": 0.575, "ADSK": 0.15, "AZO": 0.6, "AVY": 0.275, "BAC": 0.2, "BAX": 0.575, "BDX": 0.9, "BBY": 0.55, "BIO": 0.35, "BIIB": 0.65, "BLK": 0.15, "BK": 0.5, "BA": 0.3, "BWA": 0.35, "BXP": 0.7000000000000001, "BSX": 0.35, "BMY": 0.5, "BR": 0.32499999999999996, "BRO": 0.7000000000000001, "CHRW": 0.6499999999999999, "CPB": 0.42500000000000004, "CAH": 0.25, "KMX": 0.15, "CCL": 0.85, "CE": 0.6499999999999999, "CNC": 0.35, "CNP": 0.275, "CF": 1.0, "CRL": 0.6, "SCHW": 0.15, "CVX": 1.0, "CB": 0.6, "CHD": 0.25, "CTAS": 0.35, "CSCO": 0.5249999999999999, "CLX": 0.6, "CME": 0.42500000000000004, "CMS": 0.15, "CL": 0.575, "CMCSA": 0.35, "CMA": 0.25, "CAG": 0.35, "COP": 0.6749999999999999, "ED": 0.9, "COO": 0.32499999999999996, "CPRT": 0.6749999999999999, "GLW": 0.5249999999999999, "COST": 0.15, "CCI": 0.3, "CSX": 0.6749999999999999, "CMI": 0.75, "DHI": 0.25, "DHR": 0.4, "DRI": 0.35, "DVA": 0.575, "DAL": 0.2, "XRAY": 0.49999999999999994, "DVN": 0.4, "DXCM": 0.575, "DFS": 0.65, "DISH": 0.475, "DG": 0.475, "DLTR": 0.5, "D": 0.44999999999999996, "DPZ": 0.75, "DOV": 0.525, "DTE": 0.525, "DUK": 0.25, "EMN": 0.4, "EBAY": 0.5, "ECL": 0.5, "EA": 0.75, "LLY": 0.75, "EMR": 0.15, "ETR": 0.525, "EOG": 0.525, "EQT": 0.32499999999999996, "EFX": 0.175, "EQIX": 0.42500000000000004, "EQR": 0.575, "ESS": 0.475, "EXC": 0.35, "EXPE": 0.25, "EXR": 0.25, "XOM": 0.75, "FRT": 0.15, "FDX": 0.35, "FSLR": 0.55, "FE": 0.575, "FIS": 0.35, "FISV": 0.5, "FLT": 0.15, "FMC": 0.32499999999999996, "BEN": 0.85, "IT": 0.5, "GNRC": 0.32499999999999996, "GD": 0.4, "GIS": 0.25, "GPC": 0.9, "GILD": 0.5, "GPN": 0.35, "HAL": 0.49999999999999994, "HIG": 0.4, "HAS": 0.15, "HCA": 0.6749999999999999, "HSIC": 0.575, "HSY": 0.5, "HES": 0.85, "HOLX": 0.4, "HON": 0.3, "HRL": 0.5249999999999999, "HPQ": 0.5, "HUM": 0.35, "HII": 0.4, "IBM": 0.75, "IEX": 0.4, "IDXX": 0.475, "ITW": 0.85, "ILMN": 0.475, "INCY": 0.45, "INTC": 0.85, "IFF": 0.6, "IP": 0.5750000000000001, "INTU": 0.32499999999999996, "IVZ": 0.575, "IRM": 0.1, "JBHT": 0.5, "JKHY": 0, "JNJ": 0.5, "JCI": 0.6499999999999999, "JNPR": 0.42500000000000004, "K": 0.3, "KMB": 0.75, "KLAC": 0.475, "KR": 0.575, "LH": 0.25, "LRCX": 0.25, "LVS": 0.6499999999999999, "LYV": 0.25, "LKQ": 0, "LMT": 0.32499999999999996, "L": 0.575, "LOW": 0.75, "MTB": 0.575, "MRO": 0.7000000000000001, "MPC": 0.5, "MAR": 0.85, "MMC": 0.75, "MLM": 0.75, "MAS": 0.3, "MKC": 0.75, "MCD": 0.32499999999999996, "MCK": 0.25, "MRK": 0.85, "MET": 0.25, "MTD": 0.5, "MGM": 0.25, "MU": 0.6749999999999999, "MSFT": 0.42500000000000004, "MAA": 0.85, "MHK": 0.35, "MOH": 0.35, "TAP": 0.525, "MDLZ": 0.25, "MCO": 0.32499999999999996, "MSI": 0.32499999999999996, "MSCI": 0.35, "NDAQ": 0.85, "NTAP": 0.15, "NWL": 0.575, "NEM": 0.6749999999999999, "NEE": 0.85, "NKE": 0.5249999999999999, "NI": 0.2, "NDSN": 0.6, "NSC": 0.4, "NOC": 0.575, "NRG": 0.575, "NUE": 0.42500000000000004, "NXPI": 0.575, "ORLY": 0.32499999999999996, "OXY": 0.75, "ODFL": 0.6, "OMC": 0.32499999999999996, "OKE": 0.15, "ORCL": 0.75, "PKG": 0.32499999999999996, "PH": 0.6749999999999999, "PEP": 0.9, "PKI": 0.25, "PFE": 0.85, "PM": 0.7000000000000001, "PNW": 0.7999999999999999, "PXD": 0.15, "POOL": 0.3, "PPG": 0.6749999999999999, "PFG": 0.4, "PG": 0.15, "PGR": 0.75, "PLD": 0.575, "PEG": 0.6, "PSA": 0.6499999999999999, "PWR": 0.6749999999999999, "DGX": 0.35, "RL": 0.75, "RJF": 0.85, "REGN": 0.475, "RSG": 0.25, "RMD": 0.49999999999999994, "RHI": 0.6, "ROK": 0.32499999999999996, "ROST": 0.6, "RCL": 0.575, "SBAC": 0.4, "SLB": 0.32499999999999996, "STX": 0.75, "SEE": 0.4, "SRE": 0.32499999999999996, "SHW": 0.25, "SPG": 0.15, "SNA": 0.675, "SO": 0.6499999999999999, "LUV": 0.525, "SWK": 0.85, "SBUX": 0.75, "STLD": 0.4, "SYK": 0.25, "SIVB": 0.15, "SNPS": 0.45, "SYY": 0.15, "TMUS": 0.525, "TTWO": 0.5, "TRGP": 0.15, "TEL": 0.75, "TDY": 0.85, "TFX": 0.42500000000000004, "TER": 0.4, "TSLA": 0.425, "TXN": 0.6, "TXT": 0.5, "KO": 0.6499999999999999, "EL": 0.15, "HD": 0.42500000000000004, "IPG": 0.575, "SJM": 0.85, "MOS": 0.85, "TRV": 0.5, "TMO": 0.25, "TJX": 0.6, "TDG": 0.75, "TRMB": 0.5, "USB": 0.6, "UDR": 0.85, "UNP": 0.85, "UAL": 0.625, "UPS": 0.4, "URI": 0.15, "UNH": 0.575, "VLO": 0.25, "VTR": 0.7000000000000001, "VRSN": 0.75, "VRSK": 0.49999999999999994, "VZ": 0.6749999999999999, "VFC": 0.6749999999999999, "VMC": 0.25, "GWW": 0.32499999999999996, "WAB": 0.575, "WMT": 0.85, "WM": 0.42500000000000004, "WEC": 0.75, "WST": 0.7, "WDC": 0.85, "WHR": 0.25, "WMB": 0, "WTW": 0.55, "WYNN": 0.25, "XEL": 0, "XYL": 0.25, "YUM": 0.65}