{"MMM": 0.42500000000000004, "AOS": 0.5, "ABT": 0.6749999999999999, "ACN": 0.15, "ADM": 0.1, "ADBE": 0.25, "ADP": 0.25, "AAP": 0.475, "AFL": 0.7, "APD": 0.5, "ALK": 0.85, "ALB": 0.45, "LNT": 0.85, "MO": 0.32499999999999996, "AMZN": 0.5, "AMD": 0.475, "AEE": 0.25, "AEP": 0.575, "AMT": 0.6499999999999999, "AWK": 0.15, "ABC": 0.15, "AME": 0.32499999999999996, "AMGN": 0.15, "APH": 0.575, "ADI": 0.475, "ANSS": 0.5, "AON": 0.32499999999999996, "AMAT": 0.35, "AJG": 0.32499999999999996, "T": 0.3, "ATO": 0.25, "AZO": 0.6, "AVY": 0.25, "BAC": 0.25, "BAX": 0.75, "BDX": 0.75, "BBY": 0.5, "BIO": 0.5, "BIIB": 0.32499999999999996, "BLK": 0.15, "BK": 0.5249999999999999, "BA": 0.3, "BWA": 0.525, "BXP": 0.35, "BSX": 0.35, "BMY": 0.75, "BRO": 0.42500000000000004, "CDNS": 0.5, "CPB": 0.4, "CAH": 0.2, "KMX": 0.15, "CCL": 0.5249999999999999, "CE": 0.75, "CNP": 0, "CF": 0.85, "CRL": 0.75, "SCHW": 0.25, "CVX": 0.6, "CB": 0.4, "CHD": 0.25, "CSCO": 0.25, "CLX": 0.575, "CME": 0.6749999999999999, "CMS": 0.32499999999999996, "CL": 0.575, "CMCSA": 0.525, "CMA": 0.25, "CAG": 0.6749999999999999, "COP": 1.0, "COO": 0.42500000000000004, "GLW": 0.85, "COST": 0.32499999999999996, "CCI": 0, "CSX": 0.5249999999999999, "CMI": 0.75, "DHR": 0.25, "DRI": 0.25, "DVA": 0.575, "DAL": 0.6749999999999999, "XRAY": 0.7999999999999999, "DVN": 0.25, "DFS": 0.32499999999999996, "DISH": 0.6, "DLTR": 0.75, "DOV": 0.85, "DTE": 0.5, "DUK": 0.15, "EMN": 0.42500000000000004, "EBAY": 0.85, "ECL": 0.15, "LLY": 0.75, "EMR": 0.5, "ETR": 0.42500000000000004, "EOG": 0.525, "EQT": 0, "EFX": 0.5, "EQIX": 0.4, "EQR": 0.85, "ESS": 0.15, "EXC": 0.85, "EXPE": 0.25, "EXR": 0.1, "XOM": 0.75, "FDX": 0.525, "FSLR": 0.5, "FE": 0.575, "FIS": 0.35, "FISV": 0.6749999999999999, "FMC": 0.475, "BEN": 0.75, "IT": 0.5, "GD": 0.6749999999999999, "GE": 0.15, "GIS": 0.25, "GILD": 0.575, "HAL": 0.475, "HIG": 0.25, "HAS": 0.6499999999999999, "HSIC": 0.575, "HSY": 0.32499999999999996, "HES": 0.6749999999999999, "HOLX": 0.35, "HON": 0.3, "HRL": 0.6749999999999999, "HPQ": 0.7, "HUM": 0.35, "IBM": 0.75, "IEX": 0.25, "IDXX": 0.5, "ITW": 0.75, "INTC": 0.75, "IFF": 0.75, "IP": 0.35, "INTU": 0.475, "IVZ": 0.6499999999999999, "IRM": 0.42500000000000004, "JBHT": 0.7999999999999999, "JNJ": 0, "JCI": 0.6749999999999999, "JNPR": 0.25, "K": 0.42500000000000004, "KMB": 0.32499999999999996, "KR": 0.6749999999999999, "LH": 0.25, "LVS": 0.15, "LMT": 0.3, "L": 0.85, "LOW": 0.85, "MTB": 0.725, "MRO": 0.85, "MAR": 0.6, "MMC": 0.75, "MLM": 0.475, "MAS": 0.425, "MKC": 0.75, "MCD": 0.32499999999999996, "MCK": 0.6499999999999999, "MRK": 0.85, "MET": 0.5, "MTD": 0.5, "MGM": 0.4, "MSFT": 0.5750000000000001, "MAA": 0.7000000000000001, "MHK": 0.35, "TAP": 0.5, "MCO": 0.6, "MSI": 0.32499999999999996, "MSCI": 0.32499999999999996, "NDAQ": 0.85, "NWL": 0.15, "NEM": 0.575, "NEE": 0.6749999999999999, "NKE": 0.85, "NI": 0.2, "NDSN": 0.175, "NSC": 0.42500000000000004, "NOC": 0.575, "NRG": 0.5249999999999999, "NUE": 0.35, "ORLY": 0.15, "OXY": 0.75, "ODFL": 0.6749999999999999, "OMC": 0.475, "OKE": 0.25, "ORCL": 0.32499999999999996, "PKG": 0.5, "PH": 0.525, "PNR": 0.5, "PEP": 0.75, "PKI": 0.425, "PFE": 0.85, "PM": 0.5, "PNW": 0.7999999999999999, "PXD": 0.15, "POOL": 0.3, "PPG": 0.6749999999999999, "PG": 0.25, "PEG": 0.45, "PSA": 0.6499999999999999, "PHM": 0.1, "PWR": 0.275, "DGX": 0.32499999999999996, "REGN": 0.4, "RSG": 0.25, "RHI": 0.5, "ROK": 0.32499999999999996, "ROL": 0.425, "ROST": 0.6, "SBAC": 0.4, "SLB": 0.32499999999999996, "SEE": 0.4, "SRE": 0.75, "SHW": 0.25, "SPG": 0.6499999999999999, "SWKS": 0, "SNA": 0.35, "SO": 0.7999999999999999, "LUV": 0.6749999999999999, "SWK": 0.85, "SBUX": 0.9, "STLD": 0.42500000000000004, "SYK": 0.5, "SYY": 0.6499999999999999, "TEL": 0.85, "TDY": 0.85, "TFX": 0.575, "TER": 0.85, "TXN": 0.75, "KO": 0.85, "HD": 0.575, "IPG": 0.6, "TRV": 0.25, "TMO": 0.42500000000000004, "TJX": 0.6499999999999999, "TDG": 0.15, "TRMB": 0.4, "USB": 0.75, "UNP": 0.85, "UAL": 0.55, "UPS": 0.32499999999999996, "UNH": 0.4, "UHS": 0.5, "VLO": 0.25, "VTR": 0.6749999999999999, "VZ": 0.5, "VFC": 0.5249999999999999, "VMC": 0.4, "GWW": 0.5, "WAB": 0.725, "WMT": 0.85, "WM": 0.32499999999999996, "WEC": 0.575, "WST": 0.85, "WDC": 0.5, "WHR": 0.6749999999999999, "WMB": 0.15, "WTW": 0.15, "WYNN": 0.32499999999999996, "XEL": 0.32499999999999996, "YUM": 0.5}