{"MMM": 0.75, "AOS": 0.75, "ABT": 0.32499999999999996, "ABBV": 0.25, "ACN": 0.15, "ATVI": 0.32499999999999996, "ADM": 0.5, "ADBE": 0.65, "ADP": 0.15, "AAP": 0.25, "AES": 0.25, "AFL": 0.6749999999999999, "A": 0.5, "APD": 0.5, "AKAM": 0.6749999999999999, "ALK": 0.5, "ALB": 0.15, "ARE": 0.25, "ALGN": 0.5, "ALLE": 0.6499999999999999, "LNT": 0.49999999999999994, "ALL": 0.15, "MO": 0.35, "AMZN": 0.6749999999999999, "AMCR": 0.1, "AMD": 0.5, "AEE": 0.5, "AAL": 0.4, "AEP": 0.725, "AXP": 0.5, "AMT": 0.65, "AWK": 0.475, "ABC": 0.25, "AME": 0.6, "AMGN": 0.75, "APH": 0.425, "ADI": 0.25, "ANSS": 0.25, "AON": 0.65, "AAPL": 0.6499999999999999, "AMAT": 0.75, "APTV": 0.15, "ANET": 0.32499999999999996, "AJG": 0.65, "T": 0.6749999999999999, "ATO": 0.6, "ADSK": 0.32499999999999996, "AZO": 0.75, "AVB": 0.85, "AVY": 0.6499999999999999, "BAC": 0.5, "BBWI": 0.7, "BAX": 0.4, "BDX": 0.25, "BBY": 0.75, "BIO": 0.4, "TECH": 0.525, "BIIB": 0.5, "BLK": 0.5, "BK": 0.5, "BA": 0.5, "BKNG": 0.32499999999999996, "BWA": 0.2, "BXP": 0.6749999999999999, "BSX": 0.1, "BMY": 0.575, "AVGO": 0.3, "BR": 0.15, "BRO": 0.5, "CHRW": 0.575, "CDNS": 0.5, "CZR": 0.5, "CPT": 0.6, "CPB": 0.575, "COF": 0.85, "CAH": 0, "KMX": 0.3, "CCL": 0.5, "CARR": 0.25, "CTLT": 0, "CAT": 0.575, "CBOE": 0.65, "CBRE": 0.75, "CDW": 0.575, "CE": 0.85, "CNC": 0.25, "CNP": 0.32499999999999996, "CDAY": 0.4, "CF": 0.75, "CRL": 0.25, "SCHW": 0, "CHTR": 0.42500000000000004, "CVX": 0.7000000000000001, "CMG": 0.5, "CHD": 0.6499999999999999, "CI": 0.65, "CTAS": 0.5, "CSCO": 0.85, "C": 0.35, "CFG": 0.6749999999999999, "CLX": 0.475, "CME": 0.15, "CMS": 0.15, "CTSH": 0.85, "CL": 0.35, "CMCSA": 0.85, "CAG": 0.5, "COP": 0.75, "ED": 0.5, "COO": 0.6, "CPRT": 0.6749999999999999, "GLW": 0.5249999999999999, "CTVA": 0.2, "CSGP": 0.15, "COST": 0.5, "CTRA": 0.42500000000000004, "CCI": 0.3, "CSX": 0, "CMI": 1.0, "CVS": 0.5, "DHI": 0.85, "DHR": 0.5, "DRI": 0.9, "DVA": 0.4, "DAL": 0.42500000000000004, "XRAY": 0.5, "DVN": 0.75, "DXCM": 0.25, "FANG": 0.7, "DFS": 0.75, "DISH": 0.4, "DIS": 0.25, "DG": 0.5, "DLTR": 0.3, "D": 0.575, "DPZ": 0.6, "DOV": 1.0, "DOW": 0.85, "DTE": 0.475, "DUK": 0.55, "DD": 0.85, "DXC": 0.5, "EMN": 0.25, "ETN": 0.42500000000000004, "EBAY": 0.25, "ECL": 0.32499999999999996, "EIX": 0.25, "EW": 0.65, "EA": 0.5, "LLY": 0.65, "EMR": 0, "ENPH": 0.15, "EOG": 0.75, "EPAM": 0.5, "EQT": 0.575, "EFX": 0.475, "EQIX": 0.3, "EQR": 0.7, "ESS": 0.75, "ETSY": 0.5, "EVRG": 0.85, "ES": 0.6, "EXC": 0.525, "EXPE": 0.3, "EXPD": 0.575, "EXR": 0.475, "XOM": 0.6749999999999999, "FFIV": 0.6749999999999999, "FDS": 0.5, "FAST": 0.5, "FRT": 0.6, "FDX": 0.65, "FSLR": 0.5, "FE": 0.75, "FIS": 0.2, "FISV": 0.2, "FLT": 0.25, "FMC": 0.15, "F": 0.35, "FTNT": 0.575, "FTV": 0.275, "BEN": 0.6, "FCX": 0.6749999999999999, "GRMN": 0.42500000000000004, "IT": 0.6499999999999999, "GNRC": 0.475, "GD": 0.5, "GE": 0.25, "GIS": 0.35, "GM": 0.35, "GPC": 0.15, "GILD": 0.85, "GPN": 0.2, "GL": 0.75, "GS": 0.5, "HAL": 0.475, "HCA": 0.85, "PEAK": 0.1, "HSIC": 0.6749999999999999, "HSY": 0.5, "HES": 0.475, "HPE": 0.5, "HLT": 0.42500000000000004, "HOLX": 0.75, "HON": 0.5, "HRL": 0.45, "HST": 0.4, "HWM": 0.1, "HPQ": 0.85, "HUM": 0.55, "HBAN": 0.1, "HII": 0.5, "IBM": 0.6749999999999999, "IEX": 0.5, "IDXX": 0.5, "ITW": 0.5, "ILMN": 0.42500000000000004, "INCY": 0.475, "IR": 0.1, "INTC": 0.85, "ICE": 0.4, "IFF": 0.25, "IP": 0.25, "INTU": 0.65, "ISRG": 0.32499999999999996, "IVZ": 0.5249999999999999, "INVH": 0.1, "IQV": 0.32499999999999996, "IRM": 0.4, "JBHT": 0.6, "JKHY": 0.5, "J": 0.25, "DE": 0.725, "JNJ": 0.75, "JCI": 0.35, "JPM": 0.5, "JNPR": 0.35, "K": 0.575, "KDP": 0.4, "KEY": 0.5, "KEYS": 0.5, "KMB": 0.6499999999999999, "KMI": 0.25, "KLAC": 0.15, "KHC": 0.35, "KR": 0.5, "LHX": 0.35, "LH": 0.85, "LRCX": 0.75, "LW": 0.32499999999999996, "LVS": 0.44999999999999996, "LDOS": 0.5, "LIN": 0.475, "LYV": 0.5, "LKQ": 0.6749999999999999, "LMT": 0.75, "L": 0.6749999999999999, "LOW": 0.85, "LUMN": 0.5, "LYB": 0.85, "MTB": 0.15, "MRO": 0.6749999999999999, "MPC": 0.85, "MAR": 0.15, "MMC": 0.5, "MLM": 0.15, "MAS": 0.525, "MA": 0.65, "MTCH": 0.6, "MKC": 0, "MCD": 0.42500000000000004, "MCK": 0.25, "MDT": 0.6749999999999999, "MRK": 0.575, "META": 0.75, "MET": 0.5, "MTD": 0.5, "MGM": 0.35, "MCHP": 0.35, "MU": 0.85, "MSFT": 0.7999999999999999, "MAA": 0.42500000000000004, "MRNA": 0.9, "MHK": 0.6749999999999999, "MOH": 0.25, "TAP": 0.5, "MDLZ": 0.5249999999999999, "MCO": 0.5, "MS": 0.3, "MSI": 0.42500000000000004, "MSCI": 0.6, "NDAQ": 0.75, "NTAP": 0.75, "NFLX": 0.5, "NWL": 0.5, "NEM": 0.35, "NWSA": 0.25, "NWS": 0.1, "NEE": 0.5, "NKE": 0.5, "NI": 0.6749999999999999, "NDSN": 0.5, "NSC": 0.85, "NOC": 0.75, "NCLH": 0.4, "NRG": 0.75, "NUE": 0.6749999999999999, "NVDA": 0.475, "NXPI": 0.75, "ORLY": 0.25, "OXY": 0.42500000000000004, "ODFL": 0.5, "OMC": 0.575, "ON": 0.6749999999999999, "ORCL": 0.375, "OTIS": 0.275, "PKG": 0.75, "PARA": 0.6749999999999999, "PH": 0.6749999999999999, "PAYX": 0.5, "PAYC": 0.3, "PYPL": 0.5, "PNR": 0.85, "PEP": 0.5, "PKI": 0.5, "PFE": 0.6749999999999999, "PM": 0.85, "PSX": 0.25, "PNW": 0.85, "PXD": 0.525, "PNC": 0.25, "POOL": 0.15, "PPG": 0.475, "PPL": 0.35, "PFG": 0.5, "PG": 0.6499999999999999, "PLD": 0.6499999999999999, "PRU": 0.5249999999999999, "PTC": 0.575, "PEG": 0.35, "PSA": 0.7999999999999999, "PHM": 0.85, "QRVO": 0.85, "QCOM": 0.9, "PWR": 0.4, "DGX": 0.85, "RL": 0.575, "RTX": 0.25, "REG": 0.6749999999999999, "REGN": 0.85, "RSG": 0.3, "RMD": 0.85, "RHI": 0.75, "ROK": 0.6499999999999999, "ROL": 0.35, "ROP": 0.25, "ROST": 0.42500000000000004, "RCL": 0.5, "SPGI": 0.5, "CRM": 0.25, "SBAC": 0.4, "SLB": 0.15, "STX": 0.75, "SEE": 0.6499999999999999, "SRE": 0.525, "NOW": 0.15, "SHW": 0.3, "SPG": 0.15, "SWKS": 0.85, "SNA": 0.6749999999999999, "SEDG": 0.15, "SO": 0.25, "LUV": 0.5, "SWK": 0.6749999999999999, "SBUX": 0.6, "STLD": 0.85, "STE": 0.25, "SYK": 0, "SYF": 0.6, "SNPS": 0.15, "SYY": 0.475, "TMUS": 0.32499999999999996, "TTWO": 0.65, "TPR": 0.25, "TRGP": 0.3, "TGT": 0.75, "TEL": 0.85, "TDY": 0.25, "TFX": 0.6749999999999999, "TER": 0.85, "TSLA": 0.5, "TXN": 0.75, "TXT": 0.5, "KO": 0.35, "EL": 0.5, "HD": 0.6, "IPG": 0.4, "SJM": 0.65, "MOS": 0.85, "TRV": 0.75, "TMO": 0.5, "TJX": 0.5, "TSCO": 0.5, "TT": 0.5, "TRMB": 0.1, "TFC": 0.1, "TYL": 0.32499999999999996, "UDR": 0.15, "ULTA": 0.5, "UAL": 0.4, "UPS": 0.9, "URI": 0.25, "UNH": 0.32499999999999996, "UHS": 0.85, "VLO": 0.15, "VTR": 0.35, "VRSK": 0.5, "VZ": 0.75, "VRTX": 0.32499999999999996, "VFC": 0.75, "VTRS": 0.5, "VICI": 0.5249999999999999, "VMC": 0.32499999999999996, "GWW": 0.5, "WAB": 0.35, "WBA": 0.35, "WMT": 0.65, "WM": 0.32499999999999996, "WAT": 0.5, "WFC": 0.5, "WELL": 0.275, "WST": 0.5, "WDC": 0.5, "WRK": 0.5, "WY": 0.7, "WHR": 0.6749999999999999, "WMB": 0.15, "WTW": 0.625, "WYNN": 0.55, "XEL": 0.15, "XYL": 0.15, "YUM": 0.6, "ZBRA": 0.6749999999999999, "ZBH": 0.35, "ZION": 0.25, "ZTS": 0.5}