{"MMM": 0.275, "AOS": 0.7000000000000001, "ABT": 0.42500000000000004, "ABBV": 0.6749999999999999, "ACN": 0.32499999999999996, "ATVI": 0.32499999999999996, "ADM": 0.6749999999999999, "ADBE": 0.5, "ADP": 0.15, "AAP": 0.375, "AES": 0.4, "AFL": 0.85, "A": 0.6499999999999999, "APD": 0.35, "AKAM": 0.35, "ALK": 0.85, "ALB": 0.25, "ARE": 0.85, "ALGN": 0.6499999999999999, "ALLE": 0.75, "LNT": 0.6499999999999999, "ALL": 0.6, "MO": 0.4, "AMZN": 0.6749999999999999, "AMD": 0.15, "AEE": 0.15, "AAL": 0.65, "AEP": 0.175, "AXP": 0.32499999999999996, "AMT": 0.32499999999999996, "AWK": 0.15, "ABC": 0.15, "AME": 0.25, "AMGN": 0.45, "APH": 0.65, "ADI": 0.75, "ANSS": 0.49999999999999994, "AON": 0.5, "AAPL": 0.5249999999999999, "AMAT": 0.6, "APTV": 0, "ACGL": 0.75, "ANET": 0.6749999999999999, "AJG": 0.32499999999999996, "AIZ": 0.4, "T": 0.35, "ATO": 0.25, "ADSK": 0.275, "AZO": 0.6, "AVB": 0.2, "AVY": 0.6499999999999999, "BAC": 0.825, "BDX": 0.35, "BIO": 0.75, "TECH": 0.5, "BIIB": 0.75, "BLK": 0, "BK": 0.6749999999999999, "BA": 0.4, "BKNG": 0.6, "BWA": 0.5, "BXP": 0.1, "BSX": 0.9, "BMY": 0.55, "AVGO": 0.525, "BR": 0.475, "BRO": 0.15, "CHRW": 0.475, "CDNS": 0.9, "CZR": 0.825, "CPT": 0.475, "CPB": 0.4, "COF": 0.85, "CAH": 0.35, "KMX": 0.15, "CCL": 0.85, "CTLT": 0.4, "CAT": 0.6, "CBOE": 0.6499999999999999, "CBRE": 0.75, "CDW": 0.15, "CE": 0.6499999999999999, "CNC": 0.35, "CNP": 0.85, "CDAY": 0.25, "CF": 0.42500000000000004, "CRL": 0.32499999999999996, "SCHW": 0.4, "CHTR": 0, "CVX": 0.525, "CMG": 0.15, "CHD": 0.6499999999999999, "CI": 0.5249999999999999, "CTAS": 0.75, "CSCO": 0.42500000000000004, "C": 0.35, "CLX": 0.5, "CME": 0.15, "CMS": 0.32499999999999996, "CTSH": 0.5750000000000001, "CL": 0.5, "CMCSA": 0.275, "CMA": 0.4, "CAG": 0.35, "COP": 0.75, "ED": 0.85, "COO": 0.175, "CPRT": 0.65, "GLW": 0.825, "CSGP": 0.6749999999999999, "COST": 0.35, "CTRA": 0.85, "CSX": 0.65, "CMI": 0.7, "CVS": 0.5, "DHI": 0.9, "DHR": 0.575, "DRI": 0.575, "DVA": 0.575, "DAL": 0.5, "XRAY": 0.25, "DVN": 0.6749999999999999, "DXCM": 0.32499999999999996, "FANG": 0.4, "DFS": 0.3, "DISH": 0.575, "DG": 0.32499999999999996, "DLTR": 0.4, "D": 0.6, "DPZ": 0.42500000000000004, "DOV": 0.1, "DTE": 0.25, "DUK": 0.85, "DD": 0.525, "DXC": 0.85, "EMN": 0.25, "ETN": 0.85, "EBAY": 0.75, "ECL": 0.5, "EIX": 0.5, "EW": 0.825, "LLY": 0.75, "EMR": 0.575, "ENPH": 0.475, "ETR": 0.6, "EOG": 0.45, "EPAM": 0.32499999999999996, "EQT": 0.4, "EFX": 0.32499999999999996, "EQIX": 0.15, "EQR": 0.85, "ESS": 0.42500000000000004, "ETSY": 0.32499999999999996, "EVRG": 0.25, "ES": 0.15, "EXC": 1.0, "EXPE": 0.25, "EXPD": 0.32499999999999996, "EXR": 0.175, "XOM": 0.55, "FDS": 0.32499999999999996, "FAST": 0.6, "FRT": 0.475, "FDX": 0.5, "FSLR": 0.575, "FE": 0.4, "FIS": 0.35, "FISV": 0.1, "FLT": 0.15, "FMC": 0.3, "F": 0.5, "FTNT": 0.6749999999999999, "FTV": 0.5750000000000001, "BEN": 0.85, "FCX": 0.525, "GRMN": 0.475, "IT": 0.4, "GNRC": 0.32499999999999996, "GD": 0.85, "GE": 0.15, "GIS": 0.5, "GM": 0.825, "GPC": 0.75, "GILD": 0.6499999999999999, "GPN": 0.1, "GL": 0.42500000000000004, "GS": 0.5, "HAL": 0.44999999999999996, "HIG": 0.4, "HAS": 0.3, "HCA": 0.6749999999999999, "PEAK": 0.675, "HSIC": 0.725, "HSY": 0.32499999999999996, "HES": 0.575, "HPE": 0.825, "HLT": 0.25, "HOLX": 0.44999999999999996, "HON": 0.32499999999999996, "HRL": 0.675, "HST": 0.825, "HPQ": 0.85, "HUM": 0.2, "HBAN": 0.42500000000000004, "HII": 0.3, "IBM": 0.85, "IEX": 0.32499999999999996, "IDXX": 0.35, "ITW": 0.32499999999999996, "ILMN": 0.32499999999999996, "INCY": 0.32499999999999996, "IR": 0.6749999999999999, "INTC": 1.0, "ICE": 0.32499999999999996, "IP": 0.675, "INTU": 0.3, "ISRG": 0.5249999999999999, "IVZ": 1.0, "INVH": 0.575, "IQV": 0.32499999999999996, "IRM": 0.42500000000000004, "JBHT": 0.6, "JKHY": 0.15, "J": 0.25, "JNJ": 0.32499999999999996, "JCI": 0.85, "JPM": 0.75, "JNPR": 0.825, "K": 0.25, "KEYS": 0.575, "KMB": 0.7, "KIM": 0.5, "KMI": 0.32499999999999996, "KLAC": 0.175, "KR": 0.25, "LHX": 0.6499999999999999, "LH": 0.42500000000000004, "LRCX": 0.6, "LW": 0.75, "LVS": 0.32499999999999996, "LDOS": 0.75, "LIN": 0.1, "LYV": 0.3, "LKQ": 1.0, "LMT": 0.32499999999999996, "L": 0.525, "LOW": 0.49999999999999994, "LYB": 0.6, "MTB": 0.75, "MRO": 0.8500000000000001, "MPC": 0.25, "MKTX": 0.35, "MAR": 0.15, "MMC": 0.5, "MLM": 0.6499999999999999, "MAS": 0.85, "MA": 0.175, "MTCH": 0.6749999999999999, "MKC": 0.575, "MCD": 0.6, "MCK": 0.5, "MDT": 0.35, "MRK": 0.6, "MET": 0.35, "MTD": 0.5, "MGM": 0.825, "MCHP": 0.6749999999999999, "MU": 0.525, "MSFT": 0.5, "MHK": 0.5, "TAP": 0.5, "MDLZ": 0.25, "MNST": 0.7999999999999999, "MCO": 0.32499999999999996, "MSI": 0.42500000000000004, "MSCI": 0.42500000000000004, "NDAQ": 0.85, "NTAP": 0.75, "NFLX": 0.5, "NEM": 0.6749999999999999, "NWSA": 0.825, "NWS": 0.825, "NEE": 0.6749999999999999, "NKE": 0.49999999999999994, "NI": 0.5, "NDSN": 0.6, "NSC": 0.25, "NOC": 0.3, "NCLH": 0.25, "NRG": 0.6499999999999999, "NUE": 0.5, "NVDA": 0.6749999999999999, "NXPI": 0.525, "ORLY": 0.32499999999999996, "OXY": 0.4, "ODFL": 0.6, "OMC": 0.475, "ON": 0.675, "OKE": 0.32499999999999996, "ORCL": 0.9, "PKG": 0.32499999999999996, "PH": 0.35, "PAYX": 0, "PAYC": 0, "PYPL": 0.15, "PNR": 0.25, "PEP": 0.5, "PKI": 0.25, "PFE": 1.0, "PM": 0.85, "PSX": 0.15, "PNW": 0.42500000000000004, "PXD": 0.45, "POOL": 0.7999999999999999, "PPG": 0.42500000000000004, "PPL": 0.575, "PFG": 0.25, "PG": 0.25, "PLD": 0.6499999999999999, "PRU": 0.5, "PTC": 0.44999999999999996, "PEG": 0.575, "PSA": 0.49999999999999994, "PHM": 0.575, "QCOM": 0.6499999999999999, "PWR": 0.85, "DGX": 0.5, "RL": 0.5249999999999999, "O": 0.575, "RSG": 0.42500000000000004, "RMD": 0.6499999999999999, "ROK": 0, "ROL": 0.5, "ROP": 0.75, "ROST": 0.5, "RCL": 0.525, "SPGI": 0.175, "CRM": 0.15, "SBAC": 0.25, "SLB": 0.4, "STX": 0.75, "SEE": 0.825, "SRE": 0.7000000000000001, "NOW": 0.5, "SHW": 0.25, "SNA": 0.6749999999999999, "SEDG": 0.75, "SO": 0.25, "LUV": 0.825, "SWK": 0.35, "SBUX": 0.45, "STLD": 0.725, "SYK": 0.25, "SYF": 0.55, "SNPS": 0.6749999999999999, "SYY": 0.475, "TMUS": 0.525, "TPR": 0.65, "TRGP": 0.3, "TGT": 0.175, "TEL": 0.35, "TDY": 0.25, "TFX": 0, "TER": 0.6, "TSLA": 0.35, "TXN": 0.175, "TXT": 0.825, "KO": 0.7999999999999999, "EL": 0.32499999999999996, "HD": 0.6, "IPG": 0.9, "SJM": 0.525, "TRV": 0.1, "TMO": 0.35, "TJX": 0.6, "TSCO": 0.75, "TDG": 0.6749999999999999, "TRMB": 0.825, "TYL": 0.15, "UDR": 0.6499999999999999, "UNP": 0.32499999999999996, "UAL": 0.6749999999999999, "UPS": 0.3, "URI": 0.25, "UNH": 0.6, "UHS": 0.6749999999999999, "VLO": 0.42500000000000004, "VTR": 0.525, "VRSK": 0.6499999999999999, "VZ": 0.45, "VRTX": 0.32499999999999996, "VICI": 0.4, "VMC": 0, "GWW": 0.175, "WAB": 0.5750000000000001, "WBA": 0.6749999999999999, "WMT": 0.2, "WM": 0.15, "WAT": 0.75, "WFC": 0.85, "WELL": 0.6749999999999999, "WST": 0.6499999999999999, "WDC": 0.5249999999999999, "WRK": 0.825, "WHR": 0.5, "WMB": 0.5, "WYNN": 0.25, "XEL": 0.25, "XYL": 0.15, "ZBRA": 0.75, "ZBH": 0.525, "ZTS": 0.5}