{"MMM": 0.75, "AOS": 0.65, "ABT": 0.6749999999999999, "ACN": 0.32499999999999996, "ADM": 0.5, "ADBE": 0.15, "ADP": 0.4, "AAP": 0.32499999999999996, "AFL": 0.85, "APD": 0.35, "ALK": 0.85, "ALB": 0.6, "LNT": 0.85, "MO": 0.15, "AMZN": 0.5, "AMD": 0.575, "AEE": 0.25, "AEP": 0.575, "AMT": 0.6499999999999999, "AWK": 0.15, "ABC": 0, "AME": 0.42500000000000004, "AMGN": 0.15, "APH": 0.575, "ADI": 0.475, "ANSS": 0.35, "AON": 0.32499999999999996, "AMAT": 0.2, "AJG": 0.32499999999999996, "T": 0.3, "ATO": 0.1, "AZO": 0.6, "AVY": 0.25, "BAC": 0.25, "BAX": 0.75, "BDX": 0.9, "BBY": 0.5, "BIO": 0.35, "BIIB": 0.475, "BLK": 0.25, "BK": 0.6749999999999999, "BA": 0.44999999999999996, "BWA": 0.5249999999999999, "BXP": 0.35, "BSX": 0.5, "BMY": 0.6499999999999999, "BRO": 0.32499999999999996, "CDNS": 0.5, "CPB": 0.25, "CAH": 0.25, "KMX": 0.25, "CCL": 0.6749999999999999, "CE": 0.6, "CNP": 0.15, "CF": 1.0, "CRL": 0.75, "SCHW": 0.25, "CVX": 0.85, "CB": 0.3, "CHD": 0.1, "CTAS": 0.525, "CSCO": 0.25, "CLX": 0.42500000000000004, "CME": 0.6749999999999999, "CMS": 0.32499999999999996, "CL": 0.575, "CMCSA": 0.375, "CMA": 0.4, "CAG": 0.6749999999999999, "COP": 0.85, "COO": 0.42500000000000004, "GLW": 0.85, "COST": 0.15, "CCI": 0.15, "CSX": 0.35, "CMI": 0.6, "DHR": 0.25, "DRI": 0.42500000000000004, "DVA": 0.575, "DAL": 0.6749999999999999, "XRAY": 0.6499999999999999, "DVN": 0.25, "DFS": 0.32499999999999996, "DISH": 0.6, "DLTR": 0.75, "DOV": 0.5249999999999999, "DTE": 0.35, "DUK": 0.15, "EMN": 0.25, "EBAY": 0.85, "ECL": 0.15, "EA": 0.6, "LLY": 0.75, "EMR": 0.32499999999999996, "ETR": 0.42500000000000004, "EOG": 0.375, "EQT": 0.3, "EFX": 0.5, "EQIX": 0.4, "EQR": 0.85, "ESS": 0.15, "EXC": 0.85, "EXPE": 0.15, "EXR": 0.1, "XOM": 0.9, "FDX": 0.525, "FSLR": 0.5, "FE": 0.725, "FIS": 0.35, "FISV": 0.525, "FMC": 0.625, "BEN": 0.85, "IT": 0.65, "GEN": 0.6749999999999999, "GD": 0.6749999999999999, "GE": 0.15, "GIS": 0.42500000000000004, "GILD": 0.575, "GPN": 0.25, "HAL": 0.475, "HIG": 0.25, "HAS": 0.75, "HSIC": 0.575, "HSY": 0.475, "HES": 0.6749999999999999, "HOLX": 0.2, "HON": 0.3, "HRL": 0.6749999999999999, "HPQ": 0.85, "HUM": 0.35, "IBM": 0.75, "IEX": 0.25, "IDXX": 0.5, "ITW": 0.75, "INTC": 0.75, "IFF": 0.75, "IP": 0.35, "INTU": 0.475, "IVZ": 0.75, "IRM": 0.42500000000000004, "JBHT": 0.75, "JNJ": 0.15, "JCI": 0.6749999999999999, "JNPR": 0.25, "K": 0.42500000000000004, "KMB": 0.32499999999999996, "KR": 0.6749999999999999, "LH": 0.25, "LVS": 0.15, "LKQ": 0.25, "LMT": 0.3, "L": 0.85, "LOW": 0.85, "MTB": 0.575, "MRO": 0.85, "MAR": 0.6, "MMC": 0.75, "MLM": 0.725, "MAS": 0.575, "MKC": 0.575, "MCD": 0.32499999999999996, "MRK": 0.85, "MET": 0.35, "MTD": 0.5, "MGM": 0.4, "MSFT": 0.3, "MAA": 0.7000000000000001, "MHK": 0.5, "TAP": 0.5, "MCO": 0.6, "MSI": 0.32499999999999996, "MSCI": 0.32499999999999996, "NDAQ": 0.85, "NWL": 0.15, "NEM": 0.575, "NEE": 0.5249999999999999, "NKE": 0.85, "NI": 0.35, "NDSN": 0.32499999999999996, "NSC": 0.32499999999999996, "NOC": 0.75, "NRG": 0.6749999999999999, "NUE": 0.1, "ORLY": 0.15, "OXY": 0.9, "ODFL": 0.6749999999999999, "OMC": 0.475, "OKE": 0, "ORCL": 0.75, "PKG": 0.5, "PH": 0.525, "PNR": 0.35, "PEP": 0.6499999999999999, "PKI": 0.425, "PFE": 0.85, "PM": 0.5, "PNW": 0.6499999999999999, "PXD": 0.15, "POOL": 0.3, "PPG": 0.9, "PG": 0.25, "PEG": 0.6, "PSA": 0.6499999999999999, "PHM": 0.25, "PWR": 0.42500000000000004, "DGX": 0.32499999999999996, "REGN": 0.4, "RSG": 0.25, "RHI": 0.5, "ROK": 0.32499999999999996, "ROL": 0.42500000000000004, "ROST": 0.6, "SBAC": 0.25, "SLB": 0.32499999999999996, "SEE": 0.5, "SRE": 0.75, "SHW": 0.25, "SPG": 0.6499999999999999, "SWKS": 0.15, "SNA": 0.25, "SO": 0.6499999999999999, "LUV": 0.275, "SWK": 0.85, "SBUX": 0.75, "STLD": 0.275, "SYK": 0.5, "SYY": 0.35, "TTWO": 0.5, "TEL": 0.85, "TDY": 0.9, "TFX": 0.575, "TER": 0.85, "TXN": 0.6, "KO": 0.85, "HD": 0.575, "IPG": 0.75, "SJM": 0.75, "MOS": 0.85, "TRV": 0, "TMO": 0.42500000000000004, "TJX": 0.6499999999999999, "TDG": 0.15, "TRMB": 0.25, "USB": 0.75, "UNP": 0.75, "UAL": 0.4, "UPS": 0.32499999999999996, "UNH": 0.25, "UHS": 0.35, "VLO": 0.1, "VTR": 0.6749999999999999, "VZ": 0.4, "VFC": 0.6749999999999999, "VMC": 0.4, "GWW": 0.5, "WAB": 0.725, "WMT": 0.75, "WM": 0.32499999999999996, "WEC": 0.725, "WST": 0.85, "WDC": 0.35, "WHR": 0.6749999999999999, "WMB": 0, "WTW": 0.15, "WYNN": 0.5, "XEL": 0.175, "YUM": 0.5}