{"MMM": 0.6, "AOS": 0.85, "ABT": 0.75, "ABBV": 0.475, "ACN": 0.5, "ATVI": 0.42500000000000004, "ADM": 0.6749999999999999, "ADBE": 0.32499999999999996, "AAP": 0.42500000000000004, "AFL": 0.85, "A": 0.6749999999999999, "APD": 0.15, "AKAM": 0.3, "ALK": 0.7, "ALB": 0.44999999999999996, "ARE": 0.5, "LNT": 0.85, "ALL": 0.85, "MO": 0.32499999999999996, "AMZN": 0.5, "AMD": 0.4, "AEE": 0.25, "AAL": 0.475, "AEP": 0.175, "AIG": 0.525, "AMT": 0.32499999999999996, "AWK": 0.15, "ABC": 0.15, "AME": 0.42500000000000004, "AMGN": 0.32499999999999996, "APH": 0.575, "ADI": 0.5, "AON": 0.5, "AAPL": 0.85, "AMAT": 0.35, "ACGL": 0.85, "AJG": 0.15, "T": 0.5, "ATO": 0, "ADSK": 0.32499999999999996, "AZO": 0.6, "AVB": 0.5249999999999999, "AVY": 0.6, "BAX": 0.85, "BDX": 0.75, "BBY": 0.6749999999999999, "BIO": 0.675, "BIIB": 0.32499999999999996, "BLK": 0.15, "BK": 0.725, "BA": 0.475, "BWA": 0.275, "BXP": 0.575, "BSX": 0.425, "BMY": 0.3, "BR": 0.32499999999999996, "BRO": 0.1, "CHRW": 0.32499999999999996, "CDNS": 0.32499999999999996, "CPT": 0.85, "CPB": 0.25, "CAH": 0.25, "CCL": 0.85, "CDW": 0.15, "CE": 0.85, "CNC": 0.85, "CNP": 0.75, "CF": 0.85, "CRL": 0.32499999999999996, "SCHW": 0.15, "CHTR": 0.475, "CVX": 0.85, "CHD": 0.275, "CTAS": 0.42500000000000004, "CSCO": 0.575, "CME": 0.15, "CMS": 0.32499999999999996, "CTSH": 0.15, "CL": 0.32499999999999996, "CMCSA": 0.7000000000000001, "CMA": 0.25, "CAG": 0.5, "COP": 0.85, "ED": 0.6749999999999999, "COO": 0.275, "CPRT": 0.6749999999999999, "GLW": 0.6749999999999999, "CSGP": 0.5, "COST": 0.15, "CCI": 0.15, "CSX": 0.5, "CMI": 0.85, "CVS": 0.75, "DHI": 0.1, "DRI": 0.15, "DVA": 0.25, "DAL": 0.3, "XRAY": 0.4, "DVN": 0.5, "DXCM": 0.1, "FANG": 0.15, "DFS": 0.15, "DISH": 0.5, "DG": 0.32499999999999996, "DLTR": 0.32499999999999996, "D": 0.15, "DPZ": 0.525, "DOV": 0.525, "DTE": 0.6749999999999999, "DUK": 0.42500000000000004, "EMN": 0.35, "ETN": 0.85, "EBAY": 0.6749999999999999, "ECL": 0.35, "EIX": 0.6749999999999999, "EW": 0.6749999999999999, "LLY": 0.32499999999999996, "EMR": 0.42500000000000004, "ENPH": 0.3, "ETR": 0.2, "EOG": 0.15, "EQT": 0.15, "EFX": 0.32499999999999996, "EQIX": 0.4, "EQR": 0.5249999999999999, "ES": 0.475, "EXC": 0.35, "EXPE": 0.15, "EXR": 0.15, "XOM": 0.6, "FAST": 0.85, "FRT": 0.175, "FDX": 0.525, "FSLR": 0.85, "FE": 0.4, "FIS": 0.85, "FLT": 0.15, "FMC": 0.15, "IT": 0.5, "GEN": 0.85, "GNRC": 0.475, "GD": 0.85, "GIS": 0.25, "GPC": 0.75, "GILD": 0.575, "GPN": 0.42500000000000004, "GS": 0.85, "HAL": 0.6, "HIG": 0.25, "HAS": 0.475, "HCA": 0.5, "HSIC": 0.7, "HSY": 0.6, "HES": 0.85, "HOLX": 0.15, "HON": 0.15, "HRL": 0.85, "HST": 1.0, "HPQ": 0.85, "HUM": 0.35, "HII": 0.15, "IBM": 0.9, "IEX": 0.25, "IDXX": 0.5, "ITW": 0.32499999999999996, "ILMN": 0.5, "INCY": 0.4, "ICE": 0.6749999999999999, "IFF": 0.6499999999999999, "IP": 0.42500000000000004, "IVZ": 0.6499999999999999, "IRM": 0.25, "JBHT": 0.5, "JKHY": 0.32499999999999996, "JNJ": 0.525, "JCI": 0.6499999999999999, "JNPR": 0.5, "K": 0.3, "KMB": 0.75, "KMI": 0.3, "KLAC": 0.1, "KR": 0.4, "LH": 0.42500000000000004, "LRCX": 0.6749999999999999, "LVS": 0.475, "LDOS": 0.275, "LYV": 0.3, "LKQ": 0.25, "LMT": 0.6499999999999999, "L": 0.25, "LOW": 0.75, "LYB": 0.6499999999999999, "MTB": 0.575, "MRO": 0.85, "MPC": 0.5, "MAR": 0.42500000000000004, "MMC": 0.5, "MLM": 0.725, "MAS": 0.25, "MA": 0.5, "MKC": 0.75, "MCD": 0.65, "MCK": 0.25, "MRK": 0.7, "MET": 0.5, "MTD": 0.7999999999999999, "MGM": 0.5, "MU": 0.7, "MSFT": 0.25, "MHK": 0.525, "MOH": 0.35, "TAP": 0.25, "MCO": 0.6, "MSI": 0.25, "MSCI": 0.475, "NDAQ": 0.7, "NTAP": 0.525, "NFLX": 0.525, "NWL": 0.75, "NEM": 0.35, "NEE": 0.6749999999999999, "NKE": 0.9, "NI": 0.6749999999999999, "NDSN": 0.75, "NSC": 0.4, "NOC": 0.475, "NCLH": 0.75, "NRG": 0.5, "NUE": 0.35, "NVDA": 0.35, "ORLY": 0.32499999999999996, "OXY": 0.25, "ODFL": 0.85, "OMC": 0.5, "ON": 0.6749999999999999, "OKE": 0.15, "ORCL": 0.75, "PKG": 0.475, "PH": 0.65, "PNR": 0.575, "PEP": 0.9, "PKI": 0.4, "PFE": 0.85, "PM": 0.8500000000000001, "PSX": 0.85, "PNW": 0.6499999999999999, "PXD": 0.5, "POOL": 0.4, "PPG": 0.525, "PFG": 0.4, "PG": 0.25, "PGR": 0.6, "PLD": 0.575, "PRU": 0.55, "PTC": 0.5, "PEG": 0.75, "PSA": 0.6499999999999999, "PHM": 0.5, "PWR": 0.35, "DGX": 1.0, "RL": 0.85, "RJF": 0.6, "REGN": 0.32499999999999996, "RSG": 0.1, "RMD": 0.575, "RHI": 0.42500000000000004, "ROK": 0.475, "ROP": 0.25, "ROST": 0.75, "RCL": 0.25, "CRM": 0.3, "SBAC": 0.25, "SLB": 0.5, "STX": 0.75, "SEE": 0.15, "SRE": 0.5, "NOW": 0.55, "SHW": 0.6, "SPG": 0.32499999999999996, "SNA": 0.525, "SO": 0.6499999999999999, "LUV": 0.525, "SWK": 0.35, "SBUX": 0.32499999999999996, "STLD": 0.25, "SYK": 0.32499999999999996, "SNPS": 0.75, "SYY": 0.175, "TMUS": 0.525, "TTWO": 0.4, "TRGP": 0.15, "TEL": 0.85, "TDY": 0.85, "TFX": 0.42500000000000004, "TER": 0.4, "TSLA": 0.4, "TXN": 0.5, "TXT": 0.65, "KO": 0.49999999999999994, "EL": 0.32499999999999996, "HD": 0.45, "IPG": 0.6749999999999999, "SJM": 0.85, "MOS": 0.85, "TRV": 0.85, "TMO": 0.6749999999999999, "TJX": 0.75, "TDG": 0.575, "TRMB": 0.35, "UDR": 0.42500000000000004, "UNP": 0.475, "UAL": 0.42500000000000004, "UPS": 0.475, "URI": 0.3, "UHS": 0.85, "VLO": 0.25, "VTR": 0.7000000000000001, "VRSN": 0.85, "VRSK": 0.6, "VZ": 0.475, "VRTX": 0.4, "VFC": 0.15, "VMC": 0.25, "GWW": 0.5, "WAB": 0.32499999999999996, "WMT": 0.5, "WM": 0.85, "WAT": 0.475, "WEC": 0.75, "WST": 0.75, "WDC": 0.35, "WY": 0.6499999999999999, "WHR": 0.35, "WTW": 0.575, "WYNN": 0.25, "XEL": 0.32499999999999996, "XYL": 0.25, "YUM": 0.475, "ZBRA": 0.15, "ZTS": 0.32499999999999996}