{"MMM": 0.5750000000000001, "AOS": 0.42500000000000004, "ABT": 0.15, "ABBV": 0.42500000000000004, "ACN": 0.65, "ATVI": 0.32499999999999996, "ADM": 0.5, "ADBE": 0.32499999999999996, "ADP": 0.3, "AAP": 0.35, "AFL": 0.85, "A": 0.7999999999999999, "APD": 0.42500000000000004, "AKAM": 0.375, "ALK": 0.85, "ALB": 0.575, "ARE": 0.25, "ALLE": 0.75, "LNT": 0.475, "ALL": 0.75, "MO": 0.6, "AMZN": 0.6749999999999999, "AMD": 0.3, "AEE": 0.32499999999999996, "AAL": 0.15, "AEP": 0.42500000000000004, "AIG": 0.4, "AMT": 0.15, "AWK": 0.32499999999999996, "ABC": 0, "AME": 0.15, "AMGN": 0.575, "APH": 0.75, "ADI": 0.475, "AON": 0.5, "AAPL": 0.6749999999999999, "AMAT": 0.6, "ACGL": 0.85, "AJG": 0.32499999999999996, "T": 0.525, "ATO": 0.175, "ADSK": 0.575, "AZO": 0.575, "AVB": 0.85, "AVY": 0.32499999999999996, "BAX": 0.42500000000000004, "BDX": 0.15, "BBY": 0.85, "TECH": 0.5249999999999999, "BIIB": 0.42500000000000004, "BLK": 0.15, "BK": 0.85, "BA": 0.32499999999999996, "BWA": 0.5, "BXP": 0.42500000000000004, "BSX": 0.5, "BMY": 0.32499999999999996, "BR": 0.6499999999999999, "BRO": 0.375, "CHRW": 0.5, "CDNS": 0.49999999999999994, "CZR": 0.2, "CPT": 0.35, "CPB": 0.575, "CAH": 0.5, "KMX": 0.15, "CCL": 0.85, "CTLT": 0.4, "CDW": 0.15, "CE": 0.75, "CNC": 0.5, "CNP": 0.42500000000000004, "CF": 0.4, "CRL": 0.6499999999999999, "SCHW": 0.15, "CVX": 0.85, "CHD": 0.32499999999999996, "CSCO": 0.1, "CME": 0.15, "CMS": 0.42500000000000004, "CTSH": 0.42500000000000004, "CL": 0.42500000000000004, "CMCSA": 0.6749999999999999, "CMA": 0.15, "CAG": 0.525, "COP": 0.4, "ED": 0.6749999999999999, "COO": 0.25, "CPRT": 0.425, "GLW": 0.7, "CSGP": 0.6749999999999999, "COST": 0.32499999999999996, "CCI": 0.15, "CSX": 0.6749999999999999, "CMI": 0.85, "CVS": 0.825, "DHI": 0.4, "DHR": 0.575, "DRI": 0.42500000000000004, "DVA": 0.5249999999999999, "DAL": 0.5, "XRAY": 0.4, "DVN": 0.6, "FANG": 0.475, "DFS": 0.32499999999999996, "DISH": 0.475, "DG": 0.6499999999999999, "DLTR": 0.6749999999999999, "D": 0.32499999999999996, "DPZ": 0.6, "DOV": 0.525, "DTE": 0.25, "DUK": 0.4, "EMN": 0.35, "ETN": 0.85, "EBAY": 0.75, "ECL": 0.32499999999999996, "EW": 0.6749999999999999, "LLY": 0.5, "EMR": 0.32499999999999996, "ENPH": 0.32499999999999996, "ETR": 0.5, "EOG": 0.6499999999999999, "EPAM": 0.15, "EQT": 0.575, "EFX": 0.32499999999999996, "EQIX": 0.275, "EQR": 1.0, "ESS": 0.75, "EXC": 0.85, "EXPE": 0.15, "EXR": 0.32499999999999996, "XOM": 0.7000000000000001, "FDS": 0.5, "FAST": 0.5249999999999999, "FRT": 0.32499999999999996, "FDX": 0.85, "FSLR": 0.5, "FE": 0.4, "FIS": 0.5, "FLT": 0.32499999999999996, "FMC": 0.15, "FCX": 0.35, "IT": 0.7999999999999999, "GEN": 0.6749999999999999, "GNRC": 0.6499999999999999, "GD": 0.9, "GPC": 0.75, "GILD": 0.75, "GPN": 0.15, "GS": 0.6749999999999999, "HAL": 0.575, "HIG": 0.4, "HAS": 0.6499999999999999, "HCA": 0.7, "HSIC": 0.85, "HSY": 0.15, "HES": 0.35, "HPE": 0.7, "HLT": 0.3, "HOLX": 0.42500000000000004, "HON": 0.3, "HRL": 0.525, "HST": 0.85, "HUM": 0.5, "HBAN": 0.1, "HII": 0.6499999999999999, "IBM": 0.75, "IEX": 0.3, "IDXX": 0.6, "ILMN": 0.475, "INCY": 0.15, "INTC": 0.85, "IFF": 0.6499999999999999, "IP": 0.25, "INTU": 0.3, "IVZ": 0.6, "IRM": 0.15, "JKHY": 0.32499999999999996, "JNJ": 0.32499999999999996, "JCI": 0.4, "JNPR": 0.5, "K": 0.3, "KEYS": 0.425, "KMB": 0.85, "KMI": 0.525, "KLAC": 0.32499999999999996, "KR": 0.4, "LH": 0.525, "LRCX": 0.85, "LVS": 0.65, "LDOS": 0.275, "LYV": 0.3, "LKQ": 0.1, "LMT": 0.475, "L": 0.35, "LOW": 0.75, "LYB": 0.6499999999999999, "MTB": 0.85, "MRO": 0.2, "MPC": 0.32499999999999996, "MAR": 0.15, "MMC": 0.5, "MLM": 0.85, "MAS": 0.2, "MA": 0.32499999999999996, "MTCH": 0.85, "MKC": 0.475, "MCD": 0.6, "MCK": 1.0, "MDT": 0.525, "MRK": 0.85, "MTD": 0.5, "MGM": 0.25, "MCHP": 0.525, "MU": 0.6749999999999999, "MSFT": 0.32499999999999996, "MHK": 0.35, "MOH": 0.5, "TAP": 0.85, "MCO": 0.6749999999999999, "MSI": 0.6, "MSCI": 0.65, "NDAQ": 0.5, "NTAP": 0.85, "NFLX": 0.475, "NWL": 0.5, "NEM": 0.6749999999999999, "NWSA": 0.4, "NWS": 0.4, "NEE": 0.85, "NKE": 0.75, "NI": 0.5750000000000001, "NDSN": 0.6, "NSC": 0.25, "NOC": 0.32499999999999996, "NCLH": 0.75, "NRG": 0.4, "NUE": 0.525, "NVDA": 0.725, "NXPI": 0.375, "ORLY": 0.5, "OXY": 0.475, "ODFL": 0.7000000000000001, "OMC": 0.275, "ON": 0.35, "OKE": 0.6, "ORCL": 0.6749999999999999, "PKG": 0.65, "PH": 0.6749999999999999, "PAYC": 0.475, "PNR": 0.25, "PEP": 0.75, "PKI": 0.25, "PFE": 0.85, "PM": 0.42500000000000004, "PSX": 0.42500000000000004, "PNW": 0.35, "PXD": 0.3, "POOL": 0.25, "PPG": 0.575, "PFG": 0.4, "PG": 0.32499999999999996, "PGR": 0.75, "PLD": 0.575, "PRU": 0.5, "PEG": 0.75, "PHM": 0.5249999999999999, "QRVO": 0.525, "QCOM": 0.6749999999999999, "PWR": 0.35, "DGX": 0.5, "RL": 0.55, "RSG": 0.25, "RMD": 0.475, "RHI": 0.6, "ROK": 0.5, "ROP": 0.42500000000000004, "ROST": 0.5, "RCL": 0.42500000000000004, "SPGI": 0.475, "CRM": 0.3, "SBAC": 0.275, "SLB": 0.575, "SEE": 0.75, "SRE": 0.75, "NOW": 0.55, "SHW": 0.575, "SNA": 0.85, "SO": 0.75, "LUV": 0.6749999999999999, "SWK": 0.6749999999999999, "SBUX": 0.5, "STLD": 0.25, "SYK": 0.5, "SYY": 0.32499999999999996, "TMUS": 0.525, "TTWO": 0.5, "TRGP": 0.575, "TEL": 0.525, "TDY": 0.42500000000000004, "TFX": 0.15, "TSLA": 0.5, "TXN": 0.5, "TXT": 0.5, "KO": 0.475, "EL": 0.15, "HD": 0.6, "IPG": 0.85, "SJM": 0.85, "MOS": 0.5249999999999999, "TRV": 0.75, "TMO": 0.25, "TJX": 0.575, "TSCO": 0.75, "TDG": 0.6749999999999999, "TRMB": 0.25, "UDR": 0.625, "UNP": 0.65, "UAL": 0.6749999999999999, "UPS": 0.475, "URI": 0.3, "UNH": 0.6, "UHS": 0.5249999999999999, "VLO": 0.525, "VTR": 0.6749999999999999, "VRSK": 0.575, "VZ": 0.42500000000000004, "VRTX": 0.15, "VFC": 0.32499999999999996, "VMC": 0.42500000000000004, "GWW": 0.15, "WAB": 0.25, "WBA": 0.35, "WMT": 0.525, "WM": 0.32499999999999996, "WAT": 0.475, "WEC": 0.175, "WST": 0.6499999999999999, "WDC": 0.35, "WHR": 0.35, "WMB": 0.3, "WTW": 0.5, "WYNN": 0.3, "XEL": 0.42500000000000004, "XYL": 0.32499999999999996, "ZBRA": 0.575, "ZBH": 0.375, "ZTS": 0.475}