{"APD": 0, "ABC": 0.15, "ADI": 0.32499999999999996, "BDX": 0.6, "EMR": 0.15, "BEN": 0, "HOLX": 0.25, "JCI": 0.7, "ROK": 0.15, "SBUX": 0, "TEL": 0.6749999999999999}