{"MMM": 0.75, "AOS": 0.9, "ABT": 0.475, "ABBV": 0.25, "ACN": 0, "ATVI": 0.475, "ADM": 0.5, "ADBE": 0.5, "ADP": 0.15, "AAP": 0.1, "AES": 0.3, "AFL": 0.6749999999999999, "A": 0.5, "APD": 0.5, "AKAM": 0.6749999999999999, "ALK": 0.65, "ALB": 0.15, "ARE": 0.1, "ALGN": 0.6, "ALLE": 0.6499999999999999, "LNT": 0.65, "ALL": 0.15, "MO": 0.35, "AMZN": 0.5, "AMCR": 0.4, "AMD": 0.6499999999999999, "AEE": 0.5, "AAL": 0.55, "AEP": 0.575, "AXP": 0.5, "AMT": 0.5, "AWK": 0.175, "ABC": 0.4, "AME": 0.6, "AMGN": 0.6, "APH": 0.575, "ADI": 0.1, "ANSS": 0.25, "AON": 0.35, "AAPL": 0.6499999999999999, "AMAT": 0.75, "APTV": 0.15, "ANET": 0.32499999999999996, "AJG": 0.35, "T": 0.65, "ATO": 0.55, "ADSK": 0.175, "AZO": 0.45, "AVB": 0.6, "AVY": 0.6499999999999999, "BAC": 0.65, "BBWI": 1.0, "BAX": 0.55, "BDX": 0.25, "BBY": 0.75, "BIO": 0.4, "TECH": 0.85, "BIIB": 0.35, "BLK": 0.5, "BK": 0.65, "BA": 0.5, "BKNG": 0.32499999999999996, "BWA": 0.65, "BXP": 0.6749999999999999, "BSX": 0.25, "BMY": 0.575, "AVGO": 0.15, "BR": 0.15, "BRO": 0.5, "CHRW": 0.575, "CDNS": 0.5, "CZR": 0.5, "CPT": 0.45, "CPB": 0.6749999999999999, "COF": 0.85, "CAH": 0.4, "KMX": 0.4, "CCL": 0.65, "CARR": 0.55, "CTLT": 0.25, "CAT": 0.425, "CBOE": 0.5, "CBRE": 0.9, "CDW": 0.575, "CE": 0.85, "CNC": 0.25, "CNP": 0.475, "CDAY": 0.4, "CF": 0.6499999999999999, "CRL": 0.275, "SCHW": 0.15, "CHTR": 0.475, "CVX": 0.85, "CMG": 0.5, "CHD": 0.6499999999999999, "CI": 0.5, "CTAS": 0.35, "CSCO": 1.0, "C": 0.35, "CFG": 0.6749999999999999, "CLX": 0.32499999999999996, "CME": 0.15, "CMS": 0.3, "CTSH": 1.0, "CL": 0.5, "CMCSA": 0.85, "CAG": 0.5, "COP": 0.75, "ED": 0.35, "COO": 0.75, "CPRT": 0.85, "GLW": 0.825, "CTVA": 0.25, "CSGP": 0.15, "COST": 0.35, "CTRA": 0.675, "CCI": 0.15, "CSX": 0.3, "CMI": 0.7, "CVS": 0.5, "DHI": 0.85, "DHR": 0.35, "DRI": 0.6, "DVA": 0.4, "DAL": 0.5750000000000001, "XRAY": 0.65, "DVN": 0.6, "DXCM": 0.25, "FANG": 0.7, "DFS": 0.75, "DISH": 0.25, "DIS": 0.25, "DG": 0.5, "DLTR": 0, "D": 0.575, "DPZ": 0.6, "DOV": 0.7, "DOW": 1.0, "DTE": 0.32499999999999996, "DUK": 0.4, "DD": 0.85, "DXC": 0.5, "EMN": 0.25, "ETN": 0.42500000000000004, "EBAY": 0.65, "ECL": 0.32499999999999996, "EIX": 0.1, "EW": 0.5, "EA": 0.35, "ELV": 0.35, "LLY": 0.5, "EMR": 0.15, "ENPH": 0.15, "EOG": 0.75, "EPAM": 0.5, "EQT": 0.575, "EFX": 0.32499999999999996, "EQIX": 0.15, "EQR": 0.85, "ESS": 0.45, "ETSY": 0.5, "EVRG": 1.0, "ES": 0.45, "EXC": 0.825, "EXPE": 0.15, "EXPD": 0.575, "EXR": 0.475, "XOM": 0.6749999999999999, "FFIV": 0.525, "FDS": 0.5, "FAST": 0.65, "FRT": 0.75, "FDX": 0.5, "FSLR": 0.35, "FE": 0.75, "FIS": 0.35, "FISV": 0.5, "FLT": 0.25, "FMC": 0.15, "F": 0.65, "FTNT": 0.575, "FTV": 0.42500000000000004, "BEN": 1.0, "FCX": 0.575, "GRMN": 0.42500000000000004, "IT": 0.35, "GNRC": 0.32499999999999996, "GD": 0.35, "GE": 0.4, "GIS": 0.25, "GM": 0.65, "GPC": 0.15, "GILD": 0.85, "GPN": 0.35, "GL": 0.6, "GS": 0.5, "HAL": 0.625, "HCA": 0.7, "PEAK": 0.25, "HSIC": 0.825, "HSY": 0.5, "HES": 0.175, "HPE": 0.65, "HLT": 0.275, "HOLX": 0.75, "HON": 0.75, "HRL": 0.6, "HST": 0.4, "HWM": 0.4, "HPQ": 1.0, "HUM": 0.3, "HBAN": 0.25, "HII": 0.4, "IBM": 0.65, "IEX": 0.5, "IDXX": 0.5, "ITW": 0.6499999999999999, "ILMN": 0.42500000000000004, "INCY": 0.475, "IR": 0.25, "INTC": 1.0, "ICE": 0.25, "IFF": 0.25, "IP": 0.5, "INTU": 0.32499999999999996, "ISRG": 0.32499999999999996, "IVZ": 0.825, "INVH": 0.25, "IQV": 0.32499999999999996, "IRM": 0.4, "JBHT": 0.6, "JKHY": 0.5, "J": 0.25, "DE": 0.6, "JNJ": 0.9, "JCI": 0.35, "JPM": 0.5, "JNPR": 0.35, "K": 0.575, "KDP": 0.4, "KEY": 0.65, "KEYS": 0.5, "KMB": 0.6499999999999999, "KMI": 0.4, "KLAC": 0.6, "KHC": 0.35, "KR": 0.65, "LHX": 0.2, "LH": 0.85, "LRCX": 0.6, "LW": 0.32499999999999996, "LVS": 0.3, "LDOS": 0.5, "LIN": 0.175, "LYV": 0.5, "LKQ": 0.4, "LMT": 0.75, "L": 0.6749999999999999, "LOW": 0.55, "LUMN": 0.65, "LYB": 0.85, "MTB": 0.15, "MRO": 0.525, "MPC": 0.85, "MAR": 0.15, "MMC": 0.35, "MLM": 0, "MAS": 0.525, "MA": 0.5, "MTCH": 0.45, "MKC": 0.15, "MCD": 0.42500000000000004, "MCK": 0.1, "MDT": 0.825, "MRK": 0.575, "META": 0.75, "MET": 0.5, "MTD": 0.5, "MGM": 0.4, "MCHP": 0.5, "MU": 0.85, "MSFT": 0.49999999999999994, "MAA": 0.275, "MRNA": 0.85, "MHK": 0.6749999999999999, "MOH": 0.25, "TAP": 0.5, "MDLZ": 0.6749999999999999, "MCO": 0.5, "MS": 0.3, "MSI": 0.275, "MSCI": 0.45, "NDAQ": 0.75, "NTAP": 0.9, "NFLX": 0.5, "NWL": 0.65, "NEM": 0.35, "NWSA": 0.525, "NWS": 0.42500000000000004, "NEE": 0.5, "NKE": 0.5, "NI": 0.6749999999999999, "NDSN": 0.35, "NSC": 0.85, "NOC": 0.75, "NCLH": 0.55, "NRG": 0.75, "NUE": 0.5249999999999999, "NVDA": 0.32499999999999996, "NXPI": 0.7, "ORLY": 0.25, "OXY": 0.5750000000000001, "ODFL": 0.35, "OMC": 0.425, "ON": 0.6749999999999999, "ORCL": 0.825, "OTIS": 0.42500000000000004, "PKG": 0.85, "PARA": 0.825, "PH": 0.2, "PAYX": 0.5, "PAYC": 0, "PYPL": 0.4, "PNR": 0.825, "PEP": 0.35, "PKI": 0.5, "PFE": 0.825, "PM": 0.85, "PSX": 0.1, "PNW": 0.85, "PXD": 0.42500000000000004, "PNC": 0.1, "POOL": 0, "PPG": 0.475, "PPL": 0.5, "PFG": 0.15, "PG": 0.6499999999999999, "PLD": 0.75, "PRU": 0.6749999999999999, "PTC": 0.475, "PEG": 0.65, "PSA": 0.6499999999999999, "PHM": 0.85, "QRVO": 0.85, "QCOM": 0.75, "PWR": 0.1, "DGX": 0.85, "RL": 0.425, "RTX": 0.4, "REG": 0.825, "REGN": 0.75, "RSG": 0.15, "RMD": 0.175, "RHI": 0.75, "ROK": 0.49999999999999994, "ROL": 0.5, "ROP": 0.25, "ROST": 0.42500000000000004, "RCL": 0.65, "SPGI": 0.5, "CRM": 0.1, "SBAC": 0.25, "SLB": 0.15, "STX": 0.75, "SEE": 0.75, "SRE": 0.375, "NOW": 0, "SHW": 0.15, "SPG": 0, "SWKS": 1.0, "SNA": 0.6749999999999999, "SEDG": 0.15, "SO": 0.25, "LUV": 0.65, "SWK": 0.6749999999999999, "SBUX": 0.6, "STLD": 0.85, "STE": 0.25, "SYK": 0.15, "SYF": 0.75, "SNPS": 0, "SYY": 0.32499999999999996, "TMUS": 0.175, "TTWO": 0.175, "TPR": 0.9, "TRGP": 0.3, "TGT": 0.6, "TEL": 0.6749999999999999, "TDY": 0.25, "TFX": 0.6749999999999999, "TER": 1.0, "TSLA": 0.5, "TXN": 0.75, "TXT": 0.5, "KO": 0.6499999999999999, "EL": 0.5, "HD": 0.45, "IPG": 0.4, "SJM": 0.5, "MOS": 0.85, "TRV": 0.6, "TMO": 0.5, "TJX": 0.5, "TSCO": 0.5, "TT": 0.5, "TRMB": 0.4, "TFC": 0.5, "TYL": 0.175, "UDR": 0.15, "ULTA": 0.35, "UAL": 0.55, "UPS": 0.75, "URI": 0.1, "UNH": 0.175, "UHS": 0.85, "VLO": 0, "VTR": 0.5, "VRSK": 0.5, "VZ": 0.9, "VRTX": 0.32499999999999996, "VFC": 0.75, "VTRS": 0.65, "VICI": 0.825, "VMC": 0.175, "GWW": 0.5, "WAB": 0.35, "WBA": 0.35, "WMT": 0.35, "WM": 0.32499999999999996, "WAT": 0.5, "WFC": 0.5, "WELL": 0.5750000000000001, "WST": 0.5, "WDC": 0.825, "WRK": 0.65, "WY": 0.85, "WHR": 0.5249999999999999, "WMB": 0.3, "WTW": 0.32499999999999996, "WYNN": 0.4, "XEL": 0.15, "XYL": 0.15, "YUM": 0.75, "ZBRA": 0.6749999999999999, "ZBH": 0.525, "ZION": 0.4, "ZTS": 0.5}