{"MMM": 0.6, "AOS": 0.35, "ABT": 0.275, "ACN": 0.32499999999999996, "ATVI": 0.25, "ADM": 0.1, "ADBE": 0.175, "AAP": 0.25, "AFL": 0.85, "A": 0.85, "APD": 0.15, "ALK": 0.85, "ALB": 0.85, "ARE": 0.6749999999999999, "LNT": 0.7, "ALL": 0.75, "MO": 0.25, "AMZN": 0.6749999999999999, "AEE": 0.42500000000000004, "AAL": 0.55, "AEP": 0.475, "AIG": 0.35, "AMT": 0.32499999999999996, "AWK": 0.32499999999999996, "ABC": 0.15, "AME": 0.15, "AMGN": 0.32499999999999996, "APH": 0.75, "ADI": 0.6499999999999999, "AON": 0.5, "AAPL": 0.6749999999999999, "AMAT": 0.15, "AJG": 0.5, "T": 0.7, "ATO": 0.3, "AZO": 0.9, "AVB": 1.0, "AVY": 0.4, "BAC": 0.65, "BAX": 0.6749999999999999, "BDX": 0.75, "BBY": 0.5, "BIO": 0.85, "BIIB": 0.5, "BLK": 0, "BK": 0.5, "BA": 0.15, "BWA": 0.25, "BXP": 0.5, "BSX": 0.25, "BMY": 0.15, "BR": 0.32499999999999996, "BRO": 0.7000000000000001, "CHRW": 0.5, "CPB": 0.25, "CAH": 0.25, "KMX": 0.3, "CCL": 0.85, "CDW": 0.3, "CE": 0.85, "CNC": 0.5, "CNP": 0.4, "CF": 0.85, "CRL": 0.575, "SCHW": 0.32499999999999996, "CHTR": 0.575, "CVX": 0.85, "CHD": 0.4, "CTAS": 0.6, "CSCO": 0.825, "CME": 0.25, "CMS": 0.32499999999999996, "CL": 0.35, "CMCSA": 0.525, "CMA": 0.1, "CAG": 0.5, "COP": 0.85, "COO": 0.42500000000000004, "CPRT": 0.6749999999999999, "GLW": 0.25, "CSGP": 0.6749999999999999, "COST": 0.15, "CCI": 0.575, "CSX": 0.6749999999999999, "CMI": 0.85, "CVS": 0.25, "DHI": 0.25, "DHR": 0.575, "DRI": 0.35, "DVA": 0.25, "DAL": 0.9, "XRAY": 0.85, "DVN": 0.25, "DXCM": 0.25, "FANG": 0.15, "DISH": 0.32499999999999996, "DG": 0.32499999999999996, "DLTR": 0.5, "D": 0.32499999999999996, "DPZ": 0.7000000000000001, "DOV": 0.35, "DTE": 0.525, "DUK": 0.25, "EMN": 0.6749999999999999, "ETN": 0.6749999999999999, "EBAY": 0.85, "ECL": 0.175, "EIX": 0.6, "EW": 0.6749999999999999, "EA": 0.32499999999999996, "LLY": 0.5, "EMR": 0.42500000000000004, "ENPH": 0.3, "ETR": 0.525, "EOG": 0.35, "EQT": 0.15, "EFX": 0.15, "EQIX": 0.25, "EQR": 0.85, "EXC": 0.6749999999999999, "EXPE": 0.175, "EXR": 0.175, "XOM": 0.75, "FRT": 0.3, "FDX": 0.525, "FSLR": 0.5249999999999999, "FE": 0.2, "FIS": 0.5, "FISV": 0.25, "FLT": 0.175, "FMC": 0.15, "IT": 0.65, "GNRC": 0.32499999999999996, "GD": 0.6749999999999999, "GIS": 0.25, "GPC": 0.75, "GILD": 0.5, "GPN": 0.15, "HAL": 0.6499999999999999, "HIG": 0.42500000000000004, "HAS": 0.6, "HCA": 0.6749999999999999, "HSIC": 0.825, "HSY": 0.475, "HES": 0.85, "HOLX": 0.25, "HON": 0.15, "HRL": 0.7, "HPQ": 0.85, "HUM": 1.0, "HII": 0.4, "IBM": 0.6, "IEX": 0.42500000000000004, "IDXX": 0.5, "ITW": 0.6, "ILMN": 0.5, "INCY": 0.4, "INTC": 0.85, "IFF": 0.6499999999999999, "IP": 0.5, "IVZ": 0.6499999999999999, "IRM": 0.42500000000000004, "JBHT": 0.5, "JKHY": 0.32499999999999996, "JNJ": 0.42500000000000004, "JCI": 0.49999999999999994, "JNPR": 0.25, "K": 0.75, "KMB": 0.75, "KLAC": 0.25, "KR": 0.4, "LH": 0.25, "LRCX": 0.6749999999999999, "LVS": 0.15, "LDOS": 0.5750000000000001, "LYV": 0.575, "LKQ": 0.25, "LMT": 0.15, "L": 0.425, "LOW": 0.75, "MRO": 0.7, "MPC": 0.525, "MAR": 0.575, "MMC": 0.75, "MLM": 0.49999999999999994, "MAS": 0.25, "MKC": 0.75, "MCD": 0.35, "MCK": 0.15, "MRK": 1.0, "MET": 0.25, "MTD": 0.5, "MGM": 0.5, "MCHP": 0.525, "MU": 0.85, "MSFT": 0.25, "MHK": 0.35, "MOH": 0.5, "TAP": 0.25, "MCO": 0.32499999999999996, "MSI": 0.15, "MSCI": 0.32499999999999996, "NDAQ": 0.85, "NTAP": 0.42500000000000004, "NWL": 0.75, "NEM": 0.5, "NEE": 0.35, "NKE": 0.85, "NI": 0.5249999999999999, "NDSN": 0.75, "NSC": 0.4, "NOC": 0.3, "NRG": 0.4, "NUE": 0.25, "NVDA": 0.5, "NXPI": 0.32499999999999996, "ORLY": 0.32499999999999996, "OXY": 1.0, "ODFL": 0.6, "OMC": 0.5, "OKE": 0.15, "ORCL": 0.75, "PKG": 0.475, "PH": 0.5, "PNR": 0.25, "PEP": 0.75, "PKI": 0.25, "PFE": 0.85, "PM": 0.7000000000000001, "PSX": 0.575, "PNW": 0.9, "PXD": 0.3, "POOL": 0.55, "PPG": 0.42500000000000004, "PFG": 0.4, "PG": 0.25, "PGR": 0.9, "PLD": 0.575, "PRU": 0.4, "PTC": 0.75, "PEG": 0.6499999999999999, "PSA": 0.75, "PWR": 0.7, "DGX": 0.6749999999999999, "RL": 0.85, "RJF": 0.85, "REGN": 0.475, "RSG": 0.825, "RMD": 0.475, "RHI": 0.32499999999999996, "ROK": 0.6499999999999999, "ROP": 0.15, "ROST": 0.9, "RCL": 0.25, "SBAC": 0.15, "SLB": 0.5, "STX": 0.75, "SEE": 0.42500000000000004, "SRE": 0.5750000000000001, "SHW": 0.5, "SPG": 0.5, "SNA": 0.525, "SO": 0.7999999999999999, "LUV": 0.32499999999999996, "SWK": 0.2, "SBUX": 0.475, "STLD": 0.42500000000000004, "SYK": 0.5, "SIVB": 0.3, "SNPS": 0.85, "SYY": 0.32499999999999996, "TMUS": 0.5, "TTWO": 0.4, "TRGP": 0.15, "TEL": 0.575, "TDY": 0.85, "TFX": 0.42500000000000004, "TER": 0.25, "TSLA": 0.25, "TXN": 0.6499999999999999, "TXT": 0.35, "KO": 0.6499999999999999, "EL": 0.32499999999999996, "HD": 0.25, "IPG": 0.7999999999999999, "SJM": 0.85, "TRV": 0.42500000000000004, "TMO": 0.25, "TJX": 0.7999999999999999, "TDG": 0.85, "TRMB": 0.42500000000000004, "UDR": 0.1, "UNP": 0.85, "UAL": 0.32499999999999996, "UPS": 0.5, "URI": 0.3, "VLO": 0.25, "VTR": 0.85, "VRSN": 0.85, "VRSK": 0.75, "VZ": 0.525, "VFC": 0.32499999999999996, "VMC": 0.25, "GWW": 0.5, "WAB": 0.32499999999999996, "WMT": 0.825, "WM": 0.44999999999999996, "WEC": 0.75, "WST": 0.75, "WDC": 0.35, "WHR": 0.525, "WTW": 0.25, "WYNN": 0.25, "XEL": 0, "XYL": 0.25, "YUM": 0.5}