{"MMM": 0.6, "ABT": 0.85, "ACN": 0.175, "ADM": 0.5, "ADBE": 0.15, "ADP": 0.425, "A": 0.7999999999999999, "APD": 0.15, "MO": 0.15, "AMZN": 0.5, "AEE": 0.525, "AEP": 0.75, "AMT": 0.32499999999999996, "ABC": 0.32499999999999996, "AME": 0.5, "AMGN": 0.425, "APH": 0.65, "ADI": 0.475, "AON": 0.15, "ATO": 0.25, "AZO": 0.6, "BAX": 0.75, "BDX": 0.75, "BBY": 0.65, "BIIB": 0.5, "BK": 0.5, "BA": 0.3, "BWA": 0.25, "BXP": 0.6749999999999999, "BSX": 0.25, "BMY": 0.32499999999999996, "CPB": 0.25, "CAH": 0.25, "CCL": 0.85, "CE": 0.6499999999999999, "CNP": 0.5, "CF": 0.85, "SCHW": 0.175, "CVX": 0.75, "CSCO": 0.25, "CLX": 0.575, "CME": 0.5, "CL": 0.75, "CMCSA": 0.5, "CAG": 0.5249999999999999, "COP": 0.5249999999999999, "GLW": 1.0, "COST": 0.25, "CCI": 0.32499999999999996, "CSX": 0.6749999999999999, "CMI": 0.75, "CVS": 0.4, "DHR": 0.42500000000000004, "DRI": 0.32499999999999996, "DVA": 0.25, "XRAY": 0.475, "DVN": 0.25, "DFS": 0.32499999999999996, "DISH": 0.85, "D": 0.75, "DTE": 0.5, "DUK": 0.32499999999999996, "EMN": 0.85, "EBAY": 0.35, "ECL": 0.65, "LLY": 0.75, "EMR": 0.32499999999999996, "ETR": 0.42500000000000004, "EOG": 0.42500000000000004, "EQT": 0.15, "XOM": 0.45, "FDX": 1.0, "FSLR": 0.85, "FE": 0.15, "FIS": 0.525, "FISV": 0.25, "FMC": 0.75, "BEN": 0.85, "GD": 0.85, "GE": 0.15, "GIS": 0.25, "GILD": 0.575, "HAL": 0.5, "HSY": 0.32499999999999996, "HES": 0.6749999999999999, "HOLX": 0.35, "HPQ": 0.85, "HUM": 0.35, "IBM": 0.6499999999999999, "ITW": 0.85, "INTC": 0.75, "IP": 0.35, "INTU": 0.475, "IVZ": 0.5, "JNJ": 0.15, "JCI": 0.6749999999999999, "K": 0.42500000000000004, "KMB": 0.5, "KR": 0.25, "LH": 0.25, "LMT": 0.475, "LOW": 0.75, "MRO": 0.5, "MAR": 0.32499999999999996, "MMC": 0.575, "MAS": 0.5, "MA": 0.6749999999999999, "MCD": 0.15, "MCK": 0.9, "MRK": 0.42500000000000004, "MSFT": 0.42500000000000004, "TAP": 0.35, "MCO": 0.42500000000000004, "MSI": 0.25, "NEM": 0.175, "NEE": 0.5, "NKE": 0.85, "NSC": 0.15, "NOC": 0.4, "NRG": 0.5, "NUE": 0.4, "OMC": 0.32499999999999996, "OKE": 0.5, "ORCL": 0.32499999999999996, "PH": 0.6749999999999999, "PEP": 0.7999999999999999, "PFE": 0.575, "PM": 0.5, "PXD": 0.32499999999999996, "PPG": 0.25, "PG": 0.25, "PEG": 0.32499999999999996, "DGX": 0.525, "RSG": 0.42500000000000004, "ROK": 0.32499999999999996, "CRM": 0.32499999999999996, "SLB": 0.65, "SHW": 0.42500000000000004, "SWKS": 0.32499999999999996, "SO": 0.6499999999999999, "LUV": 0.35, "SBUX": 0.75, "STLD": 0.1, "SYK": 0.42500000000000004, "SYY": 0.6499999999999999, "TEL": 0.85, "KO": 0.85, "HD": 0.6499999999999999, "TMO": 0.525, "TJX": 0.6, "TDG": 0.15, "UNP": 0.6749999999999999, "UPS": 0.175, "UNH": 0.425, "VTR": 0.6749999999999999, "VZ": 0.32499999999999996, "VFC": 0.25, "VMC": 0.4, "GWW": 0.5, "WMT": 0.85, "WM": 0.525, "WEC": 0.85, "WDC": 0.35, "WMB": 0.3, "YUM": 0.15}