{"MMM": 0.42500000000000004, "AOS": 0.42500000000000004, "ABT": 0, "ABBV": 0.42500000000000004, "ACN": 0.65, "ATVI": 0.15, "ADM": 0.5, "ADBE": 0.32499999999999996, "ADP": 0.15, "AAP": 0.35, "AFL": 0.85, "A": 0.75, "APD": 0.725, "AKAM": 0.375, "ALK": 0.85, "ALB": 0.6749999999999999, "ARE": 0.6749999999999999, "ALLE": 0.75, "LNT": 0.625, "ALL": 0.85, "MO": 0.75, "AMD": 0.15, "AEE": 0.42500000000000004, "AAL": 0.15, "AEP": 0.42500000000000004, "AIG": 0.25, "AMT": 0.15, "AWK": 0.32499999999999996, "ABC": 0.44999999999999996, "AME": 0.15, "AMGN": 0.725, "APH": 0.75, "ADI": 0.75, "AON": 0.5, "AAPL": 0.6749999999999999, "AMAT": 0.575, "APTV": 0.42500000000000004, "ACGL": 0.85, "AJG": 0.32499999999999996, "T": 0.375, "ATO": 0.15, "ADSK": 0.725, "AZO": 0.725, "AVB": 0.85, "AVY": 0.32499999999999996, "BAX": 0.32499999999999996, "BDX": 0.15, "BBY": 0.9, "TECH": 0.5249999999999999, "BIIB": 0.55, "BLK": 0.3, "BK": 0.85, "BA": 0.32499999999999996, "BWA": 0.5, "BXP": 0.42500000000000004, "BSX": 0.5, "BMY": 0.32499999999999996, "BR": 0.6499999999999999, "BRO": 0.525, "CHRW": 0.65, "CDNS": 0.6499999999999999, "CZR": 0.2, "CPT": 0.25, "CPB": 0.575, "CAH": 0.65, "KMX": 0.4, "CCL": 0.7, "CTLT": 0.25, "CDW": 0.15, "CE": 0.75, "CNC": 0.5, "CNP": 0.42500000000000004, "CF": 0.25, "CRL": 0.6499999999999999, "SCHW": 0.15, "CVX": 0.85, "CHD": 0.5, "CSCO": 0.1, "CME": 0.15, "CMS": 0.5750000000000001, "CTSH": 0.42500000000000004, "CL": 0.42500000000000004, "CMCSA": 1.0, "CMA": 0.15, "CAG": 0.525, "COP": 0.4, "ED": 0.6749999999999999, "COO": 0.525, "CPRT": 0.575, "GLW": 0.85, "CSGP": 0.6749999999999999, "COST": 0.15, "CCI": 0.15, "CSX": 0.6749999999999999, "CMI": 0.85, "CVS": 0.85, "DHI": 0.575, "DHR": 0.575, "DRI": 0.42500000000000004, "DVA": 0.375, "DAL": 0.5, "XRAY": 0.25, "DVN": 0.6, "FANG": 0.32499999999999996, "DFS": 0.475, "DISH": 0.475, "DG": 0.6499999999999999, "DLTR": 0.475, "D": 0.175, "DPZ": 0.6, "DOV": 0.525, "DTE": 0.1, "DUK": 0.4, "EMN": 0.35, "ETN": 0.85, "ECL": 0.175, "EW": 0.5249999999999999, "LLY": 0.5, "EMR": 0.175, "ENPH": 0.475, "ETR": 0.35, "EOG": 0.6499999999999999, "EPAM": 0.32499999999999996, "EQT": 0.6749999999999999, "EFX": 0.32499999999999996, "EQIX": 0.175, "EQR": 0.85, "ESS": 0.7, "EXC": 0.85, "EXPE": 0.35, "EXR": 0.15, "XOM": 0.7000000000000001, "FDS": 0.65, "FAST": 0.6749999999999999, "FRT": 0.32499999999999996, "FDX": 1.0, "FSLR": 0.5, "FE": 0.4, "FIS": 0.6749999999999999, "FLT": 0.32499999999999996, "FMC": 0.15, "FCX": 0.2, "IT": 0.6499999999999999, "GEN": 0.6749999999999999, "GNRC": 0.6499999999999999, "GD": 0.75, "GPC": 0.75, "GILD": 0.75, "GPN": 0.15, "GS": 0.6749999999999999, "HAL": 0.575, "HIG": 0.25, "HAS": 0.49999999999999994, "HCA": 0.85, "HSIC": 0.85, "HSY": 0.25, "HES": 0.35, "HPE": 0.375, "HLT": 0.3, "HOLX": 0.525, "HON": 0.15, "HRL": 0.525, "HST": 0.85, "HUM": 0.5, "HBAN": 0.1, "HII": 0.7999999999999999, "IBM": 0.9, "IEX": 0.15, "IDXX": 0.6, "ILMN": 0.475, "INCY": 0.15, "INTC": 0.85, "IFF": 0.6499999999999999, "IP": 0.25, "INTU": 0.3, "IVZ": 0.75, "IQV": 0.4, "IRM": 0.15, "JKHY": 0.32499999999999996, "JNJ": 0.32499999999999996, "JCI": 0.85, "JNPR": 0.5, "K": 0.15, "KEYS": 0.2, "KMB": 0.85, "KMI": 0.525, "KLAC": 0.475, "KR": 0.3, "LH": 0.525, "LRCX": 0.85, "LVS": 0.32499999999999996, "LDOS": 0.275, "LYV": 0.3, "LKQ": 0.25, "LMT": 0.15, "L": 0.35, "LOW": 0.75, "LYB": 0.6499999999999999, "MTB": 0.75, "MRO": 0.2, "MPC": 0.32499999999999996, "MAR": 0.15, "MMC": 0.5, "MLM": 0.9, "MAS": 0.35, "MA": 0.32499999999999996, "MTCH": 0.7, "MKC": 0.4, "MCD": 0.6, "MCK": 1.0, "MDT": 0.525, "MRK": 0.85, "MTD": 0.5, "MGM": 0.1, "MCHP": 0.6749999999999999, "MU": 0.85, "MSFT": 0.32499999999999996, "MHK": 0.35, "MOH": 0.4, "TAP": 0.7, "MCO": 0.6749999999999999, "MSI": 0.85, "MSCI": 0.5, "NDAQ": 0.5, "NTAP": 0.9, "NFLX": 0.15, "NWL": 0.5, "NEM": 0.6749999999999999, "NWSA": 0.4, "NWS": 0.4, "NEE": 0.85, "NKE": 0.6, "NI": 0.42500000000000004, "NDSN": 0.75, "NSC": 0.4, "NOC": 0.15, "NCLH": 0.6, "NRG": 0.575, "NUE": 0.675, "NVDA": 0.575, "NXPI": 0.375, "ORLY": 0.65, "OXY": 0.475, "ODFL": 0.6, "OMC": 0.5750000000000001, "ON": 0.25, "OKE": 0.6, "ORCL": 0.7, "PKG": 0.65, "PH": 0.575, "PAYC": 0.475, "PNR": 0.4, "PEP": 0.6499999999999999, "PKI": 0.1, "PFE": 0.85, "PM": 0.5750000000000001, "PSX": 0.42500000000000004, "PNW": 0.35, "PXD": 0.3, "POOL": 0.4, "PPG": 0.42500000000000004, "PFG": 0.4, "PG": 0.42500000000000004, "PGR": 0.75, "PLD": 0.575, "PRU": 0.5, "PEG": 0.6499999999999999, "QRVO": 0.375, "QCOM": 0.25, "PWR": 0.5, "DGX": 0.5, "RL": 0.55, "RSG": 0.1, "RMD": 0.475, "RHI": 0.45, "ROK": 0.32499999999999996, "ROP": 0.42500000000000004, "ROST": 0.5, "RCL": 0.42500000000000004, "SPGI": 0.32499999999999996, "CRM": 0.3, "SBAC": 0.42500000000000004, "SLB": 0.575, "SEE": 0.75, "SRE": 0.6, "NOW": 0.4, "SHW": 0.575, "SNA": 0.85, "SO": 0.75, "LUV": 0.6749999999999999, "SWK": 0.6749999999999999, "SBUX": 0.5, "STLD": 0.25, "SYK": 0.5, "SNPS": 0.525, "SYY": 0.475, "TMUS": 0.525, "TTWO": 0.5, "TPR": 0.375, "TRGP": 0.575, "TEL": 0.525, "TDY": 0.5750000000000001, "TFX": 0.15, "TSLA": 0.5, "TXN": 0.65, "TXT": 0.35, "KO": 0.32499999999999996, "EL": 0.15, "HD": 0.75, "IPG": 0.85, "SJM": 0.85, "MOS": 0.5249999999999999, "TRV": 0.75, "TMO": 0.42500000000000004, "TJX": 0.425, "TSCO": 0.75, "TDG": 0.85, "TRMB": 0.1, "UDR": 0.625, "UNP": 0.32499999999999996, "UAL": 0.6749999999999999, "UPS": 0.3, "URI": 0.75, "UNH": 0.9, "UHS": 0.6749999999999999, "VLO": 0.5750000000000001, "VTR": 0.6749999999999999, "VRSK": 0.575, "VZ": 0.6, "VRTX": 0.15, "VFC": 0.32499999999999996, "VMC": 0.42500000000000004, "GWW": 0.15, "WAB": 0.25, "WBA": 0.525, "WMT": 0.42500000000000004, "WM": 0.32499999999999996, "WAT": 0.32499999999999996, "WEC": 0.475, "WST": 0.6499999999999999, "WDC": 0.5, "WHR": 0.5, "WMB": 0.3, "WTW": 0.35, "WYNN": 0.3, "XEL": 0.42500000000000004, "XYL": 0.32499999999999996, "ZBRA": 0.575, "ZBH": 0.525, "ZTS": 0.175}