{"MMM": 0.42500000000000004, "AOS": 0.75, "ABT": 0.5, "ABBV": 0.42500000000000004, "ACN": 0.15, "ATVI": 0.32499999999999996, "ADM": 0.4, "ADBE": 0.32499999999999996, "ADP": 0.15, "AAP": 0.5, "AFL": 0.7, "A": 0.32499999999999996, "APD": 0.15, "AKAM": 0.525, "ALK": 0.5, "ALB": 0.6499999999999999, "ARE": 0.6749999999999999, "ALGN": 0.7999999999999999, "ALLE": 0.6499999999999999, "LNT": 0.475, "ALL": 0.85, "MO": 0.575, "AMZN": 0.85, "AMCR": 0.42500000000000004, "AMD": 0.6499999999999999, "AEE": 0.6, "AAL": 0.5, "AEP": 0.6, "AXP": 0.15, "AMT": 0.42500000000000004, "AWK": 0.15, "ABC": 0.5, "AME": 1.0, "AMGN": 0.25, "APH": 0.5, "ADI": 1.0, "ANSS": 0.75, "AON": 0.6499999999999999, "AAPL": 0.6, "AMAT": 0.575, "APTV": 0.15, "ACGL": 0.425, "ANET": 0.6749999999999999, "AJG": 0.15, "T": 0.6749999999999999, "ATO": 0.25, "ADSK": 0.25, "AZO": 0.525, "AVB": 0.85, "BAC": 0.35, "BDX": 0.25, "BBY": 0.6, "BIO": 0.75, "TECH": 0.35, "BIIB": 0.35, "BLK": 0.6499999999999999, "BK": 0.6749999999999999, "BA": 0.5, "BKNG": 0.25, "BWA": 0.85, "BSX": 0.4, "BMY": 0.4, "AVGO": 0.15, "BR": 0.6499999999999999, "BRO": 0.32499999999999996, "CHRW": 0.75, "CDNS": 0.6499999999999999, "CZR": 0.4, "CPT": 0.3, "CPB": 0.35, "COF": 0.5, "CAH": 0.4, "KMX": 0.3, "CCL": 0.4, "CTLT": 0.15, "CAT": 0.75, "CBOE": 0.7999999999999999, "CDW": 0.4, "CE": 0.6499999999999999, "CNC": 0.6749999999999999, "CNP": 0.825, "CDAY": 0.4, "CF": 1.0, "CRL": 0.32499999999999996, "SCHW": 0.32499999999999996, "CHTR": 0.42500000000000004, "CVX": 0.75, "CMG": 0.5, "CHD": 0.6499999999999999, "CI": 0.7, "CTAS": 0.6499999999999999, "C": 0.35, "CFG": 0.5, "CLX": 0.32499999999999996, "CME": 0.32499999999999996, "CMS": 0.32499999999999996, "CTSH": 0.85, "CL": 0.6, "CMCSA": 0.525, "CAG": 0.525, "COP": 0.475, "ED": 0.85, "COO": 0.25, "CPRT": 0.6, "GLW": 0.5249999999999999, "CTVA": 0.25, "CSGP": 0.35, "COST": 0.32499999999999996, "CSX": 0.7, "CMI": 0.6749999999999999, "CVS": 0.6749999999999999, "DHI": 0.525, "DHR": 0.6, "DRI": 0.3, "DVA": 0.42500000000000004, "DAL": 0.4, "XRAY": 0.575, "DVN": 0.25, "DXCM": 0.575, "FANG": 0.5, "DFS": 0.3, "DISH": 0.6749999999999999, "DIS": 0.3, "DG": 0.5, "DLTR": 0.42500000000000004, "D": 0.15, "DPZ": 0.85, "DOV": 0.275, "DOW": 0.575, "DTE": 0.25, "DUK": 0.42500000000000004, "DD": 0.35, "DXC": 0.5, "EMN": 0.42500000000000004, "ETN": 0.85, "EBAY": 0.42500000000000004, "ECL": 0.3, "EIX": 0.42500000000000004, "EW": 0.175, "EA": 0.5, "LLY": 0.75, "EMR": 0.32499999999999996, "ENPH": 0.32499999999999996, "EOG": 0.8500000000000001, "EQT": 0.42500000000000004, "EFX": 0.32499999999999996, "EQIX": 0.15, "EQR": 0.575, "ESS": 0.9, "ETSY": 0.32499999999999996, "ES": 0.5, "EXC": 0.65, "EXPE": 0.3, "EXPD": 0.32499999999999996, "EXR": 0.75, "XOM": 0.575, "FFIV": 0.25, "FDS": 0.32499999999999996, "FAST": 0.45, "FRT": 0.15, "FDX": 0.6749999999999999, "FSLR": 0.85, "FE": 0.575, "FIS": 0.35, "FISV": 0.525, "FMC": 0.15, "F": 0.5249999999999999, "FTNT": 0.85, "FTV": 0.575, "BEN": 0.75, "FCX": 0.42500000000000004, "GRMN": 0.525, "IT": 0.4, "GNRC": 0.32499999999999996, "GD": 0.85, "GE": 0.32499999999999996, "GIS": 0.85, "GM": 0.85, "GPC": 0.42500000000000004, "GILD": 0.5750000000000001, "GPN": 0.525, "GL": 0.525, "GS": 0.575, "HAL": 0.25, "HIG": 0.42500000000000004, "HAS": 0.275, "HCA": 0.75, "PEAK": 0.42500000000000004, "HSIC": 0.575, "HSY": 0.42500000000000004, "HES": 0.55, "HPE": 0.35, "HLT": 0.4, "HOLX": 0.75, "HON": 0.15, "HRL": 0.42500000000000004, "HST": 0.5249999999999999, "HWM": 0.6749999999999999, "HPQ": 0.85, "HUM": 0.7, "HBAN": 0.25, "HII": 1.0, "IBM": 0.6749999999999999, "IEX": 0.15, "IDXX": 0.5, "ITW": 0.35, "ILMN": 0.5, "INCY": 0.6, "IR": 0.4, "INTC": 0.85, "ICE": 0.32499999999999996, "IP": 0.2, "INTU": 0.32499999999999996, "ISRG": 0.35, "INVH": 0.25, "IQV": 0.15, "IRM": 0.425, "JKHY": 0.15, "J": 0.25, "DE": 0.25, "JNJ": 0.9, "JCI": 0.42500000000000004, "JPM": 0.575, "JNPR": 0.525, "K": 0.42500000000000004, "KDP": 0.42500000000000004, "KEY": 0.5249999999999999, "KEYS": 0.75, "KMB": 0.75, "KMI": 0.6, "KLAC": 0.32499999999999996, "KHC": 0.25, "KR": 0.42500000000000004, "LHX": 0.825, "LH": 0.6749999999999999, "LRCX": 0.75, "LW": 0.4, "LVS": 0.475, "LDOS": 0.85, "LIN": 0.6, "LYV": 0.5, "LKQ": 0.85, "LMT": 0.475, "L": 0.25, "LOW": 0.75, "LUMN": 0.5249999999999999, "LYB": 0.575, "MTB": 0.9, "MRO": 0.7, "MPC": 0.42500000000000004, "MAR": 0.3, "MMC": 0.475, "MLM": 0.75, "MAS": 0.42500000000000004, "MA": 0.6499999999999999, "MTCH": 0.75, "MKC": 0.32499999999999996, "MCD": 0.85, "MCK": 0.5, "MDT": 0.42500000000000004, "MRK": 0.75, "MET": 0.25, "MTD": 0.5, "MGM": 0.4, "MCHP": 0.35, "MU": 0.525, "MSFT": 0.65, "MAA": 0.5750000000000001, "MRNA": 0.4, "MHK": 0.35, "MOH": 0.75, "TAP": 0.4, "MDLZ": 0.5, "MCO": 0.5, "MSI": 0.75, "MSCI": 0.6, "NDAQ": 0.6749999999999999, "NTAP": 0.75, "NFLX": 0.475, "NWL": 0.6749999999999999, "NEM": 0.85, "NWSA": 0.4, "NWS": 0.4, "NEE": 0.35, "NKE": 0.32499999999999996, "NI": 0.35, "NDSN": 0.15, "NSC": 0.42500000000000004, "NOC": 0.25, "NCLH": 0.4, "NRG": 0.575, "NUE": 0.5, "NVDA": 1.0, "NXPI": 0.525, "ORLY": 0.5, "OXY": 0.25, "ODFL": 0.75, "OMC": 0.575, "ON": 0.35, "OKE": 0.5, "ORCL": 0.425, "PKG": 0.32499999999999996, "PH": 0.42500000000000004, "PAYX": 0, "PAYC": 0.15, "PYPL": 0.3, "PNR": 0.275, "PEP": 0.75, "PM": 0.85, "PSX": 0.575, "PNW": 0.6749999999999999, "PXD": 0.6499999999999999, "POOL": 0.5, "PPG": 0.25, "PPL": 0.85, "PFG": 0.25, "PG": 0.5, "PLD": 0.6, "PRU": 0.525, "PTC": 0.5, "PEG": 0.9, "PSA": 0.7999999999999999, "PHM": 0.6749999999999999, "QCOM": 0.6499999999999999, "PWR": 0.85, "DGX": 0.5, "RL": 0.85, "RTX": 0.4, "REG": 0.25, "REGN": 0.6749999999999999, "RSG": 0.42500000000000004, "RMD": 0.5, "RHI": 0.6, "ROK": 0.5, "ROL": 0.5, "ROP": 0.25, "ROST": 0.65, "RCL": 0.4, "SPGI": 0.475, "CRM": 0.4, "SBAC": 0.25, "SLB": 0.25, "STX": 0.75, "SRE": 0.35, "NOW": 0.15, "SHW": 0.6, "SWKS": 0.42500000000000004, "SNA": 0.6749999999999999, "SEDG": 0.32499999999999996, "SO": 0.75, "LUV": 0.4, "SWK": 0.5249999999999999, "SBUX": 0.275, "STLD": 0.75, "STE": 0.35, "SYK": 0.32499999999999996, "SYF": 0.6, "SNPS": 0.475, "SYY": 0.3, "TMUS": 0.525, "TTWO": 0.32499999999999996, "TPR": 0.475, "TRGP": 0.25, "TGT": 0.32499999999999996, "TEL": 0.25, "TDY": 0.25, "TSLA": 0.15, "TXN": 0.6499999999999999, "TXT": 0.65, "KO": 0.475, "EL": 0.3, "HD": 0.7000000000000001, "IPG": 0.175, "SJM": 0.35, "MOS": 0.85, "TRV": 0.85, "TMO": 0.6749999999999999, "TJX": 0.6, "TSCO": 0.575, "TT": 0.575, "TDG": 0.4, "TRMB": 0.75, "TYL": 0.15, "UDR": 0, "ULTA": 0.5, "UNP": 0.32499999999999996, "UAL": 0.4, "UPS": 0.3, "URI": 0.25, "UNH": 0.7, "UHS": 0.65, "VLO": 0.6749999999999999, "VTR": 0.25, "VRSN": 0.85, "VRSK": 0.6499999999999999, "VZ": 0.75, "VRTX": 0.32499999999999996, "VFC": 0.3, "VICI": 0.6, "VMC": 0.15, "GWW": 0.15, "WAB": 0.6749999999999999, "WBA": 0.42500000000000004, "WMT": 0.7000000000000001, "WM": 0.75, "WAT": 0.6499999999999999, "WFC": 0.35, "WELL": 0.6749999999999999, "WST": 0.15, "WDC": 0.525, "WRK": 0.25, "WY": 0.6, "WHR": 0.6749999999999999, "WMB": 0.5, "WYNN": 0.5, "XEL": 0.15, "XYL": 0, "ZBRA": 0.32499999999999996, "ZBH": 0.25, "ZTS": 0.32499999999999996}