{"MMM": 0.6, "AOS": 0.7000000000000001, "ABT": 0.42500000000000004, "ABBV": 0.6749999999999999, "ACN": 0.32499999999999996, "ATVI": 0.32499999999999996, "ADM": 0.35, "ADBE": 0.65, "ADP": 0.15, "AAP": 0.35, "AFL": 0.85, "A": 0.75, "APD": 0.5, "AKAM": 0.35, "ALK": 0.7, "ALB": 0.675, "ARE": 0.7, "ALLE": 0.75, "LNT": 0.475, "ALL": 0.85, "MO": 0.75, "AMZN": 0.6749999999999999, "AMD": 0.15, "AEE": 0.15, "AAL": 0.6749999999999999, "AEP": 0.32499999999999996, "AIG": 0.65, "AMT": 0.32499999999999996, "AWK": 0.175, "ABC": 0.15, "AME": 0.15, "AMGN": 0.6, "APH": 0.6749999999999999, "ADI": 0.9, "AON": 0.32499999999999996, "AAPL": 0.5249999999999999, "AMAT": 0.75, "APTV": 0.32499999999999996, "ACGL": 0.575, "AJG": 0.32499999999999996, "T": 0.85, "ATO": 0.32499999999999996, "ADSK": 0.42500000000000004, "AZO": 0.75, "AVB": 0.85, "AVY": 0.6499999999999999, "BAC": 0.5249999999999999, "BAX": 0.6, "BDX": 0.575, "BIO": 0.55, "TECH": 0.5249999999999999, "BIIB": 0.85, "BLK": 0.3, "BK": 0.85, "BA": 0.3, "BKNG": 0.25, "BWA": 0.5, "BXP": 0.25, "BSX": 0.49999999999999994, "BMY": 0.475, "BR": 0.32499999999999996, "BRO": 0.15, "CHRW": 0.32499999999999996, "CDNS": 0.65, "CPT": 0.32499999999999996, "CPB": 0.32499999999999996, "COF": 0.85, "CAH": 0.5249999999999999, "KMX": 0.15, "CCL": 0.7, "CTLT": 0.42500000000000004, "CAT": 0.75, "CBOE": 0.6499999999999999, "CBRE": 0.75, "CDW": 0.15, "CE": 0.75, "CNC": 0.35, "CNP": 0.5249999999999999, "CF": 0.75, "CRL": 0.32499999999999996, "SCHW": 0.4, "CHTR": 0.525, "CVX": 0.8500000000000001, "CHD": 0.5, "CTAS": 0.75, "CSCO": 0.32499999999999996, "CME": 0, "CMS": 0.15, "CTSH": 0.375, "CL": 0.7000000000000001, "CMCSA": 0.65, "CAG": 0.2, "COP": 0.6, "ED": 0.85, "COO": 0.5, "CPRT": 0.175, "GLW": 0.525, "CSGP": 0.5, "COST": 0.32499999999999996, "CTRA": 0.5, "CCI": 0, "CSX": 0.5, "CMI": 0.85, "CVS": 0.4, "DHI": 0.75, "DHR": 0.25, "DRI": 0.42500000000000004, "DVA": 0.6749999999999999, "DAL": 0.6749999999999999, "XRAY": 0.25, "DVN": 0.6749999999999999, "DXCM": 0.55, "FANG": 0.25, "DFS": 0.3, "DISH": 0.575, "DG": 0.32499999999999996, "DLTR": 0.4, "D": 0.475, "DPZ": 0.6, "DOV": 0.25, "DTE": 0.525, "DUK": 0.35, "DD": 0.25, "DXC": 0.85, "EMN": 0.25, "ETN": 0.85, "EBAY": 0.75, "ECL": 0.32499999999999996, "EIX": 0.5, "EW": 0.25, "LLY": 0.575, "EMR": 0.6, "ENPH": 0.15, "EOG": 0.15, "EPAM": 0.32499999999999996, "EQT": 0.5, "EFX": 0.15, "EQIX": 0.275, "EQR": 0.75, "ESS": 0.575, "ETSY": 0.32499999999999996, "ES": 0.65, "EXC": 0.6749999999999999, "EXPE": 0.15, "EXR": 0.15, "XOM": 0.75, "FDS": 0.5, "FAST": 0.6749999999999999, "FRT": 0.15, "FDX": 0.65, "FSLR": 0.25, "FE": 0.42500000000000004, "FIS": 0.5, "FLT": 0.3, "FMC": 0.15, "FTV": 0.75, "FCX": 0.5, "IT": 0.42500000000000004, "GNRC": 0.475, "GD": 0.75, "GE": 0.32499999999999996, "GIS": 0.25, "GPC": 0.75, "GILD": 0.35, "GPN": 0.15, "GS": 0.5, "HAL": 0.6, "HIG": 0.25, "HAS": 0.32499999999999996, "HCA": 1.0, "HSIC": 0.575, "HSY": 0.5, "HES": 0.475, "HPE": 0.6749999999999999, "HLT": 0, "HOLX": 0.15, "HON": 0.15, "HRL": 0.275, "HST": 0.85, "HPQ": 0.7, "HUM": 0.525, "HBAN": 0.35, "HII": 0.7999999999999999, "IBM": 0.75, "IEX": 0.15, "IDXX": 0.75, "ITW": 0.5, "ILMN": 0.32499999999999996, "INCY": 0.175, "IR": 0.5, "INTC": 0.7, "ICE": 0, "IFF": 0.425, "IP": 0.35, "INTU": 0.15, "IVZ": 0.85, "INVH": 0.4, "IQV": 0.32499999999999996, "IRM": 0.6, "JBHT": 0.32499999999999996, "JNJ": 0.32499999999999996, "JCI": 0.5249999999999999, "JNPR": 0.5, "K": 0.4, "KEYS": 0.42500000000000004, "KMB": 0.9, "KIM": 0.35, "KMI": 0.25, "KLAC": 0.42500000000000004, "KHC": 0.5, "KR": 0.4, "LH": 0.25, "LRCX": 0.85, "LW": 0.7000000000000001, "LVS": 0.3, "LDOS": 0.6749999999999999, "LYV": 0.3, "LKQ": 0.5249999999999999, "LMT": 0.32499999999999996, "L": 0.6749999999999999, "LOW": 0.75, "LYB": 0.6499999999999999, "MTB": 0.85, "MRO": 0.85, "MPC": 0.25, "MKTX": 0.5, "MAR": 0.15, "MMC": 0.32499999999999996, "MLM": 0.6499999999999999, "MAS": 0.55, "MA": 0.32499999999999996, "MTCH": 0.6749999999999999, "MKC": 0.55, "MCD": 0.6, "MCK": 0.5, "MDT": 0.35, "MRK": 0.6, "MTD": 0.5, "MGM": 0.4, "MCHP": 0.6749999999999999, "MU": 0.85, "MSFT": 0.32499999999999996, "MHK": 0.5, "MOH": 0.575, "TAP": 0.35, "MCO": 0.32499999999999996, "MSI": 0.42500000000000004, "MSCI": 0.6, "NDAQ": 0.85, "NTAP": 0.75, "NFLX": 0.15, "NWL": 0.5, "NEM": 0.35, "NWSA": 0.5, "NWS": 0.35, "NEE": 0.6749999999999999, "NKE": 0.6499999999999999, "NI": 0.575, "NDSN": 0.25, "NSC": 0.25, "NOC": 0.32499999999999996, "NCLH": 0.42500000000000004, "NRG": 0.75, "NUE": 0.6749999999999999, "NVDA": 0.6749999999999999, "NXPI": 0.85, "ORLY": 0.32499999999999996, "OXY": 0.85, "ODFL": 0.575, "OMC": 0.5, "ON": 0.5, "OKE": 0.15, "ORCL": 0.75, "PKG": 0.32499999999999996, "PH": 0.35, "PAYX": 0.15, "PAYC": 0.15, "PNR": 0.275, "PEP": 0.6499999999999999, "PKI": 0.25, "PFE": 0.85, "PM": 0.85, "PSX": 0.32499999999999996, "PNW": 0.525, "PXD": 0.6, "POOL": 0.15, "PPG": 0.42500000000000004, "PPL": 0.6749999999999999, "PFG": 0.25, "PG": 0.15, "PLD": 0.725, "PRU": 0.5, "PEG": 0.75, "PSA": 0.6499999999999999, "PHM": 0.25, "QRVO": 0.4, "QCOM": 0.475, "PWR": 0.35, "DGX": 0.525, "RL": 0.6749999999999999, "O": 0.525, "RSG": 0.25, "RMD": 0.6499999999999999, "RHI": 0.6, "ROK": 0.75, "ROP": 0.25, "ROST": 0.5, "RCL": 0.275, "SPGI": 0.5, "CRM": 0.15, "SBAC": 0.42500000000000004, "SLB": 0.35, "SEE": 0.75, "SRE": 0.9, "NOW": 0.3, "SHW": 0.25, "SNA": 0.6749999999999999, "SO": 0.15, "LUV": 0.6749999999999999, "SWK": 0.65, "SBUX": 0.15, "STLD": 0.6749999999999999, "SYK": 0.6499999999999999, "SYF": 0.32499999999999996, "SNPS": 0.9, "SYY": 0.6499999999999999, "TMUS": 0.525, "TPR": 0.85, "TRGP": 0.575, "TGT": 0.25, "TEL": 0.85, "TDY": 0.25, "TFX": 0.15, "TSLA": 0.5, "TXN": 0.5, "TXT": 0.6749999999999999, "KO": 0.6499999999999999, "EL": 0.3, "HD": 0.7000000000000001, "IPG": 0.75, "SJM": 0.525, "MOS": 0.5249999999999999, "TRV": 0.25, "TMO": 0.525, "TJX": 0.6, "TSCO": 0.9, "TDG": 0.725, "TRMB": 0.85, "UDR": 0.475, "UNP": 0.15, "UAL": 0.5, "UPS": 0.15, "URI": 0.4, "UNH": 1.0, "UHS": 0.35, "VLO": 0.15, "VTR": 0.25, "VRSK": 0.6499999999999999, "VZ": 0.32499999999999996, "VICI": 0.25, "VMC": 0.15, "GWW": 0.32499999999999996, "WAB": 0.25, "WBA": 0.85, "WMT": 0.4, "WM": 0.32499999999999996, "WAT": 0.6499999999999999, "WELL": 0.825, "WST": 0.6499999999999999, "WDC": 0.6749999999999999, "WY": 0.575, "WHR": 0.825, "WMB": 0.3, "WYNN": 0.9, "XEL": 0.42500000000000004, "XYL": 0.5, "YUM": 0.85, "ZBRA": 0.6, "ZBH": 0.4, "ZTS": 0.32499999999999996}