{"MMM": 0.42500000000000004, "AOS": 0.6, "ABT": 0.32499999999999996, "ABBV": 0.6749999999999999, "ACN": 0.15, "ATVI": 0.32499999999999996, "ADM": 0.6749999999999999, "ADBE": 0.475, "ADP": 0.15, "AAP": 0.525, "AES": 0.4, "AFL": 0.85, "A": 0.475, "APD": 0.175, "AKAM": 0.35, "ALK": 0.85, "ALB": 0.15, "ARE": 0.6749999999999999, "ALGN": 0.5, "ALLE": 0.75, "LNT": 0.6499999999999999, "ALL": 0.85, "MO": 0.4, "AMCR": 0.5750000000000001, "AMD": 0.475, "AEE": 0.15, "AAL": 0.5, "AEP": 0.175, "AXP": 0.32499999999999996, "AMT": 0.32499999999999996, "AWK": 0.15, "ABC": 0.5, "AME": 0.175, "AMGN": 0.75, "APH": 0.6749999999999999, "ADI": 1.0, "ANSS": 0.6499999999999999, "AON": 0.35, "AAPL": 0.6, "AMAT": 0.575, "APTV": 0.15, "ACGL": 0.85, "ANET": 0.6749999999999999, "AJG": 0.32499999999999996, "AIZ": 0.25, "T": 0.525, "ATO": 0.25, "ADSK": 0.25, "AZO": 0.575, "AVB": 0.5, "AVY": 0.6499999999999999, "BAC": 0.6749999999999999, "BAX": 0.5, "BDX": 0.25, "BBY": 0.75, "BIO": 0.6, "TECH": 0.6749999999999999, "BIIB": 0.85, "BLK": 0.175, "BK": 0.6749999999999999, "BA": 0.5, "BKNG": 0.6, "BWA": 0.5, "BXP": 0.4, "BSX": 0.85, "BMY": 0.4, "AVGO": 0.15, "BR": 0.6499999999999999, "BRO": 0.32499999999999996, "CHRW": 0.32499999999999996, "CDNS": 0.6499999999999999, "CZR": 0.475, "CPT": 0.475, "CPB": 0.35, "COF": 0.85, "CAH": 0.4, "KMX": 0.15, "CCL": 0.4, "CTLT": 0.15, "CAT": 0.75, "CBOE": 0.6499999999999999, "CBRE": 0.75, "CDW": 0.475, "CE": 0.75, "CNC": 0.35, "CNP": 1.0, "CDAY": 0.25, "CF": 0.525, "CRL": 0.32499999999999996, "SCHW": 0.4, "CHTR": 0.42500000000000004, "CVX": 0.525, "CMG": 0.15, "CHD": 0.6499999999999999, "CI": 0.85, "CTAS": 0.49999999999999994, "C": 0.5, "CLX": 0.32499999999999996, "CME": 0, "CMS": 0.32499999999999996, "CTSH": 0.575, "CL": 0.5, "CMA": 0.4, "CAG": 0.525, "COP": 0.75, "ED": 0.7, "COO": 0.4, "CPRT": 0.475, "GLW": 0.6749999999999999, "CSGP": 0.85, "COST": 0.32499999999999996, "CTRA": 0.75, "CCI": 0.32499999999999996, "CSX": 0.65, "CMI": 0.85, "CVS": 0.5, "DHI": 0.6749999999999999, "DHR": 0.475, "DRI": 0.3, "DVA": 0.575, "DAL": 0.65, "XRAY": 0.25, "DVN": 0.5249999999999999, "DXCM": 0.32499999999999996, "FANG": 0.4, "DFS": 0.15, "DISH": 0.5, "DIS": 0.55, "DG": 0.5, "DLTR": 0.42500000000000004, "D": 0.6, "DPZ": 0.42500000000000004, "DOV": 0.25, "DOW": 0.575, "DTE": 0.25, "DUK": 0.85, "DD": 0.675, "DXC": 0.65, "EMN": 0.25, "ETN": 0.85, "ECL": 0.35, "EIX": 0.5, "EW": 0.6749999999999999, "EA": 0.5, "LLY": 0.75, "EMR": 0.475, "ENPH": 0.475, "ETR": 0.85, "EOG": 0.6, "EPAM": 0.15, "EQT": 0.4, "EFX": 0.175, "EQIX": 0.15, "EQR": 0.85, "ESS": 0.5750000000000001, "ETSY": 0.32499999999999996, "EVRG": 0.25, "ES": 0.15, "EXC": 0.85, "EXPE": 0.25, "EXPD": 0.475, "EXR": 0.32499999999999996, "XOM": 0.7000000000000001, "FFIV": 0.25, "FDS": 0.32499999999999996, "FAST": 0.6, "FRT": 0.475, "FDX": 0.5, "FSLR": 0.725, "FE": 0.4, "FIS": 0.525, "FISV": 0.35, "FLT": 0.5, "FMC": 0.3, "F": 0.35, "FTNT": 0.5249999999999999, "FTV": 0.42500000000000004, "BEN": 0.85, "FCX": 0.32499999999999996, "GRMN": 0.6749999999999999, "IT": 0.575, "GNRC": 0.32499999999999996, "GD": 0.85, "GE": 0.15, "GIS": 0.6749999999999999, "GM": 0.6749999999999999, "GPC": 0.85, "GILD": 0.85, "GPN": 0.25, "GL": 0.42500000000000004, "GS": 0.5, "HAL": 0.3, "HIG": 0.65, "HAS": 0.575, "HCA": 0.5249999999999999, "PEAK": 0.375, "HSIC": 0.575, "HSY": 0.32499999999999996, "HES": 0.575, "HPE": 0.35, "HLT": 0.25, "HOLX": 0.75, "HON": 0.32499999999999996, "HRL": 0.42500000000000004, "HST": 0.6749999999999999, "HWM": 0.825, "HPQ": 0.85, "HUM": 0.35, "HBAN": 0.42500000000000004, "HII": 0.6749999999999999, "IBM": 0.85, "IEX": 0.32499999999999996, "IDXX": 0.35, "ITW": 0.32499999999999996, "ILMN": 0.32499999999999996, "INCY": 0.475, "IR": 0.6749999999999999, "INTC": 0.85, "ICE": 0.175, "IFF": 0.75, "IP": 0.525, "INTU": 0.175, "ISRG": 0.525, "IVZ": 0.85, "INVH": 0.275, "IQV": 0.32499999999999996, "IRM": 0.42500000000000004, "JBHT": 0.75, "JKHY": 0.25, "J": 0.25, "DE": 0.25, "JNJ": 0.32499999999999996, "JCI": 0.575, "JPM": 0.75, "JNPR": 0.6749999999999999, "K": 0.25, "KEYS": 0.75, "KMB": 0.85, "KIM": 0.5, "KMI": 0.42500000000000004, "KLAC": 0.32499999999999996, "KHC": 0.85, "KR": 0.25, "LHX": 0.4, "LH": 0.42500000000000004, "LRCX": 0.9, "LW": 0.4, "LVS": 0.75, "LDOS": 0.85, "LIN": 0.275, "LYV": 0.475, "LKQ": 0.85, "LMT": 0.475, "L": 0.525, "LOW": 0.9, "LUMN": 0.525, "LYB": 0.75, "MTB": 1.0, "MRO": 0.55, "MPC": 0.25, "MKTX": 0.35, "MAR": 0.15, "MMC": 0.5, "MLM": 0.6499999999999999, "MAS": 0.85, "MA": 0.5, "MTCH": 0.175, "MKC": 0.32499999999999996, "MCD": 0.6, "MCK": 0.575, "MDT": 0.525, "MRK": 0.75, "MET": 0.25, "MTD": 0.65, "MGM": 0.7, "MCHP": 0.35, "MU": 0.6749999999999999, "MSFT": 0.5, "MRNA": 0.4, "MHK": 0.5, "TAP": 0.6749999999999999, "MDLZ": 0.25, "MNST": 0.49999999999999994, "MCO": 0.175, "MSI": 0.375, "MSCI": 0.275, "NDAQ": 0.75, "NTAP": 0.75, "NFLX": 0.32499999999999996, "NWL": 0.525, "NEM": 0.5249999999999999, "NWSA": 0.4, "NWS": 0.25, "NEE": 0.6749999999999999, "NKE": 0.175, "NI": 0.5, "NDSN": 0.15, "NSC": 0.25, "NOC": 0.1, "NCLH": 0.5, "NRG": 0.6499999999999999, "NUE": 0.35, "NVDA": 0.6749999999999999, "NXPI": 0.525, "ORLY": 0.5, "OXY": 0.5, "ODFL": 0.5, "OMC": 0.725, "ON": 0.525, "OKE": 0.32499999999999996, "ORCL": 0.575, "PKG": 0.475, "PH": 0.275, "PAYX": 0.15, "PAYC": 0.15, "PYPL": 0.15, "PNR": 0.32499999999999996, "PEP": 0.5, "PKI": 0.15, "PFE": 0.85, "PM": 0.85, "PSX": 0.3, "PNW": 0.42500000000000004, "PXD": 0.6, "POOL": 0.6499999999999999, "PPG": 0.42500000000000004, "PPL": 0.575, "PFG": 0.4, "PG": 0.32499999999999996, "PLD": 0.6499999999999999, "PRU": 0.65, "PTC": 0.5, "PEG": 0.625, "PSA": 0.6499999999999999, "QCOM": 0.75, "PWR": 0.85, "DGX": 0.5, "RL": 0.85, "RTX": 0.35, "O": 0.575, "RSG": 0.42500000000000004, "RMD": 0.6499999999999999, "ROK": 0.5, "ROL": 0.5, "ROP": 0.75, "ROST": 0.35, "RCL": 0.6749999999999999, "SPGI": 0.175, "CRM": 0.25, "SBAC": 0.1, "SLB": 0.3, "STX": 0.75, "SEE": 0.6749999999999999, "SRE": 0.55, "NOW": 0.5, "SHW": 0.4, "SWKS": 0.525, "SNA": 0.6749999999999999, "SEDG": 0.6499999999999999, "SO": 0.25, "LUV": 0.6749999999999999, "SWK": 0.35, "SBUX": 0.25, "STLD": 0.575, "STE": 0.35, "SYK": 0.15, "SYF": 0.44999999999999996, "SNPS": 0.475, "SYY": 0.3, "TMUS": 0.42500000000000004, "TTWO": 0.32499999999999996, "TPR": 0.575, "TRGP": 0.3, "TGT": 0.15, "TEL": 0.2, "TDY": 0.25, "TFX": 0.15, "TER": 0.65, "TSLA": 0.15, "TXN": 0.32499999999999996, "TXT": 0.825, "KO": 0.6499999999999999, "EL": 0.3, "HD": 0.7000000000000001, "IPG": 0.7, "SJM": 0.5, "MOS": 0.5, "TRV": 0.3, "TMO": 0.15, "TJX": 0.5, "TSCO": 0.9, "TT": 1.0, "TDG": 0.2, "TRMB": 0.85, "TFC": 0.65, "TYL": 0.15, "UDR": 0.6499999999999999, "ULTA": 0.5, "UNP": 0.5, "UAL": 0.6749999999999999, "UPS": 0.3, "URI": 0.4, "UNH": 0.85, "UHS": 0.6749999999999999, "VLO": 0.5750000000000001, "VTR": 0.525, "VRSK": 0.6499999999999999, "VZ": 0.85, "VRTX": 0.175, "VFC": 0.3, "VICI": 0.1, "VMC": 0.32499999999999996, "GWW": 0.32499999999999996, "WAB": 0.42500000000000004, "WBA": 0.525, "WMT": 0.525, "WM": 0.15, "WAT": 0.75, "WFC": 1.0, "WELL": 0.6749999999999999, "WST": 0.5, "WDC": 0.525, "WRK": 0.5, "WHR": 0.5, "WMB": 0.35, "WYNN": 0.25, "XEL": 0.25, "XYL": 0.15, "ZBRA": 0.6, "ZBH": 0.525, "ZTS": 0.5}