{"MMM": 0.42500000000000004, "ABT": 0.85, "ACN": 0.5, "ADM": 0.5, "ADBE": 0.15, "ADP": 0.625, "A": 0.6499999999999999, "APD": 0.3, "MO": 0.1, "AMZN": 0.5, "AEE": 0.35, "AEP": 0.75, "AMT": 0.175, "ABC": 0.15, "AME": 0.42500000000000004, "AMGN": 0.525, "APH": 0.35, "ADI": 0.32499999999999996, "AON": 0.15, "AZO": 0.75, "BAX": 0.75, "BDX": 0.9, "BBY": 0.35, "BIIB": 0.5, "BK": 0.35, "BA": 0.3, "BWA": 0.15, "BXP": 0.6749999999999999, "BSX": 0.575, "BMY": 0.32499999999999996, "CPB": 0.25, "CAH": 0.25, "CCL": 1.0, "CE": 0.7999999999999999, "CNP": 0.32499999999999996, "CF": 0.7, "SCHW": 0.32499999999999996, "CVX": 0.75, "CSCO": 0.1, "CLX": 0.575, "CME": 0.5, "CL": 0.75, "CMCSA": 0.4, "CAG": 0.6749999999999999, "COP": 0.6749999999999999, "GLW": 0.85, "COST": 0.25, "CCI": 0.42500000000000004, "CSX": 0.5249999999999999, "CMI": 0.75, "CVS": 0.4, "DHR": 0.42500000000000004, "DRI": 0.32499999999999996, "DVA": 0.25, "XRAY": 0.475, "DVN": 0.25, "DFS": 0.32499999999999996, "DISH": 0.85, "D": 0.9, "DTE": 0.35, "DUK": 0.32499999999999996, "EMN": 0.85, "EBAY": 0.35, "ECL": 0.65, "LLY": 0.75, "EMR": 0.5, "ETR": 0.42500000000000004, "EOG": 0.42500000000000004, "EQT": 0.3, "XOM": 0.75, "FDX": 0.525, "FSLR": 0.85, "FE": 0, "FIS": 0.525, "FISV": 0.25, "FMC": 0.75, "BEN": 0.85, "GD": 1.0, "GE": 0.3, "GIS": 0.25, "GILD": 0.425, "HAL": 0.5, "HSY": 0.32499999999999996, "HES": 0.6749999999999999, "HOLX": 0.4, "HPQ": 0.85, "HUM": 0.35, "IBM": 0.7999999999999999, "ITW": 0.6, "INTC": 0.75, "IP": 0.2, "INTU": 0.475, "IVZ": 0.6499999999999999, "JNJ": 0.15, "JCI": 0.85, "K": 0.32499999999999996, "KMB": 0.5, "KR": 0.4, "LH": 0.4, "LMT": 0.475, "LOW": 0.85, "MRO": 0.35, "MAR": 0.475, "MMC": 0.42500000000000004, "MAS": 0.35, "MA": 0.6749999999999999, "MCD": 0.15, "MCK": 0.75, "MRK": 0.42500000000000004, "MSFT": 0.42500000000000004, "TAP": 0.35, "MCO": 0.42500000000000004, "MSI": 0.4, "NEM": 0.32499999999999996, "NEE": 0.35, "NKE": 0.7, "NSC": 0.15, "NOC": 0.4, "NRG": 0.4, "NUE": 0.4, "OMC": 0.32499999999999996, "OKE": 0.35, "ORCL": 0.32499999999999996, "PH": 0.6749999999999999, "PEP": 0.6499999999999999, "PFE": 0.5249999999999999, "PM": 0.5, "PXD": 0.32499999999999996, "PPG": 0.25, "PG": 0.4, "PEG": 0.32499999999999996, "DGX": 0.525, "RSG": 0.25, "ROK": 0.32499999999999996, "CRM": 0.175, "SLB": 0.5, "SHW": 0.275, "SO": 0.6499999999999999, "LUV": 0.35, "SBUX": 0.75, "STLD": 0.1, "SYK": 0.42500000000000004, "SYY": 0.6499999999999999, "TEL": 0.25, "KO": 0.7, "HD": 0.6499999999999999, "TMO": 0.42500000000000004, "TJX": 0.6, "UNP": 0.6749999999999999, "UPS": 0.32499999999999996, "UNH": 0.42500000000000004, "VTR": 0.725, "VZ": 0.42500000000000004, "VFC": 0.25, "VMC": 0.4, "GWW": 0.5, "WMT": 0.85, "WM": 0.32499999999999996, "WEC": 0.85, "WDC": 0.35, "WMB": 0.15, "YUM": 0.15}