{"MMM": 0.6, "AOS": 0.7, "ABT": 0.6, "ABBV": 0.475, "ACN": 0.65, "ADM": 0.6749999999999999, "ADBE": 0.32499999999999996, "AFL": 0.7, "A": 0.5249999999999999, "APD": 0.15, "ALK": 0.85, "ALB": 0.3, "LNT": 1.0, "ALL": 0.85, "MO": 0.32499999999999996, "AMZN": 0.35, "AMD": 0.25, "AEE": 0.42500000000000004, "AAL": 0.475, "AEP": 0.32499999999999996, "AIG": 0.525, "AMT": 0.32499999999999996, "AWK": 0.15, "ABC": 0.15, "AME": 0.42500000000000004, "AMGN": 0.32499999999999996, "APH": 0.425, "ADI": 0.5, "AON": 0.5, "AAPL": 0.6749999999999999, "AMAT": 0, "AJG": 0.15, "T": 0.5, "ATO": 0, "AZO": 0.75, "AVY": 0.85, "BAX": 0.85, "BDX": 0.75, "BBY": 0.5, "BIO": 0.525, "BIIB": 0.32499999999999996, "BLK": 0.15, "BK": 0.6749999999999999, "BA": 0.32499999999999996, "BWA": 0.42500000000000004, "BXP": 0.425, "BSX": 0.425, "BMY": 0.15, "BR": 0.32499999999999996, "BRO": 0.25, "CDNS": 0.32499999999999996, "CPT": 0.85, "CPB": 0.4, "CAH": 0.25, "KMX": 0.15, "CCL": 0.85, "CDW": 0, "CE": 0.85, "CNC": 0.85, "CNP": 0.9, "CF": 0.85, "CRL": 0.32499999999999996, "SCHW": 0.15, "CHTR": 0.475, "CVX": 0.85, "CHD": 0.575, "CTAS": 0.42500000000000004, "CSCO": 0.425, "CMS": 0.32499999999999996, "CTSH": 0.15, "CL": 0.32499999999999996, "CMCSA": 0.7000000000000001, "CMA": 0.4, "CAG": 0.5, "COP": 0.85, "ED": 0.6749999999999999, "COO": 0.5750000000000001, "CPRT": 0.6749999999999999, "GLW": 0.35, "CSGP": 0.35, "COST": 0.15, "CCI": 0.15, "CSX": 0.5, "CMI": 0.85, "CVS": 0.75, "DHI": 0.25, "DRI": 0.1, "DVA": 0.4, "DAL": 0.4, "XRAY": 0.25, "DVN": 0.5, "DXCM": 0.25, "FANG": 0.15, "DFS": 0.15, "DISH": 0.475, "DG": 0.175, "DLTR": 0.5, "D": 0.15, "DPZ": 0.675, "DOV": 0.525, "DTE": 0.6749999999999999, "DUK": 0.42500000000000004, "EMN": 0.35, "ETN": 1.0, "EBAY": 0.6749999999999999, "ECL": 0.5, "EIX": 0.575, "EW": 0.6749999999999999, "EA": 0.65, "LLY": 0.32499999999999996, "EMR": 0.525, "ENPH": 0.475, "ETR": 0.35, "EOG": 0.15, "EQT": 0.15, "EFX": 0.32499999999999996, "EQIX": 0.55, "EQR": 0.6749999999999999, "EXC": 0.35, "EXPE": 0.3, "XOM": 0.85, "FAST": 0.85, "FRT": 0.15, "FDX": 0.6749999999999999, "FSLR": 0.85, "FE": 0.4, "FIS": 0.85, "FMC": 0.15, "IT": 0.5, "GNRC": 0.32499999999999996, "GD": 0.85, "GIS": 0.1, "GPC": 0.75, "GILD": 0.575, "GPN": 0.25, "GS": 0.85, "HAL": 0.6, "HIG": 0.25, "HAS": 0.575, "HCA": 0.5, "HSIC": 0.85, "HSY": 0.6, "HES": 0.85, "HOLX": 0.1, "HON": 0.15, "HRL": 0.85, "HST": 0.85, "HPQ": 0.85, "HUM": 0.35, "HII": 0.15, "IBM": 0.9, "IEX": 0.25, "IDXX": 0.5, "ITW": 0.32499999999999996, "ILMN": 0.65, "INCY": 0.4, "ICE": 0.6749999999999999, "IFF": 0.6499999999999999, "IP": 0.42500000000000004, "IVZ": 0.6499999999999999, "IRM": 0.25, "JBHT": 0.5, "JKHY": 0.475, "JNJ": 0.42500000000000004, "JCI": 0.6499999999999999, "JNPR": 0.5, "K": 0.3, "KMB": 0.75, "KMI": 0.15, "KLAC": 0.25, "KR": 0.55, "LH": 0.25, "LRCX": 0.6749999999999999, "LVS": 0.5, "LDOS": 0.275, "LYV": 0.25, "LMT": 0.5, "L": 0.25, "LOW": 0.75, "LYB": 0.7999999999999999, "MTB": 0.725, "MRO": 0.85, "MPC": 0.35, "MAR": 0.6, "MMC": 0.5, "MLM": 0.575, "MAS": 0.25, "MA": 0.5, "MKC": 0.75, "MCD": 0.5, "MCK": 0.15, "MRK": 0.85, "MET": 0.35, "MTD": 0.6499999999999999, "MCHP": 0.42500000000000004, "MU": 0.85, "MSFT": 0.25, "MHK": 0.525, "MOH": 0.35, "TAP": 0.25, "MCO": 0.75, "MSI": 0.4, "MSCI": 0.32499999999999996, "NDAQ": 0.7, "NTAP": 0.525, "NFLX": 0.525, "NEM": 0.35, "NEE": 0.6749999999999999, "NKE": 0.6, "NI": 0.85, "NDSN": 0.9, "NSC": 0.55, "NOC": 0.475, "NCLH": 0.75, "NRG": 0.5, "NUE": 0.5, "NVDA": 0.35, "ORLY": 0.32499999999999996, "ODFL": 0.85, "OMC": 0.5, "OKE": 0.15, "ORCL": 0.75, "PKG": 0.32499999999999996, "PH": 0.5, "PNR": 0.575, "PEP": 0.75, "PKI": 0.1, "PFE": 0.7, "PM": 0.55, "PSX": 0.85, "PNW": 0.75, "PXD": 0.5, "POOL": 0.55, "PPG": 0.375, "PFG": 0.4, "PG": 0.25, "PGR": 0.6, "PLD": 0.575, "PRU": 0.4, "PTC": 0.75, "PEG": 0.75, "PSA": 0.6499999999999999, "PHM": 0.4, "DGX": 0.85, "RL": 0.85, "RJF": 0.75, "REGN": 0.475, "RSG": 0.1, "RMD": 0.625, "RHI": 0.42500000000000004, "ROK": 0.475, "ROP": 0.15, "ROST": 0.75, "RCL": 0.25, "SBAC": 0.25, "SLB": 0.5, "STX": 0.75, "SEE": 0.15, "SRE": 0.35, "NOW": 0.55, "SHW": 0.75, "SPG": 0.32499999999999996, "SNA": 0.525, "SO": 0.6499999999999999, "LUV": 0.32499999999999996, "SWK": 0.5, "SBUX": 0.275, "SYK": 0.32499999999999996, "SNPS": 0.85, "SYY": 0.32499999999999996, "TMUS": 0.525, "TTWO": 0.5, "TRGP": 0.15, "TEL": 0.6749999999999999, "TDY": 0.85, "TFX": 0.42500000000000004, "TER": 0.4, "TSLA": 0.4, "TXN": 0.5, "TXT": 0.5, "KO": 0.49999999999999994, "EL": 0.32499999999999996, "HD": 0.25, "IPG": 0.425, "SJM": 0.85, "MOS": 0.85, "TRV": 0.9, "TMO": 0.525, "TJX": 0.475, "TDG": 0.6749999999999999, "TRMB": 0.25, "UDR": 0.42500000000000004, "UNP": 0.32499999999999996, "UAL": 0.42500000000000004, "UPS": 0.32499999999999996, "URI": 0.44999999999999996, "UHS": 0.85, "VLO": 0.25, "VTR": 0.7000000000000001, "VRSN": 0.85, "VRSK": 0.75, "VZ": 0.475, "VRTX": 0.4, "VMC": 0.25, "GWW": 0.5, "WAB": 0.32499999999999996, "WMT": 0.35, "WM": 0.425, "WAT": 0.625, "WEC": 0.6, "WST": 0.75, "WDC": 0.4, "WY": 0.85, "WHR": 0.5, "WMB": 0.3, "WTW": 0.42500000000000004, "WYNN": 0.25, "XEL": 0.15, "XYL": 0.4, "YUM": 0.475}