{"MMM": 0.75, "AOS": 0.7, "ABT": 0.35, "ACN": 0.65, "ADM": 0.4, "ADBE": 0.3, "AFL": 0.85, "A": 0.85, "APD": 0.42500000000000004, "ALK": 0.85, "ALB": 0.25, "ARE": 0.8500000000000001, "LNT": 0.85, "MO": 0.42500000000000004, "AMZN": 0.525, "AEE": 0.4, "AEP": 0.475, "AIG": 0.4, "AMT": 0.15, "AWK": 0.32499999999999996, "ABC": 0.15, "AME": 0.5, "AMGN": 0.15, "APH": 0.7, "ADI": 0.475, "ANSS": 0.32499999999999996, "AON": 0.65, "AAPL": 0.5249999999999999, "AMAT": 0.575, "AJG": 0.32499999999999996, "T": 0.575, "ATO": 0.15, "ADSK": 0.15, "AZO": 0.75, "AVY": 0.42500000000000004, "BAC": 0.2, "BAX": 0.6749999999999999, "BDX": 0.9, "BBY": 0.3, "BIO": 0.35, "BIIB": 0.5, "BLK": 0.3, "BK": 0.5, "BA": 0.3, "BWA": 0.2, "BXP": 0.7000000000000001, "BSX": 0.5, "BMY": 0.5, "BR": 0.75, "BRO": 0.7000000000000001, "CHRW": 0.6499999999999999, "CPB": 0.575, "CAH": 0.3, "KMX": 0.15, "CCL": 0.7, "CDW": 0.15, "CE": 0.49999999999999994, "CNC": 0.2, "CNP": 0.42500000000000004, "CF": 0.7, "CRL": 0.75, "SCHW": 0, "CVX": 0.85, "CB": 0.75, "CHD": 0.25, "CTAS": 0.2, "CSCO": 0.85, "CLX": 0.32499999999999996, "CME": 0.42500000000000004, "CMS": 0.15, "CL": 0.575, "CMCSA": 0.35, "CMA": 0.25, "CAG": 0.2, "COP": 0.5249999999999999, "ED": 0.85, "COO": 0.32499999999999996, "CPRT": 0.7, "GLW": 0.6749999999999999, "COST": 0.15, "CCI": 0.3, "CSX": 0.5249999999999999, "CMI": 0.75, "DHI": 0.42500000000000004, "DHR": 0.25, "DRI": 0.35, "DVA": 0.725, "DAL": 0.1, "XRAY": 0.6499999999999999, "DVN": 0.4, "DXCM": 0.425, "DFS": 0.5, "DISH": 0.32499999999999996, "DG": 0.32499999999999996, "DLTR": 0.5, "D": 0.3, "DPZ": 0.6, "DOV": 0.525, "DTE": 0.525, "DUK": 0.25, "EMN": 0.4, "EBAY": 0.5, "ECL": 0.65, "EA": 0.75, "LLY": 0.75, "EMR": 0.75, "ETR": 0.525, "EOG": 0.525, "EQT": 0.32499999999999996, "EFX": 0.32499999999999996, "EQIX": 0.275, "EQR": 0.425, "ESS": 0.32499999999999996, "EXC": 0.35, "EXPE": 0.25, "EXR": 0.25, "XOM": 0.75, "FRT": 0.3, "FDX": 0.35, "FSLR": 0.55, "FE": 0.575, "FIS": 0.35, "FISV": 0.35, "FLT": 0.15, "FMC": 0.32499999999999996, "IT": 0.5, "GNRC": 0.15, "GD": 0.4, "GIS": 0.25, "GPC": 0.75, "GILD": 0.5, "GPN": 0.35, "HAL": 0.6499999999999999, "HIG": 0.4, "HAS": 0.32499999999999996, "HCA": 0.375, "HSIC": 0.5249999999999999, "HSY": 0.5, "HES": 0.85, "HOLX": 0.4, "HON": 0.15, "HRL": 0.5249999999999999, "HPQ": 0.35, "HUM": 0.35, "HII": 0.25, "IBM": 0.75, "IEX": 0.4, "IDXX": 0.32499999999999996, "ITW": 0.85, "ILMN": 0.32499999999999996, "INCY": 0.6, "INTC": 0.85, "IFF": 0.75, "IP": 0.42500000000000004, "IVZ": 0.6, "IRM": 0.25, "JBHT": 0.35, "JKHY": 0.32499999999999996, "JNJ": 0.65, "JCI": 0.6499999999999999, "JNPR": 0.42500000000000004, "K": 0.475, "KMB": 0.75, "KLAC": 0.15, "KR": 0.575, "LH": 0.42500000000000004, "LRCX": 0.42500000000000004, "LVS": 0.6499999999999999, "LDOS": 0.32499999999999996, "LYV": 0.25, "LKQ": 0, "LMT": 0.3, "L": 0.575, "LOW": 0.85, "MTB": 0.725, "MRO": 0.85, "MPC": 0.35, "MAR": 0.85, "MMC": 0.6, "MLM": 0.75, "MAS": 0.3, "MKC": 0.75, "MCD": 0.32499999999999996, "MCK": 0.15, "MRK": 0.85, "MET": 0.25, "MTD": 0.65, "MGM": 0.4, "MU": 0.85, "MSFT": 0.42500000000000004, "MAA": 0.85, "MHK": 0.5, "MOH": 0.5, "TAP": 0.525, "MDLZ": 0.4, "MCO": 0.475, "MSI": 0.32499999999999996, "MSCI": 0.5, "NDAQ": 0.7, "NTAP": 0.15, "NWL": 0.425, "NEM": 0.6749999999999999, "NEE": 0.85, "NKE": 0.6749999999999999, "NI": 0.35, "NDSN": 0.6, "NSC": 0.4, "NOC": 0.4, "NRG": 0.425, "NUE": 0.42500000000000004, "NXPI": 0.575, "ORLY": 0.32499999999999996, "OXY": 0.75, "ODFL": 0.45, "OMC": 0.32499999999999996, "OKE": 0.15, "ORCL": 0.6, "PKG": 0.475, "PH": 1.0, "PEP": 0.75, "PKI": 0.4, "PFE": 0.7, "PM": 0.7000000000000001, "PNW": 0.75, "PXD": 0.15, "POOL": 0.3, "PPG": 0.6749999999999999, "PFG": 0.4, "PG": 0.25, "PGR": 0.6, "PLD": 0.725, "PEG": 0.6, "PSA": 0.6499999999999999, "PWR": 0.5, "DGX": 0.35, "RL": 0.9, "RJF": 0.6749999999999999, "REGN": 0.625, "RSG": 0.25, "RMD": 0.6499999999999999, "RHI": 0.6, "ROK": 0.475, "ROST": 0.75, "RCL": 0.4, "SBAC": 0.4, "SLB": 0.32499999999999996, "STX": 0.75, "SEE": 0.4, "SRE": 0.175, "SHW": 0.25, "SPG": 0, "SNA": 0.5750000000000001, "SO": 0.6499999999999999, "LUV": 0.375, "SWK": 0.85, "SBUX": 0.32499999999999996, "STLD": 0.4, "SYK": 0.25, "SIVB": 0.15, "SNPS": 0.7000000000000001, "SYY": 0.15, "TMUS": 0.42500000000000004, "TTWO": 0.6, "TRGP": 0.15, "TEL": 0.85, "TDY": 0.725, "TFX": 0.42500000000000004, "TER": 0.4, "TSLA": 0.575, "TXN": 0.6, "TXT": 0.5, "KO": 0.6499999999999999, "EL": 0.15, "HD": 0.42500000000000004, "IPG": 0.575, "SJM": 0.85, "MOS": 0.85, "TRV": 0.5, "TMO": 0.25, "TJX": 0.75, "TDG": 0.6749999999999999, "TRMB": 0.4, "USB": 0.6, "UDR": 0.85, "UNP": 0.85, "UAL": 0.475, "UPS": 0.4, "URI": 0.15, "UNH": 0.575, "VLO": 0.25, "VTR": 0.7000000000000001, "VRSN": 0.6, "VRSK": 0.6499999999999999, "VZ": 0.825, "VFC": 0.6749999999999999, "VMC": 0.25, "GWW": 0.32499999999999996, "WAB": 0.575, "WMT": 0.85, "WM": 0.42500000000000004, "WEC": 0.75, "WST": 0.85, "WDC": 0.4, "WHR": 0.5, "WMB": 0.15, "WTW": 0.4, "WYNN": 0.25, "XEL": 0.3, "XYL": 0.4, "YUM": 0.5}