{"MMM": 0.6, "ABT": 0.85, "ACN": 0.32499999999999996, "ADM": 0.65, "ADBE": 0.15, "ADP": 0.32499999999999996, "APD": 0.15, "MO": 0.15, "AMZN": 0.35, "AEE": 0.525, "AEP": 0.9, "AMT": 0.32499999999999996, "ABC": 0.32499999999999996, "AME": 0.6, "AMGN": 0.32499999999999996, "APH": 0.35, "ADI": 0.625, "AON": 0, "AMAT": 0.2, "ATO": 0.25, "AZO": 0.6, "BAX": 0.75, "BDX": 0.75, "BBY": 0.5, "BIIB": 0.5, "BK": 0.5, "BA": 0.3, "BWA": 0.25, "BXP": 0.825, "BSX": 0.25, "BMY": 0.32499999999999996, "CPB": 0.25, "CAH": 0.25, "CCL": 0.85, "CE": 0.7999999999999999, "CNP": 0.5, "CF": 0.85, "SCHW": 0.32499999999999996, "CVX": 0.75, "CSCO": 0.15, "CLX": 0.42500000000000004, "CME": 0.5, "CL": 0.6, "CMCSA": 0.4, "CAG": 0.6749999999999999, "COP": 0.6749999999999999, "COO": 0.6, "GLW": 0.85, "COST": 0.275, "CCI": 0.175, "CSX": 0.6749999999999999, "CMI": 0.75, "CVS": 0.4, "DHR": 0.42500000000000004, "DRI": 0.3, "DVA": 0.4, "XRAY": 0.625, "DVN": 0.1, "DFS": 0.32499999999999996, "DISH": 0.85, "D": 0.75, "DTE": 0.5, "DUK": 0.32499999999999996, "EMN": 0.75, "EBAY": 0.85, "ECL": 0.5, "LLY": 0.75, "EMR": 0.575, "ETR": 0.42500000000000004, "EOG": 0.42500000000000004, "EQT": 0.15, "XOM": 0.6, "FDX": 0.525, "FSLR": 1.0, "FE": 0, "FIS": 0.525, "FISV": 0.1, "FMC": 0.6, "BEN": 0.85, "GD": 1.0, "GE": 0.3, "GIS": 0.25, "GILD": 0.575, "HAL": 0.5, "HSY": 0.32499999999999996, "HES": 0.6749999999999999, "HOLX": 0.35, "HRL": 0.6749999999999999, "HPQ": 0.7, "HUM": 0.35, "IBM": 0.7999999999999999, "ITW": 0.85, "INTC": 0.75, "IP": 0.35, "INTU": 0.475, "IVZ": 0.5, "JNJ": 0.15, "JCI": 0.6749999999999999, "K": 0.42500000000000004, "KMB": 0.32499999999999996, "KR": 0.55, "LH": 0.25, "LMT": 0.32499999999999996, "LOW": 0.9, "MRO": 0.6749999999999999, "MAR": 0.32499999999999996, "MMC": 0.425, "MAS": 0.4, "MA": 0.6749999999999999, "MKC": 0.575, "MCD": 0.15, "MCK": 0.6, "MRK": 0.42500000000000004, "MSFT": 0.42500000000000004, "TAP": 0.35, "MCO": 0.5750000000000001, "MSI": 0.25, "NEM": 0.32499999999999996, "NEE": 0.5, "NKE": 0.85, "NDSN": 0.275, "NSC": 0.25, "NOC": 0.4, "NRG": 0.5, "NUE": 0.4, "OMC": 0.32499999999999996, "OKE": 0.5, "ORCL": 0.475, "PH": 0.6749999999999999, "PEP": 0.6499999999999999, "PFE": 0.6749999999999999, "PM": 0.35, "PXD": 0.32499999999999996, "PPG": 0.35, "PG": 0.25, "PEG": 0.32499999999999996, "DGX": 0.6749999999999999, "RSG": 0.275, "ROK": 0.475, "CRM": 0.32499999999999996, "SLB": 0.32499999999999996, "SHW": 0.42500000000000004, "SWKS": 0.32499999999999996, "SO": 0.6499999999999999, "SBUX": 0.6, "STLD": 0.1, "SYK": 0.42500000000000004, "SYY": 0.6499999999999999, "TEL": 0.85, "KO": 0.85, "HD": 0.6499999999999999, "TMO": 0.42500000000000004, "TJX": 0.425, "TDG": 0.15, "UNP": 0.6749999999999999, "UPS": 0.32499999999999996, "UNH": 0.575, "VTR": 0.6749999999999999, "VZ": 0.42500000000000004, "VFC": 0.25, "VMC": 0.4, "GWW": 0.65, "WMT": 0.75, "WM": 0.275, "WEC": 0.85, "WDC": 0.35, "WMB": 0.3, "YUM": 0.15}