{"MMM": 0.25, "AOS": 0.25, "ABT": 0.575, "ABBV": 0.42500000000000004, "ACN": 0.32499999999999996, "ATVI": 0.3, "ADM": 0.575, "ADBE": 0.32499999999999996, "ADP": 0.32499999999999996, "AAP": 0.5, "AFL": 1.0, "A": 0.6, "APD": 0.15, "AKAM": 0.525, "ALK": 0.85, "ALB": 0.575, "ARE": 0.25, "ALLE": 0.575, "LNT": 0.5, "ALL": 0.85, "MO": 0.9, "AMZN": 0.6749999999999999, "AMD": 0.32499999999999996, "AEE": 0.3, "AAL": 0.42500000000000004, "AEP": 0.6, "AIG": 0.5, "AMT": 0.32499999999999996, "AWK": 0.44999999999999996, "ABC": 0.3, "AME": 0.5, "AMGN": 0.4, "APH": 0.4, "ADI": 0.45, "AON": 0.3, "AMAT": 0.6749999999999999, "APTV": 0.15, "ACGL": 0.85, "AJG": 0.15, "T": 0.85, "ATO": 0.15, "ADSK": 0.6749999999999999, "AZO": 0.6, "AVB": 0.85, "AVY": 0.3, "BAX": 0.5, "BDX": 0.15, "BBY": 0.42500000000000004, "BIO": 0.42500000000000004, "TECH": 0.675, "BIIB": 0.575, "BLK": 0.32499999999999996, "BK": 0.85, "BA": 0.35, "BKNG": 0.25, "BWA": 0.5, "BXP": 0.1, "BSX": 0.32499999999999996, "BMY": 0.3, "BR": 0.5, "BRO": 0.9, "CHRW": 0.32499999999999996, "CDNS": 0.5, "CZR": 0.65, "CPT": 0.25, "CPB": 0.32499999999999996, "COF": 0.5, "CAH": 0.575, "KMX": 0.4, "CCL": 0.85, "CTLT": 0.6, "CBRE": 0.6, "CDW": 0.5, "CE": 0.75, "CNC": 0.7000000000000001, "CNP": 0.75, "CF": 0.7000000000000001, "CRL": 0.175, "SCHW": 0, "CHTR": 0.7, "CVX": 0.7000000000000001, "CHD": 0.475, "CTAS": 0.75, "CSCO": 0.65, "CMS": 0.4, "CTSH": 0.55, "CL": 0.525, "CMCSA": 0.6, "CAG": 0.525, "COP": 0.3, "ED": 0.85, "COO": 0.275, "CPRT": 0.42500000000000004, "GLW": 0.5, "CSGP": 0.65, "COST": 0.32499999999999996, "CCI": 0, "CSX": 0.85, "CMI": 0.7, "CVS": 0.85, "DHI": 0.4, "DHR": 0.42500000000000004, "DRI": 0.6, "DVA": 0.42500000000000004, "DAL": 0.525, "XRAY": 0.65, "DVN": 0.5, "DXCM": 0.4, "FANG": 0.175, "DFS": 0.15, "DISH": 0.75, "DG": 0.6499999999999999, "DLTR": 0.85, "D": 0.5, "DPZ": 0.42500000000000004, "DOV": 0.85, "DTE": 0.42500000000000004, "DUK": 0.25, "EMN": 0.35, "ETN": 0.85, "EBAY": 0.65, "ECL": 0.32499999999999996, "EIX": 0.8500000000000001, "EW": 0.575, "LLY": 0.44999999999999996, "EMR": 0.3, "ENPH": 0.4, "ETR": 0.6749999999999999, "EOG": 0.5, "EPAM": 0.15, "EQT": 0.85, "EFX": 0.32499999999999996, "EQIX": 0.25, "EQR": 1.0, "ESS": 0.75, "ES": 0.42500000000000004, "EXC": 0.7, "EXPE": 0.15, "EXR": 0.475, "XOM": 0.7000000000000001, "FDS": 0.5, "FAST": 0.675, "FRT": 0.15, "FDX": 0.375, "FSLR": 0.5, "FE": 0.4, "FIS": 1.0, "FLT": 0.32499999999999996, "FMC": 0.5, "F": 0.6749999999999999, "FTV": 0.475, "FCX": 0.825, "GEN": 0.85, "GNRC": 0.475, "GD": 0.575, "GE": 0.4, "GPC": 0.725, "GILD": 0.55, "GPN": 0.15, "GS": 0.5249999999999999, "HAL": 0.725, "HIG": 0.825, "HAS": 0.15, "HCA": 0.7000000000000001, "HSIC": 0.4, "HSY": 0.5, "HES": 0.5, "HPE": 0.525, "HLT": 0.49999999999999994, "HOLX": 0.7000000000000001, "HON": 0.3, "HRL": 0.32499999999999996, "HST": 0.85, "HUM": 0.25, "HBAN": 0.32499999999999996, "HII": 0.15, "IBM": 0.75, "IEX": 0.15, "IDXX": 0.42500000000000004, "ITW": 0.15, "ILMN": 0.32499999999999996, "INCY": 0.4, "INTC": 0.85, "ICE": 0.32499999999999996, "IFF": 0.32499999999999996, "IP": 0.6749999999999999, "INTU": 0, "IVZ": 0.85, "IQV": 0.9, "IRM": 0.25, "JBHT": 0.7999999999999999, "JNJ": 0.475, "JCI": 0.6749999999999999, "JNPR": 0.5, "K": 0.575, "KEYS": 0.3, "KMB": 0.75, "KIM": 0.5, "KMI": 0.35, "KLAC": 0.425, "KHC": 0.85, "KR": 0.4, "LH": 0.85, "LRCX": 0.7, "LW": 0.42500000000000004, "LVS": 0.49999999999999994, "LDOS": 1.0, "LYV": 0.475, "LKQ": 0.4, "LMT": 0.4, "L": 0.525, "LOW": 0.75, "LYB": 0.6499999999999999, "MTB": 0.425, "MRO": 0.65, "MPC": 0.49999999999999994, "MAR": 0.175, "MMC": 0.15, "MLM": 0.5249999999999999, "MAS": 0.35, "MA": 0.32499999999999996, "MTCH": 0.35, "MKC": 0.575, "MCD": 0.25, "MCK": 0.35, "MDT": 0.525, "MRK": 0.6, "MTD": 0.35, "MGM": 0.75, "MCHP": 0.85, "MU": 0.85, "MSFT": 0.475, "MHK": 0.5, "MOH": 0.4, "TAP": 0.35, "MCO": 0.42500000000000004, "MSI": 0.4, "MSCI": 0.32499999999999996, "NDAQ": 0.85, "NTAP": 0.25, "NFLX": 0.15, "NWL": 1.0, "NEM": 0.4, "NWSA": 0.5, "NWS": 0.55, "NEE": 0.7, "NKE": 0.35, "NI": 0.25, "NDSN": 0.275, "NSC": 0.6, "NOC": 0.15, "NCLH": 0.25, "NRG": 0.25, "NUE": 0.675, "NVDA": 0.575, "NXPI": 0.7, "ORLY": 0.5, "OXY": 0.6, "ODFL": 0.75, "OMC": 0.15, "ON": 0.85, "OKE": 0.15, "ORCL": 0.42500000000000004, "PKG": 0.35, "PH": 0.2, "PNR": 0.575, "PEP": 0.725, "PKI": 0.575, "PFE": 0.85, "PM": 0.35, "PSX": 0.32499999999999996, "PNW": 0.35, "PXD": 0.5, "POOL": 0.15, "PPG": 0.25, "PPL": 0.25, "PFG": 0.6749999999999999, "PG": 0.15, "PGR": 0.5, "PLD": 0.75, "PRU": 0.5, "PEG": 1.0, "PSA": 0.6499999999999999, "QRVO": 0.6749999999999999, "PWR": 0.35, "DGX": 0.7000000000000001, "RL": 0.35, "RSG": 0.75, "RMD": 0.5, "RHI": 0.3, "ROK": 0.175, "ROP": 0.5, "ROST": 0.5, "RCL": 0.25, "SPGI": 0.5, "CRM": 0.15, "SBAC": 0.25, "SLB": 0.825, "SEE": 0.4, "SRE": 0.4, "NOW": 0.15, "SHW": 0.75, "SNA": 0.35, "SO": 0.6, "LUV": 1.0, "SWK": 0.375, "SBUX": 0.32499999999999996, "STLD": 0.5750000000000001, "SYK": 0.3, "SYF": 0.3, "SNPS": 0.8500000000000001, "SYY": 0.32499999999999996, "TMUS": 0.45, "TTWO": 0, "TPR": 0.6, "TRGP": 0.4, "TEL": 0.35, "TDY": 0, "TFX": 0.15, "TSLA": 0.575, "TXN": 0.15, "TXT": 0.5, "KO": 0, "EL": 0, "HD": 0.6, "IPG": 0.5750000000000001, "SJM": 0.85, "MOS": 0.5, "TRV": 0, "TMO": 0.275, "TJX": 0.75, "TSCO": 0.75, "TDG": 0.7, "TRMB": 0.55, "UDR": 0.65, "UNP": 0.6499999999999999, "UAL": 0.525, "UPS": 0.15, "URI": 0.75, "UNH": 0.6, "UHS": 0.7000000000000001, "VLO": 0.275, "VTR": 0.85, "VRSK": 0.6499999999999999, "VZ": 0.6, "VMC": 0.45, "GWW": 0.15, "WAB": 0.42500000000000004, "WBA": 0.6749999999999999, "WMT": 0.525, "WM": 0.6499999999999999, "WAT": 0.3, "WEC": 0.65, "WELL": 0.85, "WST": 0.5, "WDC": 0.85, "WY": 0.4, "WHR": 0.35, "WMB": 0.475, "WTW": 0.1, "WYNN": 0.6, "XEL": 0.32499999999999996, "XYL": 0.3, "ZBRA": 0.42500000000000004, "ZBH": 0.85, "ZTS": 0.15}