{"MMM": 0.75, "AOS": 0.6749999999999999, "ABT": 0.35, "ABBV": 0.575, "ACN": 0.5, "ATVI": 0.6, "ADM": 0.6749999999999999, "ADBE": 0.15, "AAP": 0.1, "AFL": 0.85, "A": 0.75, "APD": 0.35, "AKAM": 0.5750000000000001, "ALK": 0.85, "ALB": 0.42500000000000004, "ARE": 0.6749999999999999, "ALLE": 0.6499999999999999, "LNT": 0.85, "ALL": 0.575, "MO": 0.42500000000000004, "AMZN": 0.6749999999999999, "AMD": 0.425, "AEE": 0.25, "AAL": 0.85, "AEP": 0.475, "AIG": 0.55, "AMT": 0.15, "AWK": 0.15, "AME": 0.25, "AMGN": 0.575, "APH": 0.6, "ADI": 0.49999999999999994, "AON": 0.5, "AAPL": 0.6749999999999999, "AMAT": 0.25, "ACGL": 0.85, "AJG": 0.32499999999999996, "T": 0.525, "ATO": 0.32499999999999996, "ADSK": 0.3, "AZO": 0.575, "AVB": 0.85, "AVY": 0.3, "BAX": 0.25, "BDX": 0.32499999999999996, "BBY": 0.7, "BIO": 0.35, "TECH": 0.75, "BIIB": 0.575, "BLK": 0.3, "BK": 0.75, "BA": 0.15, "BWA": 0.5, "BXP": 0.42500000000000004, "BSX": 0.15, "BMY": 0.475, "BR": 0.6, "BRO": 0.55, "CHRW": 0.65, "CDNS": 0.9, "CZR": 0.85, "CPT": 0.65, "CPB": 0.25, "CAH": 0.25, "KMX": 0.4, "CCL": 0.6749999999999999, "CTLT": 0.75, "CDW": 0.15, "CE": 0.7999999999999999, "CNC": 0.5249999999999999, "CNP": 0.4, "CF": 0.85, "CRL": 0.6499999999999999, "SCHW": 0, "CHTR": 0.3, "CVX": 0.7000000000000001, "CHD": 0.75, "CSCO": 0.6749999999999999, "CME": 0.15, "CMS": 0.32499999999999996, "CTSH": 0.475, "CL": 0.4, "CMCSA": 0.375, "CMA": 0.25, "CAG": 0.32499999999999996, "COP": 0.575, "ED": 0.85, "COO": 0.42500000000000004, "CPRT": 0.6749999999999999, "GLW": 0.375, "CSGP": 0.575, "COST": 0.35, "CCI": 0.32499999999999996, "CSX": 0.5, "CMI": 0.85, "CVS": 0.75, "DHI": 0.4, "DHR": 0.5750000000000001, "DRI": 0.42500000000000004, "DVA": 0.4, "DAL": 0.6749999999999999, "XRAY": 0.15, "DVN": 0.25, "DXCM": 0.25, "FANG": 0.3, "DFS": 0.15, "DISH": 0.575, "DG": 0.32499999999999996, "DLTR": 0.15, "D": 0.5, "DPZ": 0.42500000000000004, "DOV": 0.35, "DTE": 0.25, "DUK": 0.42500000000000004, "EMN": 0.35, "ETN": 0.85, "EBAY": 0.575, "ECL": 0.32499999999999996, "EIX": 0.75, "EW": 0.75, "LLY": 0.15, "EMR": 0.75, "ETR": 0.2, "EOG": 0.625, "EPAM": 0.475, "EQT": 0.6749999999999999, "EFX": 0.32499999999999996, "EQIX": 0.15, "EQR": 0.85, "ESS": 0.6749999999999999, "ES": 0.42500000000000004, "EXC": 0.35, "EXPE": 0.725, "EXR": 0.15, "XOM": 0.55, "FDS": 0.5, "FAST": 0.575, "FRT": 0, "FDX": 0.4, "FSLR": 0.85, "FE": 0.85, "FIS": 0.25, "FLT": 0.15, "FMC": 0.4, "IT": 0.6, "GEN": 0.6749999999999999, "GNRC": 0, "GD": 0.9, "GIS": 0.25, "GPC": 0.75, "GILD": 0.575, "GPN": 0.15, "GS": 0.5, "HAL": 0.3, "HIG": 0.5, "HAS": 0.475, "HCA": 0.6749999999999999, "HSIC": 0.85, "HSY": 0.6, "HES": 0.825, "HLT": 0.15, "HOLX": 0.42500000000000004, "HON": 0.32499999999999996, "HRL": 0.85, "HST": 0.85, "HPQ": 0.5249999999999999, "HUM": 0.35, "HII": 0.32499999999999996, "IBM": 0.9, "IEX": 0.32499999999999996, "IDXX": 0.75, "ILMN": 0.32499999999999996, "INCY": 0.32499999999999996, "INTC": 0.6749999999999999, "ICE": 0.575, "IFF": 0.6499999999999999, "IP": 0.1, "IVZ": 0.75, "IRM": 0.42500000000000004, "JBHT": 0.32499999999999996, "JKHY": 0.32499999999999996, "JNJ": 0.5, "JCI": 0.75, "JNPR": 0.42500000000000004, "K": 0.575, "KMB": 0.75, "KMI": 0.275, "KLAC": 0.32499999999999996, "KR": 0, "LH": 0.35, "LRCX": 0.6749999999999999, "LVS": 0.32499999999999996, "LDOS": 0.575, "LYV": 0.3, "LKQ": 0.25, "LMT": 0.3, "L": 0.575, "LOW": 0.75, "LYB": 0.6499999999999999, "MTB": 1.0, "MRO": 0.25, "MPC": 0.6, "MAR": 0.6, "MMC": 0.5, "MLM": 0.75, "MAS": 0.375, "MA": 0.5, "MTCH": 0.5, "MKC": 0.75, "MCD": 0.15, "MCK": 0.25, "MRK": 0.7, "MET": 0.35, "MTD": 0.32499999999999996, "MGM": 0.5, "MU": 0.6749999999999999, "MSFT": 0.3, "MHK": 0.525, "MOH": 0.35, "TAP": 0.25, "MCO": 0.275, "MSI": 0.6, "MSCI": 0.32499999999999996, "NDAQ": 0.85, "NTAP": 0.6749999999999999, "NFLX": 0.15, "NWL": 0.475, "NEM": 0.65, "NEE": 0.825, "NKE": 0.75, "NI": 0.25, "NDSN": 0.25, "NSC": 0.25, "NOC": 0.32499999999999996, "NCLH": 0.575, "NRG": 0.5, "NUE": 0.25, "NVDA": 0.6749999999999999, "ORLY": 0.5, "OXY": 0.4, "ODFL": 0.85, "OMC": 0.5, "ON": 0.375, "OKE": 0.42500000000000004, "ORCL": 0.575, "PKG": 0.42500000000000004, "PH": 0.35, "PAYC": 0.3, "PNR": 0.5, "PEP": 0.575, "PKI": 0.25, "PFE": 0.7, "PM": 0.525, "PSX": 0.7000000000000001, "PNW": 0.1, "PXD": 0.44999999999999996, "POOL": 0.25, "PPG": 0.42500000000000004, "PFG": 0.55, "PG": 0.25, "PGR": 0.75, "PLD": 0.75, "PRU": 0.5, "PTC": 0.15, "PEG": 0.75, "PHM": 0.6749999999999999, "QRVO": 0.6749999999999999, "QCOM": 0.4, "PWR": 0.5249999999999999, "DGX": 0.6749999999999999, "RL": 0.85, "RSG": 0.1, "RMD": 0.6, "RHI": 0.6, "ROK": 0.32499999999999996, "ROP": 0.15, "ROST": 0.32499999999999996, "RCL": 0.4, "CRM": 0.3, "SBAC": 0.25, "SLB": 0.6, "STX": 0.85, "SEE": 0.42500000000000004, "SRE": 0.75, "NOW": 0.4, "SHW": 0.42500000000000004, "SPG": 0.5, "SNA": 0.42500000000000004, "SO": 0.6499999999999999, "LUV": 0.85, "SWK": 0.35, "SBUX": 0.5, "STLD": 0.35, "SYK": 0.75, "SNPS": 0.85, "SYY": 0.3, "TMUS": 0.525, "TTWO": 0.32499999999999996, "TRGP": 0.5, "TEL": 0.85, "TDY": 0.85, "TFX": 0.9, "TSLA": 0.6749999999999999, "TXN": 0.5, "TXT": 0.5, "KO": 0.575, "EL": 0.32499999999999996, "HD": 0.42500000000000004, "IPG": 0.575, "SJM": 0.4, "MOS": 0.85, "TRV": 0.175, "TMO": 0.35, "TJX": 0.6, "TSCO": 0.75, "TDG": 0.575, "TRMB": 0.275, "UDR": 0.475, "UNP": 0.25, "UAL": 0.6749999999999999, "UPS": 0.5, "URI": 0.3, "UNH": 0.75, "UHS": 0.35, "VLO": 0.525, "VTR": 0.85, "VRSK": 0.6499999999999999, "VZ": 0.75, "VRTX": 0.475, "VFC": 0.32499999999999996, "VMC": 0.25, "GWW": 0.5, "WAB": 0.32499999999999996, "WMT": 0.85, "WM": 0.32499999999999996, "WAT": 0.475, "WEC": 0.6499999999999999, "WST": 0.6499999999999999, "WDC": 0.35, "WHR": 0.2, "WMB": 0.475, "WTW": 0.5249999999999999, "WYNN": 0.25, "XEL": 0.15, "XYL": 0.15, "YUM": 0.5, "ZBRA": 0.575, "ZBH": 0.25, "ZTS": 0.32499999999999996}