{"MMM": 0.6, "AOS": 1.0, "ABT": 0.85, "ABBV": 0.32499999999999996, "ACN": 0.5, "ATVI": 0.32499999999999996, "ADM": 0.6749999999999999, "ADBE": 0.32499999999999996, "AAP": 0.25, "AFL": 0.85, "A": 0.75, "APD": 0.5, "AKAM": 0.35, "ALK": 0.9, "ALB": 0.3, "ARE": 0.25, "LNT": 0.85, "ALL": 1.0, "MO": 0.42500000000000004, "AMZN": 0.5, "AMD": 0.4, "AEE": 0.25, "AAL": 0.475, "AEP": 0.32499999999999996, "AIG": 0.525, "AMT": 0.175, "AWK": 0.15, "AME": 0.42500000000000004, "AMGN": 0.32499999999999996, "APH": 0.575, "ADI": 0.6499999999999999, "AON": 0.5, "AAPL": 0.85, "AMAT": 0.35, "ACGL": 1.0, "AJG": 0.15, "T": 0.4, "ATO": 0.475, "ADSK": 0.32499999999999996, "AZO": 0.42500000000000004, "AVB": 0.6749999999999999, "AVY": 0.5750000000000001, "BAX": 0.7, "BDX": 0.475, "BBY": 0.5249999999999999, "BIO": 0.35, "TECH": 0.75, "BIIB": 0.42500000000000004, "BLK": 0, "BK": 0.6749999999999999, "BA": 0.32499999999999996, "BWA": 0.525, "BXP": 0.725, "BSX": 0.475, "BMY": 0.3, "BR": 0.5, "BRO": 0.25, "CHRW": 0.32499999999999996, "CDNS": 0.32499999999999996, "CPT": 0.85, "CPB": 0.25, "CAH": 0.25, "CCL": 0.85, "CTLT": 0.75, "CDW": 0.15, "CE": 0.75, "CNC": 0.5, "CNP": 0.75, "CF": 0.85, "CRL": 0.32499999999999996, "SCHW": 0.15, "CHTR": 0.32499999999999996, "CVX": 0.85, "CHD": 0.75, "CSCO": 0.6749999999999999, "CME": 0.15, "CMS": 0.32499999999999996, "CTSH": 0.15, "CL": 0.42500000000000004, "CMCSA": 0.7000000000000001, "CMA": 0.35, "CAG": 0.42500000000000004, "COP": 0.85, "ED": 0.6749999999999999, "COO": 0.42500000000000004, "CPRT": 0.6749999999999999, "GLW": 0.6749999999999999, "CSGP": 0.65, "COST": 0.175, "CCI": 0.15, "CSX": 0.5, "CMI": 0.7, "CVS": 0.75, "DHI": 0.4, "DHR": 0.25, "DRI": 0.525, "DVA": 0.4, "DAL": 0.44999999999999996, "XRAY": 0.25, "DVN": 0.5, "DXCM": 0.25, "FANG": 0.15, "DFS": 0.15, "DISH": 0.32499999999999996, "DG": 0.32499999999999996, "DLTR": 0.32499999999999996, "D": 0.15, "DPZ": 0.42500000000000004, "DOV": 0.5249999999999999, "DTE": 0.6749999999999999, "DUK": 0.42500000000000004, "EMN": 0.2, "ETN": 0.7, "EBAY": 0.6749999999999999, "ECL": 0.5, "EIX": 0.525, "EW": 0.5249999999999999, "LLY": 0.475, "EMR": 0.85, "ENPH": 0.3, "ETR": 0.35, "EOG": 0.15, "EQT": 0.15, "EFX": 0.32499999999999996, "EQIX": 0.4, "EQR": 0.525, "ES": 0.32499999999999996, "EXC": 0.2, "EXPE": 0.15, "EXR": 0.15, "XOM": 0.75, "FDS": 0.5, "FAST": 0.85, "FRT": 0.475, "FDX": 0.4, "FSLR": 0.85, "FE": 0.4, "FIS": 0.85, "FLT": 0.15, "FMC": 0.15, "IT": 0.5, "GEN": 0.85, "GNRC": 0.475, "GD": 0.85, "GIS": 0.1, "GPC": 0.75, "GILD": 0.575, "GPN": 0.32499999999999996, "GS": 0.7, "HAL": 0.75, "HIG": 0.4, "HAS": 0.475, "HCA": 0.35, "HSIC": 0.75, "HSY": 0.75, "HES": 0.85, "HOLX": 0.42500000000000004, "HON": 0.15, "HRL": 0.85, "HST": 0.85, "HPQ": 0.6749999999999999, "HUM": 0.6749999999999999, "HII": 0.15, "IBM": 0.6, "IEX": 0.25, "IDXX": 0.5, "ITW": 0.32499999999999996, "ILMN": 0.5, "INCY": 0.4, "INTC": 0.85, "ICE": 0.6749999999999999, "IFF": 0.6499999999999999, "IP": 0.35, "IVZ": 0.75, "IRM": 0.25, "JBHT": 0.5, "JKHY": 0.475, "JNJ": 0.5750000000000001, "JCI": 0.75, "JNPR": 0.5, "K": 0.3, "KMB": 0.75, "KMI": 0.25, "KLAC": 0.32499999999999996, "KR": 0.4, "LH": 0.25, "LRCX": 0.6749999999999999, "LVS": 0.32499999999999996, "LDOS": 0.475, "LYV": 0.4, "LKQ": 0.25, "LMT": 0.5, "L": 0.25, "LOW": 0.75, "LYB": 0.49999999999999994, "MTB": 0.575, "MRO": 1.0, "MPC": 0.35, "MAR": 0.42500000000000004, "MMC": 0.5, "MLM": 0.575, "MAS": 0.25, "MA": 0.65, "MTCH": 0.85, "MKC": 0.75, "MCD": 0.5, "MCK": 0.25, "MRK": 0.7, "MET": 0.5, "MTD": 0.7999999999999999, "MGM": 0.4, "MU": 0.375, "MSFT": 0.3, "MHK": 0.525, "MOH": 0.35, "TAP": 0.25, "MCO": 0.75, "MSI": 0.25, "MSCI": 0.32499999999999996, "NDAQ": 0.85, "NTAP": 0.85, "NFLX": 0.35, "NWL": 0.75, "NEM": 0.35, "NEE": 0.6749999999999999, "NKE": 0.75, "NI": 0.425, "NDSN": 0.25, "NSC": 0.4, "NOC": 0.32499999999999996, "NCLH": 0.6499999999999999, "NRG": 0.5, "NUE": 0.5, "NVDA": 0.5, "ORLY": 0.32499999999999996, "OXY": 0.25, "ODFL": 0.85, "OMC": 0.5, "ON": 0.825, "OKE": 0.15, "ORCL": 0.6749999999999999, "PKG": 0.175, "PH": 0.2, "PNR": 0.575, "PEP": 0.75, "PKI": 0.25, "PFE": 0.85, "PM": 0.525, "PSX": 0.75, "PNW": 0.6499999999999999, "PXD": 0.35, "POOL": 0.4, "PPG": 0.525, "PFG": 0.4, "PG": 0.25, "PGR": 0.75, "PLD": 0.575, "PRU": 0.4, "PTC": 0.475, "PEG": 0.75, "PSA": 0.6499999999999999, "PHM": 0.5, "QCOM": 0.1, "PWR": 0.5, "DGX": 0.85, "RL": 0.85, "REGN": 0.32499999999999996, "RSG": 0.4, "RMD": 0.75, "RHI": 0.42500000000000004, "ROK": 0.175, "ROP": 0.15, "ROST": 0.75, "RCL": 0.25, "CRM": 0.3, "SBAC": 0.1, "SLB": 0.5, "STX": 0.75, "SEE": 0.3, "SRE": 0.6, "NOW": 0.4, "SHW": 0.9, "SPG": 0.32499999999999996, "SNA": 0.42500000000000004, "SO": 0.6499999999999999, "LUV": 0.32499999999999996, "SWK": 0.2, "SBUX": 0.5, "STLD": 0.4, "SYK": 0.32499999999999996, "SNPS": 0.7000000000000001, "SYY": 0.15, "TMUS": 0.525, "TTWO": 0.4, "TRGP": 0.15, "TEL": 0.85, "TDY": 0.7, "TFX": 0.42500000000000004, "TER": 0.4, "TSLA": 0.4, "TXN": 0.5, "TXT": 0.5, "KO": 0.6499999999999999, "EL": 0.32499999999999996, "HD": 0.6, "IPG": 0.42500000000000004, "SJM": 0.4, "MOS": 0.7, "TRV": 0.75, "TMO": 0.42500000000000004, "TJX": 0.75, "TDG": 0.7, "TRMB": 0.25, "UDR": 0.175, "UNP": 0.425, "UAL": 0.5750000000000001, "UPS": 0.32499999999999996, "URI": 0.4, "UHS": 0.5249999999999999, "VLO": 0.25, "VTR": 0.85, "VRSN": 0.75, "VRSK": 0.75, "VZ": 0.475, "VRTX": 0.4, "VFC": 0.15, "VMC": 0.25, "GWW": 0.5, "WAB": 0.42500000000000004, "WMT": 0.6749999999999999, "WM": 0.75, "WAT": 0.475, "WEC": 0.75, "WST": 0.75, "WDC": 0.375, "WY": 0.85, "WHR": 0.2, "WTW": 0.175, "WYNN": 0.25, "XEL": 0.15, "XYL": 0.25, "YUM": 0.625, "ZBRA": 0.15, "ZBH": 0.35, "ZTS": 0.32499999999999996}