{"MMM": 0.85, "AOS": 0.15, "ABT": 0.5, "ABBV": 0.25, "ACN": 0.15, "ATVI": 0.32499999999999996, "ADM": 0.6749999999999999, "ADBE": 0.5, "ADP": 0.15, "AAP": 0.5, "AES": 0.4, "AFL": 0.75, "A": 0.5, "APD": 0.5, "AKAM": 0.35, "ALK": 0.42500000000000004, "ALB": 0.475, "ARE": 0.25, "ALGN": 0.32499999999999996, "ALLE": 0.6499999999999999, "LNT": 0.6499999999999999, "ALL": 0.4, "MO": 0.85, "AMZN": 0.475, "AMCR": 0.42500000000000004, "AMD": 0.25, "AEE": 0.75, "AAL": 0.2, "AEP": 0.575, "AXP": 0.32499999999999996, "AMT": 0.15, "AWK": 0.32499999999999996, "ABC": 0.5, "AME": 0.32499999999999996, "AMGN": 0.75, "APH": 0.75, "ADI": 0.35, "ANSS": 0.25, "AON": 0.6, "APA": 0.75, "AAPL": 0.6499999999999999, "AMAT": 0.75, "APTV": 0.15, "ANET": 0.32499999999999996, "AJG": 0.5, "T": 0.5, "ATO": 0.42500000000000004, "ADSK": 0.32499999999999996, "AZO": 0.6, "AVB": 1.0, "AVY": 0.5, "BKR": 0.4, "BALL": 0.32499999999999996, "BAC": 0.6749999999999999, "BBWI": 0.85, "BAX": 0.5, "BDX": 0.42500000000000004, "BBY": 0.75, "BIO": 0.4, "TECH": 0.7, "BIIB": 0.5249999999999999, "BLK": 0.5, "BK": 0.35, "BA": 0.5, "BKNG": 0.32499999999999996, "BWA": 0.6749999999999999, "BSX": 0.15, "BMY": 0.9, "AVGO": 0.75, "BR": 0.15, "BRO": 0.5, "CHRW": 0.9, "CDNS": 0.5, "CZR": 0.5, "CPT": 0.75, "CPB": 0.75, "COF": 0.6749999999999999, "CAH": 0.4, "KMX": 0.25, "CCL": 0.5, "CARR": 0.75, "CTLT": 0.25, "CAT": 0.6, "CBOE": 0.5, "CBRE": 0.75, "CDW": 0.575, "CE": 0.425, "CNC": 0.35, "CNP": 0.9, "CDAY": 0.4, "CF": 0.75, "CRL": 0.375, "SCHW": 0.32499999999999996, "CHTR": 0.4, "CVX": 0.42500000000000004, "CMG": 0.5, "CHD": 0.15, "CI": 0.6749999999999999, "CTAS": 0.5, "CSCO": 0.85, "C": 0.5, "CFG": 0.65, "CLX": 0.32499999999999996, "CME": 0.15, "CMS": 0.65, "CTSH": 0.85, "CL": 0.35, "CMCSA": 0.25, "CMA": 0.425, "CAG": 0.65, "COP": 0.6, "ED": 0.35, "COO": 0.42500000000000004, "CPRT": 0.85, "GLW": 0.5, "CTVA": 0.25, "CSGP": 0.25, "COST": 0.5, "CTRA": 0.85, "CCI": 0.5, "CSX": 0.75, "CMI": 0.7, "CVS": 0.5, "DHI": 0.85, "DHR": 0.42500000000000004, "DRI": 0.6, "DVA": 0.4, "DAL": 0.6749999999999999, "XRAY": 0.5, "DVN": 0.75, "DXCM": 0.32499999999999996, "FANG": 0.85, "DFS": 0.575, "DISH": 0.4, "DIS": 0.15, "DG": 0.5, "DLTR": 0, "D": 0.25, "DPZ": 0.6, "DOV": 0.75, "DOW": 0.85, "DTE": 0.15, "DUK": 0.25, "DD": 0.6749999999999999, "DXC": 0.5, "EMN": 0.5249999999999999, "ETN": 0.25, "EBAY": 0.4, "ECL": 0.15, "EIX": 0.25, "EW": 0.5, "EA": 0.5, "ELV": 0.5, "LLY": 0.5, "EMR": 0.15, "ENPH": 0, "ETR": 0.35, "EOG": 0.5, "EPAM": 0.32499999999999996, "EQT": 0.5, "EFX": 0.15, "EQIX": 0.32499999999999996, "EQR": 1.0, "ESS": 0.25, "ETSY": 0.5, "EVRG": 0.85, "ES": 0.575, "EXC": 0.6749999999999999, "EXPE": 0.1, "EXR": 0.75, "XOM": 0.175, "FFIV": 0.2, "FDS": 0.5, "FAST": 0.5, "FRT": 0.6, "FDX": 0.5, "FSLR": 0.4, "FE": 0.25, "FIS": 0.5, "FISV": 0.35, "FLT": 0.4, "FMC": 0.3, "F": 0.5, "FTNT": 0.6, "FTV": 0.25, "BEN": 1.0, "FCX": 0.45, "GRMN": 0.6, "IT": 0.5, "GEN": 0.85, "GNRC": 0.25, "GD": 0.5, "GE": 0.35, "GIS": 0.35, "GM": 0.65, "GPC": 0.25, "GILD": 0.9, "GPN": 0.25, "GL": 0.32499999999999996, "GS": 0.5, "HAL": 0, "HAS": 0.25, "HCA": 1.0, "PEAK": 0.25, "HSIC": 0.65, "HSY": 0.5, "HES": 0.32499999999999996, "HPE": 0.65, "HLT": 0.25, "HOLX": 0.725, "HON": 0.32499999999999996, "HRL": 0.825, "HST": 0.7, "HWM": 0.15, "HPQ": 0.6749999999999999, "HUM": 0.75, "HBAN": 0.5, "HII": 0.6749999999999999, "IBM": 0.25, "IEX": 0.5, "IDXX": 0.5, "ITW": 0.7999999999999999, "ILMN": 0.25, "INCY": 0.15, "IR": 0.25, "INTC": 0.6749999999999999, "ICE": 0.25, "IFF": 0.5, "IP": 0.4, "INTU": 0.175, "ISRG": 0.5, "IVZ": 0.7000000000000001, "INVH": 0.4, "IQV": 0.175, "IRM": 0.4, "JBHT": 0.75, "JKHY": 0.5, "J": 0.4, "DE": 0.75, "JNJ": 0.75, "JCI": 0.25, "JPM": 0.6749999999999999, "JNPR": 0.5, "K": 0.4, "KDP": 0.4, "KEY": 0.4, "KEYS": 0.6499999999999999, "KMB": 0.75, "KMI": 0.4, "KLAC": 0.75, "KHC": 0.65, "KR": 0.5249999999999999, "LHX": 0.4, "LH": 0.6749999999999999, "LRCX": 0.75, "LW": 0.32499999999999996, "LVS": 0.3, "LDOS": 0.6749999999999999, "LIN": 0.32499999999999996, "LYV": 0.1, "LKQ": 0.85, "LMT": 0.75, "L": 0.575, "LOW": 0.85, "LUMN": 0.6749999999999999, "LYB": 0.85, "MTB": 0.5, "MRO": 0.85, "MPC": 0.85, "MAR": 0.5, "MMC": 0.5, "MLM": 0.25, "MAS": 1.0, "MA": 0.5, "MTCH": 0.6, "MKC": 0.25, "MCD": 0.6, "MCK": 0.25, "MDT": 0.6749999999999999, "MRK": 0.75, "META": 0.5, "MET": 0.15, "MTD": 0.5, "MGM": 0.4, "MCHP": 0.15, "MU": 0.85, "MSFT": 0.7999999999999999, "MRNA": 0.85, "MHK": 0.35, "MOH": 0.575, "TAP": 0.4, "MDLZ": 0.4, "MCO": 0.5, "MS": 0.35, "MSI": 0.5, "MSCI": 0.75, "NDAQ": 0.5, "NTAP": 0.9, "NFLX": 0.32499999999999996, "NWL": 0.4, "NEM": 0.4, "NWSA": 0.6749999999999999, "NWS": 0.525, "NEE": 0.5, "NKE": 0.5, "NI": 0.85, "NDSN": 0.5, "NSC": 0.6749999999999999, "NOC": 0.6499999999999999, "NCLH": 0.55, "NRG": 0.575, "NUE": 0.35, "NXPI": 0.75, "ORLY": 0.25, "ODFL": 0.65, "OMC": 0.575, "ON": 0.6749999999999999, "OKE": 0.3, "ORCL": 0.525, "OTIS": 0.6, "PKG": 0.75, "PARA": 0.575, "PH": 0.15, "PAYX": 0.5, "PAYC": 0.15, "PYPL": 0.35, "PNR": 0.575, "PEP": 0.6499999999999999, "PKI": 0.25, "PFE": 1.0, "PSX": 0.5, "PNW": 0.5, "PXD": 0.85, "PNC": 0.4, "POOL": 0.15, "PPG": 0.15, "PPL": 0.5750000000000001, "PFG": 0.575, "PG": 0.75, "PLD": 0.42500000000000004, "PRU": 0.25, "PTC": 0.15, "PEG": 0.15, "PSA": 0.75, "PHM": 0.85, "QRVO": 0.7, "QCOM": 0.75, "PWR": 0.35, "DGX": 0.85, "RL": 0.575, "RTX": 0.4, "REG": 0.7, "REGN": 0.575, "RSG": 0.35, "RMD": 0.175, "RHI": 0.75, "ROK": 0.32499999999999996, "ROL": 0.5, "ROP": 0.4, "ROST": 0.42500000000000004, "RCL": 0.3, "SPGI": 0.5, "CRM": 0.25, "SBAC": 0.25, "SLB": 0.15, "STX": 0.9, "SEE": 0.6, "SRE": 0.375, "NOW": 0.15, "SHW": 0.32499999999999996, "SPG": 0, "SWKS": 0.85, "SNA": 0.6749999999999999, "SO": 0.6, "LUV": 0.6749999999999999, "SWK": 0.5, "SBUX": 0.6, "STLD": 0.85, "STE": 0.1, "SYK": 0.15, "SYF": 0.6749999999999999, "SNPS": 0.5, "SYY": 0.175, "TMUS": 0.175, "TTWO": 0.5, "TPR": 0.75, "TRGP": 0.15, "TGT": 0.9, "TEL": 0.85, "TDY": 0.25, "TFX": 0.25, "TER": 0.75, "TSLA": 0.32499999999999996, "TXN": 0.6, "TXT": 0.5, "KO": 0.5, "EL": 0.35, "HD": 0.7000000000000001, "IPG": 0.575, "SJM": 0.5, "MOS": 0.85, "TRV": 0.49999999999999994, "TMO": 0.5, "TJX": 0.5, "TSCO": 0.5, "TT": 0.6499999999999999, "TDG": 0.25, "TRMB": 0.25, "TFC": 0.65, "TYL": 0.4, "UDR": 0.15, "ULTA": 0.5, "UNP": 0.6, "UAL": 0.5, "UPS": 0.6, "URI": 0.15, "UNH": 0.6, "UHS": 0.65, "VLO": 0.6749999999999999, "VTR": 0.55, "VRSK": 0.35, "VZ": 1.0, "VRTX": 0.32499999999999996, "VFC": 0.85, "VTRS": 0.5, "VICI": 0.25, "VMC": 0.3, "GWW": 0.75, "WAB": 0.35, "WBA": 0.5, "WMT": 0.55, "WBD": 0.5, "WM": 0.42500000000000004, "WAT": 0.5, "WEC": 0.6499999999999999, "WFC": 0.6749999999999999, "WELL": 0.25, "WST": 0.5, "WDC": 0.5, "WRK": 0.5, "WY": 0.6, "WHR": 0.4, "WMB": 0.15, "WTW": 0.5, "WYNN": 0.4, "XEL": 0.6, "XYL": 0.15, "YUM": 0.6, "ZBRA": 0.275, "ZBH": 0.4, "ZION": 0.2, "ZTS": 0.5}