{"MMM": 0.75, "AOS": 0.6, "ABT": 0.42500000000000004, "ABBV": 0.6749999999999999, "ACN": 0.32499999999999996, "ATVI": 0.32499999999999996, "ADM": 0.4, "ADBE": 0.5, "ADP": 0.15, "AAP": 0.35, "AFL": 0.9, "A": 0.45, "APD": 0.5, "AKAM": 0.35, "ALK": 0.85, "ALB": 0.525, "ARE": 0.85, "ALLE": 0.6, "LNT": 0.32499999999999996, "ALL": 0.85, "MO": 0.42500000000000004, "AMZN": 0.6749999999999999, "AMD": 0.15, "AEE": 0.15, "AAL": 0.6749999999999999, "AEP": 0.475, "AIG": 0.5, "AMT": 0.32499999999999996, "AWK": 0.475, "ABC": 0.3, "AME": 0.15, "AMGN": 0.75, "APH": 0.5249999999999999, "ADI": 0.75, "AON": 0.32499999999999996, "AAPL": 0.85, "AMAT": 0.75, "APTV": 0.32499999999999996, "ACGL": 0.6749999999999999, "AJG": 0.32499999999999996, "T": 0.5249999999999999, "ATO": 0.32499999999999996, "ADSK": 0.275, "AZO": 0.6, "AVB": 0.85, "AVY": 0.6499999999999999, "BAC": 0.6749999999999999, "BAX": 0.6, "BDX": 0.575, "TECH": 0.5249999999999999, "BIIB": 0.85, "BLK": 0.3, "BK": 0.85, "BA": 0.15, "BKNG": 0.42500000000000004, "BWA": 0.5, "BXP": 0.1, "BSX": 0.6499999999999999, "BMY": 0.475, "BR": 0.175, "BRO": 0, "CHRW": 0.32499999999999996, "CDNS": 0.6499999999999999, "CPT": 0.32499999999999996, "CPB": 0.15, "COF": 0.85, "CAH": 0.6749999999999999, "KMX": 0.15, "CCL": 0.85, "CTLT": 0.575, "CAT": 0.6, "CBOE": 0.6499999999999999, "CBRE": 0.75, "CDW": 0.15, "CE": 0.75, "CNC": 0.35, "CNP": 0.6749999999999999, "CF": 0.75, "CRL": 0.32499999999999996, "SCHW": 0.25, "CHTR": 0.675, "CVX": 0.85, "CHD": 0.32499999999999996, "CTAS": 0.7999999999999999, "CSCO": 0.35, "CME": 0.15, "CMS": 0.25, "CTSH": 0.42500000000000004, "CL": 0.55, "CMCSA": 0.5, "CAG": 0.525, "COP": 0.75, "ED": 0.85, "COO": 0.5, "CPRT": 0.32499999999999996, "GLW": 0.525, "CSGP": 0.5, "COST": 0.32499999999999996, "CTRA": 0.5, "CCI": 0.15, "CSX": 0.35, "CMI": 0.85, "CVS": 0.4, "DHI": 0.9, "DHR": 0.25, "DRI": 0.6, "DVA": 0.6749999999999999, "DAL": 0.35, "XRAY": 0.25, "DVN": 0.6749999999999999, "DXCM": 0.5, "FANG": 0.25, "DFS": 0.3, "DISH": 0.275, "DG": 0.32499999999999996, "DLTR": 0.4, "D": 0.475, "DPZ": 0.6, "DOV": 0.25, "DTE": 0.525, "DUK": 0.35, "EMN": 0.25, "ETN": 1.0, "EBAY": 0.6, "ECL": 0.32499999999999996, "EIX": 0.65, "EW": 0.35, "LLY": 0.475, "EMR": 0.35, "EOG": 0.15, "EPAM": 0.475, "EQT": 0.55, "EFX": 0.15, "EQIX": 0.42500000000000004, "EQR": 0.75, "ESS": 0.725, "ETSY": 0.475, "ES": 0.6, "EXC": 0.5249999999999999, "EXPE": 0.15, "EXR": 0.15, "XOM": 0.6, "FDS": 0.5, "FAST": 0.5249999999999999, "FRT": 0.15, "FDX": 0.6749999999999999, "FSLR": 0.5, "FE": 0.275, "FIS": 0.6749999999999999, "FLT": 0.15, "FMC": 0.15, "FTV": 0.75, "FCX": 0.35, "IT": 0.32499999999999996, "GEN": 0.85, "GNRC": 0.575, "GD": 0.85, "GE": 0.32499999999999996, "GPC": 0.75, "GILD": 0.35, "GPN": 0.15, "GS": 0.5, "HAL": 0.75, "HIG": 0.25, "HAS": 0.32499999999999996, "HCA": 0.85, "HSIC": 0.575, "HSY": 0.75, "HES": 0.575, "HPE": 0.85, "HLT": 0.3, "HOLX": 0, "HON": 0.15, "HRL": 0.32499999999999996, "HST": 0.85, "HPQ": 0.85, "HUM": 0.525, "HBAN": 0.5, "HII": 0.6499999999999999, "IBM": 0.75, "IEX": 0.15, "IDXX": 0.6, "ITW": 0.5, "ILMN": 0.475, "INCY": 0.475, "IR": 0.5, "INTC": 0.85, "ICE": 0, "IFF": 0.575, "IP": 0.2, "INTU": 0.15, "IVZ": 0.85, "INVH": 0.25, "IQV": 0.32499999999999996, "IRM": 0.6, "JBHT": 0.32499999999999996, "JNJ": 0.475, "JCI": 0.6749999999999999, "JNPR": 0.5, "K": 0.4, "KEYS": 0.42500000000000004, "KMB": 0.85, "KIM": 0.35, "KMI": 0.1, "KLAC": 0.575, "LH": 0.25, "LRCX": 1.0, "LW": 0.275, "LVS": 0.15, "LDOS": 0.6749999999999999, "LYV": 0.3, "LKQ": 0.5249999999999999, "LMT": 0.32499999999999996, "L": 0.6749999999999999, "LOW": 0.75, "LYB": 0.6499999999999999, "MTB": 0.85, "MRO": 0.85, "MPC": 0.25, "MKTX": 0.5, "MAR": 0.15, "MMC": 0.32499999999999996, "MLM": 0.75, "MAS": 1.0, "MA": 0.32499999999999996, "MTCH": 0.5249999999999999, "MKC": 0.4, "MCD": 0.6, "MCK": 0.5, "MDT": 0.525, "MRK": 0.75, "MTD": 0.5, "MGM": 0.4, "MCHP": 0.6749999999999999, "MU": 0.85, "MSFT": 0.15, "MHK": 0.5, "MOH": 0.725, "TAP": 0.35, "MCO": 0.32499999999999996, "MSI": 0.5750000000000001, "MSCI": 0.6, "NDAQ": 0.7, "NTAP": 0.1, "NFLX": 0.15, "NWL": 0.5, "NEM": 0.35, "NWSA": 0.5, "NWS": 0.5, "NEE": 0.6749999999999999, "NKE": 0.5, "NI": 0.425, "NDSN": 0.25, "NSC": 0.25, "NOC": 0.32499999999999996, "NCLH": 0.42500000000000004, "NRG": 0.75, "NUE": 0.6749999999999999, "NVDA": 0.6749999999999999, "ORLY": 0.32499999999999996, "OXY": 0.85, "ODFL": 0.6749999999999999, "OMC": 0.6499999999999999, "ON": 0.5, "OKE": 0.15, "ORCL": 0.2, "PKG": 0.475, "PH": 0.2, "PAYC": 0.15, "PNR": 0.42500000000000004, "PEP": 0.6499999999999999, "PKI": 0.25, "PFE": 0.85, "PM": 1.0, "PSX": 0.42500000000000004, "PNW": 0.42500000000000004, "PXD": 0.6, "POOL": 0.15, "PPG": 0.42500000000000004, "PPL": 0.575, "PFG": 0.35, "PG": 0.15, "PLD": 0.575, "PRU": 0.35, "PEG": 0.6499999999999999, "PSA": 0.7999999999999999, "PHM": 0.4, "QRVO": 0.6749999999999999, "QCOM": 0.475, "PWR": 0.35, "DGX": 0.525, "RL": 0.35, "O": 0.6749999999999999, "RSG": 0.4, "RMD": 0.49999999999999994, "RHI": 0.6, "ROK": 0.75, "ROP": 0.25, "RCL": 0.42500000000000004, "SPGI": 0.5, "CRM": 0.15, "SBAC": 0.42500000000000004, "SLB": 0, "SEE": 0.75, "SRE": 0.85, "NOW": 0.44999999999999996, "SHW": 0.4, "SNA": 0.6749999999999999, "SO": 0.15, "LUV": 0.6749999999999999, "SWK": 0.65, "SBUX": 0.32499999999999996, "STLD": 0.6749999999999999, "SYK": 0.75, "SYF": 0.625, "SNPS": 0.6499999999999999, "SYY": 0.5, "TMUS": 0.525, "TTWO": 0.475, "TPR": 0.85, "TRGP": 0.575, "TGT": 0.4, "TEL": 0.85, "TDY": 0.4, "TFX": 0.15, "TSLA": 0.5, "TXN": 0.5, "TXT": 0.6749999999999999, "KO": 0.6499999999999999, "EL": 0.15, "HD": 0.7000000000000001, "IPG": 0.75, "SJM": 0.6749999999999999, "MOS": 0.6749999999999999, "TRV": 0.15, "TMO": 0.35, "TSCO": 0.75, "TDG": 0.575, "TRMB": 0.85, "UDR": 0.32499999999999996, "UNP": 0.15, "UAL": 0.5, "UPS": 0.15, "URI": 0.4, "UNH": 0.75, "UHS": 0.35, "VLO": 0.25, "VTR": 0.25, "VRSK": 0.6499999999999999, "VZ": 0.32499999999999996, "VICI": 0.25, "VMC": 0.15, "GWW": 0.32499999999999996, "WAB": 0.25, "WBA": 0.6749999999999999, "WMT": 0.5, "WM": 0.32499999999999996, "WAT": 0.6499999999999999, "WELL": 0.6749999999999999, "WST": 0.6499999999999999, "WDC": 0.6749999999999999, "WY": 0.425, "WHR": 0.575, "WMB": 0.3, "WTW": 0.85, "WYNN": 0.6, "XEL": 0.5750000000000001, "XYL": 0.5, "YUM": 0.85, "ZBRA": 0.9, "ZBH": 0.4, "ZTS": 0.32499999999999996}