{"MMM": 0.75, "AOS": 0.35, "ABT": 0.5249999999999999, "ACN": 0.15, "ADM": 0.42500000000000004, "ADBE": 0.15, "AAP": 0.32499999999999996, "AFL": 0.85, "A": 0.85, "APD": 0.5750000000000001, "ALK": 0.85, "ALB": 0.75, "LNT": 0.85, "MO": 0, "AMZN": 0.5, "AMD": 0.6749999999999999, "AEE": 0.25, "AEP": 0.575, "AMT": 0.6499999999999999, "AWK": 0.15, "ABC": 0, "AME": 0.32499999999999996, "AMGN": 0.15, "APH": 0.425, "ADI": 0.32499999999999996, "ANSS": 0.5, "AON": 0.32499999999999996, "AMAT": 0.425, "AJG": 0.175, "T": 0.25, "AZO": 0.6, "AVY": 0.1, "BAC": 0.25, "BAX": 0.42500000000000004, "BDX": 0.75, "BBY": 0.5, "BIO": 0.5, "BIIB": 0.32499999999999996, "BLK": 0.15, "BK": 0.5, "BA": 0.3, "BWA": 0.6749999999999999, "BXP": 0.35, "BSX": 0.35, "BMY": 0.6499999999999999, "BR": 0.42500000000000004, "BRO": 0.42500000000000004, "CDNS": 0.32499999999999996, "CPB": 0.42500000000000004, "CAH": 0.35, "KMX": 0.15, "CCL": 0.6749999999999999, "CE": 0.75, "CNP": 0, "CF": 0.85, "CRL": 0.9, "SCHW": 0, "CVX": 0.9, "CB": 0.25, "CHD": 0.25, "CTAS": 0.525, "CSCO": 0.6749999999999999, "CLX": 0.75, "CME": 0.6749999999999999, "CMS": 0.32499999999999996, "CL": 0.725, "CMCSA": 0.525, "CMA": 0.25, "CAG": 0.6749999999999999, "COP": 0.85, "COO": 0.42500000000000004, "CPRT": 0.5249999999999999, "GLW": 0.85, "COST": 0.475, "CCI": 0.15, "CSX": 0.5, "CMI": 0.9, "DHI": 0.25, "DHR": 0.4, "DRI": 0.85, "DVA": 0.32499999999999996, "DAL": 0.6749999999999999, "XRAY": 0.49999999999999994, "DVN": 0.2, "DFS": 0.475, "DISH": 0.75, "DLTR": 0.75, "DOV": 0.6749999999999999, "DTE": 0.35, "DUK": 0.15, "EMN": 0.25, "EBAY": 0.2, "ECL": 0.15, "EA": 0.6, "LLY": 0.9, "EMR": 0.15, "ETR": 0.525, "EOG": 0.525, "EQT": 0.15, "EFX": 0.32499999999999996, "EQIX": 0.25, "EQR": 0.85, "ESS": 0.15, "EXC": 0.85, "EXPE": 0.15, "EXR": 0.25, "XOM": 0.75, "FDX": 0.525, "FSLR": 0.4, "FE": 0.6749999999999999, "FIS": 0.2, "FISV": 0.525, "FMC": 0.32499999999999996, "BEN": 0.85, "IT": 0.5, "GD": 0.6749999999999999, "GE": 0.15, "GIS": 0.25, "GILD": 0.42500000000000004, "GPN": 0.4, "HAL": 0.475, "HIG": 0.4, "HAS": 0.75, "HSIC": 0.25, "HSY": 0.32499999999999996, "HES": 0.575, "HOLX": 0.4, "HON": 0.3, "HRL": 0.5249999999999999, "HPQ": 0.5, "HUM": 0.35, "IBM": 0.75, "IEX": 0.25, "IDXX": 0.5, "ITW": 0.75, "INTC": 0.85, "IFF": 0.75, "IP": 0.2, "INTU": 0.3, "IVZ": 0.6499999999999999, "IRM": 0.275, "JBHT": 0.6499999999999999, "JKHY": 0, "JNJ": 0.15, "JCI": 0.6499999999999999, "JNPR": 0.25, "K": 0.25, "KMB": 0.32499999999999996, "KLAC": 0.32499999999999996, "KR": 0.35, "LH": 0.4, "LRCX": 0.25, "LVS": 0.15, "LKQ": 0.25, "LMT": 0.3, "L": 0.85, "LOW": 0.85, "MTB": 0.725, "MRO": 0.7, "MAR": 0.6, "MMC": 0.75, "MLM": 0.625, "MAS": 0.425, "MKC": 0.75, "MCD": 0.5, "MRK": 0.85, "MET": 0.35, "MTD": 0.5, "MGM": 0.4, "MU": 0.35, "MSFT": 0.4, "MAA": 0.7000000000000001, "MHK": 0.35, "TAP": 0.5, "MDLZ": 0.5, "MCO": 0.6, "MSI": 0.32499999999999996, "NDAQ": 0.7, "NWL": 0, "NEM": 0.575, "NEE": 0.6749999999999999, "NKE": 0.85, "NI": 0.2, "NDSN": 0.5, "NSC": 0.42500000000000004, "NOC": 0.85, "NRG": 0.725, "NUE": 0.25, "ORLY": 0.15, "OXY": 0.85, "ODFL": 0.6749999999999999, "OMC": 0.32499999999999996, "OKE": 0.15, "ORCL": 0.75, "PKG": 0.5, "PH": 0.675, "PNR": 0.35, "PEP": 0.75, "PKI": 0.575, "PFE": 0.75, "PM": 0.5, "PNW": 0.7999999999999999, "PXD": 0.3, "POOL": 0.3, "PPG": 0.9, "PG": 0.42500000000000004, "PEG": 0.6, "PSA": 0.6499999999999999, "PHM": 0.3, "PWR": 0.42500000000000004, "DGX": 0.525, "RJF": 0.75, "REGN": 0.4, "RSG": 0.1, "RMD": 0.7999999999999999, "RHI": 0.5, "ROK": 0.32499999999999996, "ROL": 0.275, "ROST": 0.75, "SBAC": 0.4, "SLB": 0.32499999999999996, "STX": 0.9, "SEE": 0.5249999999999999, "SRE": 0.75, "SHW": 0.25, "SPG": 0.6499999999999999, "SNA": 0.4, "SO": 0.7999999999999999, "LUV": 0.42500000000000004, "SWK": 1.0, "SBUX": 0.6, "STLD": 0.275, "SYK": 0.5, "SNPS": 0.45, "SYY": 0.32499999999999996, "TTWO": 0.4, "TEL": 0.85, "TDY": 0.9, "TFX": 0.575, "TER": 0.85, "TXN": 0.75, "KO": 0.85, "EL": 0.15, "HD": 0.575, "IPG": 0.75, "SJM": 0.75, "MOS": 0.85, "TRV": 0.15, "TMO": 0.42500000000000004, "TJX": 0.6499999999999999, "TDG": 0.475, "TRMB": 0.3, "USB": 0.75, "UNP": 1.0, "UAL": 0.4, "UPS": 0.475, "UNH": 0.25, "UHS": 0.35, "VLO": 0.25, "VTR": 0.6749999999999999, "VZ": 0.4, "VFC": 0.6749999999999999, "VMC": 0.55, "GWW": 0.5, "WAB": 0.42500000000000004, "WMT": 0.75, "WM": 0.275, "WEC": 0.575, "WST": 0.7, "WDC": 1.0, "WHR": 0.675, "WMB": 0, "WTW": 0.15, "WYNN": 0.5, "XEL": 0.175, "YUM": 0.5}