{"MMM": 0.6, "AOS": 0.85, "ABT": 0.5, "ACN": 0.175, "ADM": 0.4, "ADBE": 0, "AFL": 1.0, "A": 0.85, "APD": 0.32499999999999996, "ALK": 0.85, "ALB": 0.35, "ARE": 0.7000000000000001, "LNT": 1.0, "MO": 0.42500000000000004, "AMZN": 0.375, "AEE": 0.35, "AEP": 0.575, "AIG": 0.4, "AMT": 0.15, "AWK": 0.32499999999999996, "ABC": 0.175, "AME": 0.5, "AMGN": 0.15, "APH": 1.0, "ADI": 0.6499999999999999, "ANSS": 0.32499999999999996, "AON": 0.5, "AMAT": 0.575, "AJG": 0.32499999999999996, "T": 0.575, "ADSK": 0.15, "AZO": 0.6, "AVY": 0.525, "BAC": 0.25, "BAX": 0.575, "BDX": 0.75, "BBY": 0.3, "BIO": 0.35, "BIIB": 0.35, "BLK": 0.15, "BK": 0.5, "BA": 0.15, "BWA": 0.35, "BXP": 0.7000000000000001, "BSX": 0.5, "BMY": 0.5, "BR": 0.75, "BRO": 0.8500000000000001, "CHRW": 0.49999999999999994, "CPB": 0.42500000000000004, "CAH": 0.3, "KMX": 0, "CCL": 1.0, "CE": 0.6499999999999999, "CNC": 0.35, "CNP": 0.5750000000000001, "CF": 0.85, "CRL": 0.9, "SCHW": 0.25, "CVX": 0.85, "CB": 0.6, "CHD": 0.55, "CTAS": 0.35, "CSCO": 0.6749999999999999, "CLX": 0.175, "CME": 0.275, "CMS": 0.3, "CL": 0.725, "CMCSA": 0.35, "CMA": 0.4, "CAG": 0.5, "COP": 0.5249999999999999, "ED": 0.75, "COO": 0.32499999999999996, "CPRT": 0.825, "GLW": 0.6749999999999999, "COST": 0, "CCI": 0.3, "CSX": 0.6749999999999999, "CMI": 0.75, "DHI": 0.25, "DHR": 0.1, "DRI": 0.35, "DVA": 0.575, "DAL": 0.35, "XRAY": 0.6499999999999999, "DVN": 0.4, "DXCM": 0.575, "DFS": 0.5, "DISH": 0.32499999999999996, "DG": 0.42500000000000004, "DLTR": 0.5, "D": 0.3, "DPZ": 0.45, "DOV": 0.525, "DTE": 0.525, "DUK": 0.25, "EMN": 0.15, "EBAY": 0.5, "ECL": 0.5, "EA": 0.75, "LLY": 0.75, "EMR": 0.15, "ETR": 0.375, "EOG": 0.525, "EQT": 0.32499999999999996, "EFX": 0.32499999999999996, "EQIX": 0.275, "EQR": 0.575, "ESS": 0.475, "EXC": 0.35, "EXPE": 0.25, "EXR": 0.25, "XOM": 0.75, "FRT": 0.15, "FDX": 0.35, "FSLR": 0.5, "FE": 0.575, "FIS": 0.675, "FISV": 0.5, "FLT": 0.15, "FMC": 0.32499999999999996, "BEN": 0.7, "IT": 0.32499999999999996, "GNRC": 0.32499999999999996, "GD": 0.4, "GIS": 0.25, "GPC": 0.75, "GILD": 0.5, "GPN": 0.35, "HAL": 0.5, "HIG": 0.25, "HAS": 0, "HCA": 0.6749999999999999, "HSIC": 0.6749999999999999, "HSY": 0.35, "HES": 0.85, "HOLX": 0.55, "HON": 0, "HRL": 0.6749999999999999, "HPQ": 0.5, "HUM": 0.35, "HII": 0.4, "IBM": 0.75, "IEX": 0.4, "IDXX": 0.475, "ITW": 1.0, "ILMN": 0.32499999999999996, "INCY": 0.6, "INTC": 0.85, "IFF": 0.75, "IP": 0.42500000000000004, "INTU": 0.32499999999999996, "IVZ": 0.575, "IRM": 0.4, "JBHT": 0.5, "JKHY": 0.32499999999999996, "JNJ": 0.5, "JCI": 0.6499999999999999, "JNPR": 0.42500000000000004, "K": 0.475, "KMB": 0.75, "KLAC": 0.15, "KR": 0.575, "LH": 0.25, "LRCX": 0.42500000000000004, "LVS": 0.6499999999999999, "LYV": 0.55, "LKQ": 0.15, "LMT": 0.32499999999999996, "L": 0.725, "LOW": 0.75, "MTB": 0.575, "MRO": 0.85, "MPC": 0.5, "MAR": 0.75, "MMC": 0.75, "MLM": 0.75, "MAS": 0.3, "MKC": 0.9, "MCD": 0.32499999999999996, "MCK": 0.25, "MRK": 0.85, "MET": 0.1, "MTD": 0.65, "MGM": 0.4, "MU": 0.6749999999999999, "MSFT": 0.42500000000000004, "MAA": 0.85, "MHK": 0.35, "MOH": 0.35, "TAP": 0.675, "MDLZ": 0.25, "MCO": 0.175, "MSI": 0.32499999999999996, "MSCI": 0.5, "NDAQ": 1.0, "NTAP": 0.15, "NWL": 0.575, "NEM": 0.6749999999999999, "NEE": 1.0, "NKE": 0.6749999999999999, "NI": 0.35, "NDSN": 0.6, "NSC": 0.4, "NOC": 0.575, "NRG": 0.575, "NUE": 0.42500000000000004, "NXPI": 0.575, "ORLY": 0.32499999999999996, "OXY": 0.75, "ODFL": 0.75, "OMC": 0.32499999999999996, "OKE": 0.3, "ORCL": 0.75, "PKG": 0.475, "PH": 0.85, "PEP": 0.6, "PKI": 0.4, "PFE": 0.85, "PM": 0.7000000000000001, "PNW": 0.6499999999999999, "PXD": 0.15, "POOL": 0.3, "PPG": 0.6749999999999999, "PFG": 0.4, "PGR": 0.75, "PLD": 0.575, "PEG": 0.6, "PSA": 0.49999999999999994, "PWR": 0.6749999999999999, "DGX": 0.2, "RL": 0.75, "RJF": 0.85, "REGN": 0.32499999999999996, "RSG": 0.25, "RMD": 0.7999999999999999, "RHI": 0.6, "ROK": 0.32499999999999996, "ROST": 0.75, "RCL": 0.725, "SBAC": 0.4, "SLB": 0.32499999999999996, "STX": 0.75, "SEE": 0.4, "SRE": 0.175, "SHW": 0.25, "SPG": 0.15, "SNA": 0.675, "SO": 0.6499999999999999, "LUV": 0.525, "SWK": 0.85, "SBUX": 0.75, "STLD": 0.55, "SYK": 0.25, "SIVB": 0.15, "SNPS": 0.6, "SYY": 0.1, "TMUS": 0.375, "TTWO": 0.5, "TRGP": 0, "TEL": 0.75, "TDY": 0.6749999999999999, "TFX": 0.42500000000000004, "TER": 0.4, "TSLA": 0.575, "TXN": 0.5, "TXT": 0.35, "KO": 0.6499999999999999, "EL": 0.15, "HD": 0.42500000000000004, "IPG": 0.575, "SJM": 0.85, "MOS": 0.85, "TRV": 0.2, "TMO": 0.1, "TJX": 0.75, "TDG": 0.575, "TRMB": 0.25, "USB": 0.9, "UDR": 1.0, "UNP": 0.85, "UAL": 0.475, "UPS": 0.4, "URI": 0.15, "UNH": 0.42500000000000004, "VLO": 0.25, "VTR": 0.55, "VRSN": 0.6, "VRSK": 0.6499999999999999, "VZ": 0.6749999999999999, "VFC": 0.6749999999999999, "VMC": 0.1, "GWW": 0.32499999999999996, "WAB": 0.575, "WMT": 0.85, "WM": 0.42500000000000004, "WEC": 0.6, "WST": 1.0, "WDC": 0.35, "WHR": 0.5, "WMB": 0.15, "WTW": 0.4, "WYNN": 0.25, "XEL": 0.15, "XYL": 0.1, "YUM": 0.5}