{"MMM": 0.42500000000000004, "AOS": 0.6, "ABT": 0.32499999999999996, "ABBV": 0.6749999999999999, "ACN": 0.32499999999999996, "ATVI": 0.32499999999999996, "ADM": 0.6749999999999999, "ADBE": 0.5, "ADP": 0.15, "AAP": 0.525, "AES": 0.4, "AFL": 0.85, "A": 0.6499999999999999, "APD": 0.32499999999999996, "AKAM": 0.35, "ALK": 0.85, "ALB": 0.15, "ARE": 0.75, "ALGN": 0.5, "ALLE": 0.75, "LNT": 0.6499999999999999, "ALL": 0.75, "MO": 0.25, "AMZN": 0.6749999999999999, "AMCR": 0.42500000000000004, "AMD": 0, "AEE": 0.15, "AAL": 0.35, "AEP": 0.32499999999999996, "AXP": 0.32499999999999996, "AMT": 0.32499999999999996, "AWK": 0, "ABC": 0.5, "AME": 0.15, "AMGN": 0.6, "APH": 0.5249999999999999, "ADI": 0.85, "ANSS": 0.6499999999999999, "AON": 0.5, "AAPL": 0.6, "AMAT": 0.6, "APTV": 0.15, "ACGL": 0.85, "ANET": 0.6749999999999999, "AJG": 0.32499999999999996, "AIZ": 0.4, "T": 0.525, "ATO": 0.25, "ADSK": 0.25, "AZO": 0.575, "AVB": 0.35, "AVY": 0.6499999999999999, "BAC": 0.5249999999999999, "BAX": 0.5, "BDX": 0.1, "BBY": 0.75, "BIO": 0.75, "TECH": 0.6749999999999999, "BIIB": 0.85, "BLK": 0.32499999999999996, "BK": 0.6749999999999999, "BA": 0.4, "BKNG": 0.75, "BWA": 0.5, "BXP": 0.25, "BSX": 0.85, "BMY": 0.4, "AVGO": 0.525, "BR": 0.6499999999999999, "BRO": 0.32499999999999996, "CHRW": 0.32499999999999996, "CDNS": 0.6499999999999999, "CZR": 0.475, "CPT": 0.725, "CPB": 0.25, "COF": 1.0, "CAH": 0.4, "KMX": 0.25, "CCL": 0.7, "CTLT": 0.15, "CAT": 0.9, "CBOE": 0.6499999999999999, "CBRE": 0.75, "CDW": 0.475, "CE": 0.9, "CNC": 0.35, "CNP": 0.85, "CDAY": 0.25, "CF": 0.6749999999999999, "CRL": 0.32499999999999996, "SCHW": 0.25, "CHTR": 0.5750000000000001, "CVX": 0.42500000000000004, "CMG": 0.3, "CHD": 0.6499999999999999, "CI": 0.6749999999999999, "CTAS": 0.7999999999999999, "C": 0.5, "CLX": 0.32499999999999996, "CME": 0.15, "CMS": 0.32499999999999996, "CTSH": 0.42500000000000004, "CL": 0.5, "CMCSA": 0.675, "CMA": 0.4, "CAG": 0.525, "COP": 0.9, "ED": 0.85, "COO": 0.525, "CPRT": 0.32499999999999996, "GLW": 0.5249999999999999, "CSGP": 0.85, "COST": 0.32499999999999996, "CTRA": 0.75, "CCI": 0.32499999999999996, "CSX": 0.35, "CMI": 0.85, "CVS": 0.5, "DHI": 0.6749999999999999, "DHR": 0.475, "DRI": 0.44999999999999996, "DVA": 0.575, "DAL": 0.35, "XRAY": 0.25, "DVN": 0.5249999999999999, "DXCM": 0.32499999999999996, "FANG": 0.4, "DFS": 0.15, "DISH": 0.6749999999999999, "DIS": 0.4, "DG": 0.175, "DLTR": 0.42500000000000004, "D": 0.6, "DPZ": 0.42500000000000004, "DOV": 0.25, "DOW": 0.575, "DTE": 0.25, "DUK": 0.85, "DD": 0.525, "DXC": 0.5, "EMN": 0.25, "ETN": 0.6749999999999999, "EBAY": 0.75, "ECL": 0.5, "EIX": 0.5, "EW": 0.825, "EA": 0.5, "LLY": 0.75, "EMR": 0.475, "ENPH": 0.475, "ETR": 0.75, "EOG": 0.75, "EPAM": 0.15, "EQT": 0.4, "EFX": 0.475, "EQIX": 0.15, "EQR": 1.0, "ESS": 0.42500000000000004, "ETSY": 0.32499999999999996, "EVRG": 0.1, "ES": 0.15, "EXC": 0.85, "EXPE": 0.25, "EXPD": 0.32499999999999996, "EXR": 0.32499999999999996, "XOM": 0.7000000000000001, "FFIV": 0.25, "FDS": 0.175, "FAST": 0.35, "FRT": 0.625, "FDX": 0.5, "FSLR": 0.725, "FE": 0.4, "FIS": 0.35, "FISV": 0.35, "FLT": 0.55, "FMC": 0.3, "F": 0.2, "FTNT": 0.6749999999999999, "FTV": 0.42500000000000004, "BEN": 0.85, "FCX": 0.175, "GRMN": 0.575, "IT": 0.725, "GNRC": 0.32499999999999996, "GD": 0.85, "GE": 0.15, "GIS": 0.5249999999999999, "GM": 0.6749999999999999, "GPC": 0.85, "GILD": 0.85, "GPN": 0.4, "GL": 0.5750000000000001, "GS": 0.5, "HAL": 0.15, "HIG": 0.5, "HAS": 0.475, "HCA": 0.6749999999999999, "PEAK": 0.525, "HSIC": 0.575, "HSY": 0.32499999999999996, "HES": 0.625, "HPE": 0.5249999999999999, "HLT": 0.4, "HOLX": 0.75, "HON": 0.32499999999999996, "HRL": 0.42500000000000004, "HST": 0.5249999999999999, "HWM": 0.5249999999999999, "HPQ": 0.7, "HUM": 0.35, "HBAN": 0.42500000000000004, "HII": 0.65, "IBM": 0.85, "IEX": 0.32499999999999996, "IDXX": 0.5, "ITW": 0.32499999999999996, "ILMN": 0.32499999999999996, "INCY": 0.32499999999999996, "IR": 0.425, "INTC": 0.85, "ICE": 0.175, "IFF": 0.75, "IP": 0.525, "INTU": 0.475, "ISRG": 0.675, "IVZ": 0.7, "INVH": 0.425, "IQV": 0.32499999999999996, "IRM": 0.275, "JBHT": 0.45, "JKHY": 0.15, "J": 0.25, "JNJ": 0.175, "JCI": 0.5249999999999999, "JPM": 0.75, "JNPR": 0.6749999999999999, "K": 0.25, "KEYS": 0.575, "KMB": 0.85, "KIM": 0.2, "KMI": 0.42500000000000004, "KLAC": 0.475, "KHC": 0.6749999999999999, "KR": 0.25, "LHX": 0.55, "LH": 0.42500000000000004, "LRCX": 0.75, "LW": 0.55, "LVS": 0.6, "LDOS": 0.85, "LIN": 0.42500000000000004, "LYV": 0.44999999999999996, "LKQ": 0.85, "LMT": 0.475, "L": 0.525, "LOW": 0.75, "LUMN": 0.6749999999999999, "LYB": 0.9, "MTB": 1.0, "MRO": 0.55, "MPC": 0.25, "MKTX": 0.5, "MAR": 0.15, "MMC": 0.5, "MLM": 0.9, "MAS": 0.85, "MA": 0.65, "MTCH": 0.32499999999999996, "MKC": 0.75, "MCD": 0.6, "MCK": 0.4, "MDT": 0.675, "MRK": 0.6, "MET": 0.25, "MTD": 0.5, "MGM": 0.5249999999999999, "MCHP": 0.35, "MU": 0.6749999999999999, "MSFT": 0.5, "MRNA": 0.4, "MHK": 0.65, "TAP": 0.6749999999999999, "MDLZ": 0.1, "MNST": 0.6499999999999999, "MCO": 0.32499999999999996, "MSI": 0.525, "MSCI": 0.42500000000000004, "NDAQ": 0.85, "NTAP": 0.6, "NFLX": 0.5, "NWL": 0.375, "NEM": 0.6749999999999999, "NWSA": 0.25, "NWS": 0.25, "NEE": 0.5249999999999999, "NKE": 0.32499999999999996, "NI": 0.5, "NDSN": 0.6, "NSC": 0.4, "NOC": 0.3, "NCLH": 0.35, "NRG": 0.49999999999999994, "NUE": 0.2, "NVDA": 0.6749999999999999, "NXPI": 0.525, "ORLY": 0.5, "OXY": 0.35, "ODFL": 0.5, "OMC": 0.575, "ON": 0.375, "OKE": 0.32499999999999996, "ORCL": 0.575, "PKG": 0.475, "PH": 0.42500000000000004, "PAYX": 0, "PAYC": 0.15, "PYPL": 0.15, "PNR": 0.42500000000000004, "PEP": 0.5, "PKI": 0.15, "PFE": 0.7, "PM": 0.7000000000000001, "PSX": 0.4, "PNW": 0.5750000000000001, "PXD": 0.75, "POOL": 0.6499999999999999, "PPG": 0.42500000000000004, "PPL": 0.725, "PFG": 0.4, "PG": 0.32499999999999996, "PLD": 0.475, "PRU": 0.65, "PTC": 0.475, "PEG": 0.575, "PSA": 0.6499999999999999, "PHM": 0.575, "QCOM": 0.75, "PWR": 0.7, "DGX": 0.5, "RL": 0.85, "RTX": 0.5, "O": 0.575, "RSG": 0.42500000000000004, "RMD": 0.6499999999999999, "ROK": 0.65, "ROL": 0.5, "ROP": 0.9, "ROST": 0.5, "RCL": 0.6749999999999999, "SPGI": 0.32499999999999996, "CRM": 0.4, "SBAC": 0.25, "SLB": 0.25, "STX": 0.6, "SEE": 0.5249999999999999, "SRE": 0.8500000000000001, "NOW": 0.65, "SHW": 0.25, "SWKS": 0.6749999999999999, "SNA": 0.6749999999999999, "SEDG": 0.7999999999999999, "SO": 0.25, "LUV": 0.5249999999999999, "SWK": 0.5, "SBUX": 0.25, "STLD": 0.425, "STE": 0.25, "SYK": 0.15, "SYF": 0.15, "SNPS": 0.475, "SYY": 0.3, "TMUS": 0.525, "TTWO": 0.32499999999999996, "TPR": 0.575, "TRGP": 0.15, "TGT": 0.15, "TEL": 0.35, "TDY": 0.4, "TFX": 0.15, "TER": 0.5, "TSLA": 0.15, "TXN": 0.32499999999999996, "TXT": 0.5249999999999999, "KO": 0.7999999999999999, "EL": 0.3, "HD": 0.7000000000000001, "IPG": 0.7, "SJM": 0.5, "MOS": 0.35, "TRV": 0.3, "TMO": 0.15, "TJX": 0.5, "TSCO": 0.75, "TT": 1.0, "TDG": 0.35, "TRMB": 0.5249999999999999, "TFC": 0.5, "TYL": 0.15, "UDR": 0.6499999999999999, "ULTA": 0.5, "UNP": 0.475, "UAL": 0.6749999999999999, "UPS": 0.3, "URI": 0.4, "UNH": 1.0, "UHS": 0.6749999999999999, "VLO": 0.42500000000000004, "VTR": 0.525, "VRSK": 0.65, "VZ": 0.75, "VRTX": 0.175, "VFC": 0.44999999999999996, "VICI": 0.1, "VMC": 0.32499999999999996, "GWW": 0.32499999999999996, "WAB": 0.42500000000000004, "WBA": 0.525, "WMT": 0.525, "WM": 0.15, "WAT": 0.75, "WFC": 0.7, "WELL": 0.825, "WST": 0.5, "WDC": 0.5249999999999999, "WRK": 0.4, "WHR": 0.5, "WMB": 0.5, "WYNN": 0.25, "XEL": 0.25, "XYL": 0, "ZBRA": 0.6, "ZBH": 0.675, "ZTS": 0.5}