{"MMM": 0.6, "AOS": 0.5, "ABT": 0.525, "ACN": 0.5, "ATVI": 0.25, "ADM": 0.25, "ADBE": 0.475, "AAP": 0.25, "AFL": 0.85, "A": 0.85, "APD": 0.32499999999999996, "ALK": 0.85, "ALB": 0.85, "ARE": 0.5249999999999999, "LNT": 0.85, "ALL": 0.7, "MO": 0.25, "AMZN": 0.6749999999999999, "AEE": 0.42500000000000004, "AAL": 0.25, "AEP": 0.32499999999999996, "AIG": 0.35, "AMT": 0.32499999999999996, "AWK": 0.32499999999999996, "ABC": 0.15, "AME": 0.15, "AMGN": 0.32499999999999996, "APH": 0.85, "ADI": 0.575, "AON": 0.5, "AAPL": 0.6749999999999999, "AMAT": 0.15, "AJG": 0.5, "T": 0.85, "ATO": 0.15, "AZO": 0.75, "AVB": 0.85, "AVY": 0.25, "BAC": 0.35, "BAX": 0.725, "BDX": 0.75, "BBY": 0.65, "BIO": 0.85, "BIIB": 0.5, "BLK": 0.15, "BK": 0.5, "BA": 0.15, "BWA": 0.15, "BXP": 0.35, "BSX": 0.4, "BMY": 0.32499999999999996, "BR": 0.75, "BRO": 0.7000000000000001, "CHRW": 0.5, "CPB": 0.575, "CAH": 0.3, "KMX": 0.25, "CCL": 0.6749999999999999, "CDW": 0, "CE": 0.75, "CNC": 0.5, "CNP": 0.25, "CF": 0.85, "CRL": 0.575, "SCHW": 0.32499999999999996, "CHTR": 0.625, "CVX": 0.85, "CHD": 0.4, "CTAS": 0.75, "CSCO": 1.0, "CLX": 0.175, "CME": 0.25, "CMS": 0.475, "CL": 0.5, "CMCSA": 0.525, "CMA": 0.25, "CAG": 0.5, "COP": 1.0, "COO": 0.42500000000000004, "CPRT": 1.0, "GLW": 0.25, "CSGP": 0.5249999999999999, "COST": 0.15, "CCI": 0.475, "CSX": 0.825, "CMI": 0.75, "CVS": 0.4, "DHI": 0.575, "DHR": 0.575, "DRI": 0.2, "DVA": 0.1, "DAL": 0.75, "XRAY": 0.85, "DVN": 0.4, "DXCM": 0.25, "FANG": 0.15, "DFS": 0.475, "DISH": 0.32499999999999996, "DG": 0.275, "DLTR": 0.6499999999999999, "D": 0.175, "DPZ": 0.8500000000000001, "DOV": 0.35, "DTE": 0.375, "DUK": 0.4, "EMN": 0.575, "ETN": 0.6749999999999999, "EBAY": 0.85, "ECL": 0.475, "EIX": 0.6, "EW": 0.6749999999999999, "EA": 0.475, "LLY": 0.5, "EMR": 0.75, "ENPH": 0.3, "ETR": 0.525, "EOG": 0.35, "EQT": 0.15, "EFX": 0.15, "EQIX": 0.25, "EQR": 1.0, "EXC": 0.6749999999999999, "EXPE": 0.32499999999999996, "EXR": 0.42500000000000004, "XOM": 0.75, "FRT": 0.3, "FDX": 0.6749999999999999, "FSLR": 0.6749999999999999, "FE": 0.35, "FIS": 0.35, "FISV": 0.25, "FLT": 0.32499999999999996, "FMC": 0.15, "IT": 0.5, "GNRC": 0.32499999999999996, "GD": 0.6749999999999999, "GIS": 0.1, "GPC": 0.75, "GILD": 0.5, "GPN": 0.35, "HAL": 0.5, "HIG": 0.42500000000000004, "HAS": 0.75, "HCA": 0.525, "HSIC": 0.5249999999999999, "HSY": 0.32499999999999996, "HES": 0.85, "HOLX": 0.4, "HON": 0.15, "HRL": 1.0, "HPQ": 0.6749999999999999, "HUM": 0.5, "HII": 0.5, "IBM": 0.75, "IEX": 0.15, "IDXX": 0.5, "ITW": 0.75, "ILMN": 0.5, "INCY": 0.4, "INTC": 0.85, "IFF": 0.7999999999999999, "IP": 0.5, "IVZ": 0.75, "IRM": 0.275, "JBHT": 0.5, "JKHY": 0.15, "JNJ": 0.42500000000000004, "JCI": 0.6499999999999999, "JNPR": 0.25, "K": 0.75, "KMB": 0.75, "KLAC": 0.15, "KR": 0.4, "LH": 0.4, "LRCX": 0.42500000000000004, "LVS": 0.15, "LDOS": 0.42500000000000004, "LYV": 0.475, "LKQ": 0.25, "LMT": 0.15, "L": 0.575, "LOW": 0.75, "MRO": 0.85, "MPC": 0.5249999999999999, "MAR": 0.6749999999999999, "MMC": 0.75, "MLM": 0.49999999999999994, "MAS": 0.25, "MKC": 0.575, "MCD": 0.5, "MCK": 0.15, "MRK": 0.75, "MET": 0.25, "MTD": 0.5, "MGM": 0.4, "MCHP": 0.525, "MU": 0.49999999999999994, "MSFT": 0.25, "MHK": 0.35, "MOH": 0.5, "TAP": 0.35, "MCO": 0.32499999999999996, "MSI": 0.15, "MSCI": 0.475, "NDAQ": 0.85, "NTAP": 0.42500000000000004, "NFLX": 0.2, "NWL": 0.75, "NEM": 0.5, "NEE": 0.65, "NKE": 0.85, "NI": 0.825, "NDSN": 0.42500000000000004, "NSC": 0.4, "NOC": 0.4, "NRG": 0.4, "NUE": 0.25, "NVDA": 0.5, "NXPI": 0.175, "ORLY": 0.32499999999999996, "OXY": 0.85, "ODFL": 0.6, "OMC": 0.35, "OKE": 0.3, "ORCL": 0.75, "PKG": 0.32499999999999996, "PH": 0.525, "PNR": 0.575, "PEP": 0.75, "PKI": 0.25, "PFE": 0.85, "PM": 0.7000000000000001, "PSX": 0.575, "PNW": 0.75, "PXD": 0.3, "POOL": 0.4, "PPG": 0.525, "PFG": 0.725, "PG": 0.42500000000000004, "PGR": 0.75, "PLD": 0.575, "PRU": 0.25, "PTC": 0.6499999999999999, "PEG": 0.6499999999999999, "PSA": 0.75, "PWR": 0.85, "DGX": 0.6749999999999999, "RL": 0.9, "RJF": 0.575, "REGN": 0.32499999999999996, "RSG": 0.6749999999999999, "RMD": 0.75, "RHI": 0.42500000000000004, "ROK": 0.32499999999999996, "ROP": 0.15, "ROST": 0.6, "RCL": 0.25, "SBAC": 0.3, "SLB": 0.5, "STX": 0.75, "SEE": 0.1, "SRE": 0.275, "SHW": 0.6, "SPG": 0.65, "SNA": 0.42500000000000004, "SO": 0.7999999999999999, "LUV": 0.42500000000000004, "SWK": 0.35, "SBUX": 0.32499999999999996, "STLD": 0.42500000000000004, "SYK": 0.5, "SIVB": 0.3, "SNPS": 0.6749999999999999, "SYY": 0.6, "TMUS": 0.35, "TTWO": 0.4, "TRGP": 0, "TEL": 0.85, "TDY": 0.85, "TFX": 0.42500000000000004, "TER": 0.25, "TSLA": 0.4, "TXN": 0.75, "TXT": 0.35, "KO": 0.6499999999999999, "EL": 0.15, "HD": 0.4, "IPG": 0.5, "SJM": 0.85, "TRV": 0.85, "TMO": 0.25, "TJX": 0.49999999999999994, "TDG": 0.425, "TRMB": 0.32499999999999996, "UDR": 0.1, "UNP": 0.85, "UAL": 0.42500000000000004, "UPS": 0.5, "URI": 0.15, "VLO": 0.1, "VTR": 0.85, "VRSN": 0.85, "VRSK": 0.7999999999999999, "VZ": 0.675, "VFC": 0.32499999999999996, "VMC": 0.25, "GWW": 0.5, "WAB": 0.32499999999999996, "WMT": 0.825, "WM": 0.3, "WEC": 0.6, "WST": 0.85, "WDC": 0.4, "WHR": 0.35, "WTW": 0.25, "WYNN": 0.42500000000000004, "XEL": 0.15, "XYL": 0.25, "YUM": 0.5}