{"MMM": 0.9, "AOS": 0.6, "ABT": 0.32499999999999996, "ABBV": 0.25, "ACN": 0, "ATVI": 0.475, "ADM": 0.5, "ADBE": 0.5, "ADP": 0.15, "AAP": 0.25, "AES": 0.4, "AFL": 0.6749999999999999, "A": 0.5, "APD": 0.5, "AKAM": 0.6749999999999999, "ALK": 0.5, "ALB": 0.15, "ARE": 0.25, "ALGN": 0.5, "ALLE": 0.6499999999999999, "LNT": 0.5, "ALL": 0.15, "MO": 0.35, "AMZN": 0.7, "AMCR": 0.25, "AMD": 0.5, "AEE": 0.65, "AAL": 0.4, "AEP": 0.725, "AXP": 0.5, "AMT": 0.5, "AWK": 0.32499999999999996, "ABC": 0.55, "AME": 0.6, "AMGN": 0.75, "APH": 1.0, "ADI": 0.25, "ANSS": 0.25, "AON": 0.5, "AAPL": 0.6499999999999999, "AMAT": 0.9, "APTV": 0.15, "ANET": 0.32499999999999996, "AJG": 0.5, "T": 0.6749999999999999, "ATO": 0.75, "ADSK": 0.32499999999999996, "AZO": 0.45, "AVB": 0.85, "AVY": 0.49999999999999994, "BAC": 0.65, "BBWI": 0.85, "BAX": 0.15, "BDX": 0.25, "BBY": 0.75, "BIO": 0.4, "TECH": 0.6749999999999999, "BIIB": 0.35, "BLK": 0.35, "BK": 0.5, "BA": 0.5, "BKNG": 0.32499999999999996, "BWA": 0.35, "BXP": 0.575, "BSX": 0.4, "BMY": 0.725, "AVGO": 0.15, "BR": 0, "BRO": 0.5, "CHRW": 0.575, "CDNS": 0.5, "CZR": 0.5, "CPT": 0.5, "CPB": 0.575, "COF": 0.7, "CAH": 0.55, "KMX": 0.3, "CCL": 0.65, "CARR": 0.55, "CTLT": 0.25, "CAT": 0.575, "CBOE": 0.35, "CBRE": 0.75, "CDW": 0.425, "CE": 0.75, "CNC": 0.5, "CNP": 0.425, "CDAY": 0.4, "CF": 0.75, "CRL": 0.42500000000000004, "SCHW": 0, "CHTR": 0.32499999999999996, "CVX": 1.0, "CMG": 0.35, "CHD": 0.6499999999999999, "CI": 0.5, "CTAS": 0.35, "CSCO": 0.85, "C": 0.35, "CFG": 0.825, "CLX": 0.32499999999999996, "CME": 0.15, "CMS": 0.15, "CTSH": 0.85, "CL": 0.5, "CMCSA": 0.85, "CAG": 0.5, "COP": 0.9, "ED": 0.35, "COO": 0.75, "CPRT": 0.825, "GLW": 0.825, "CTVA": 0.35, "CSGP": 0.25, "COST": 0.5, "CTRA": 0.275, "CCI": 0.15, "CSX": 0.15, "CMI": 0.85, "CVS": 0.5, "DHI": 0.85, "DHR": 0.5, "DRI": 0.15, "DVA": 0.4, "DAL": 0.5750000000000001, "XRAY": 0.5, "DVN": 0.75, "DXCM": 0.25, "FANG": 0.85, "DFS": 0.75, "DISH": 0.25, "DIS": 0.15, "DG": 0.5, "DLTR": 0, "D": 0.575, "DPZ": 0.45, "DOV": 0.75, "DOW": 0.85, "DTE": 0.32499999999999996, "DUK": 0.55, "DD": 0.85, "DXC": 0.5, "EMN": 0.25, "ETN": 0.42500000000000004, "EBAY": 0.65, "ECL": 0.32499999999999996, "EIX": 0.1, "EW": 0.5, "EA": 0.5, "LLY": 0.5, "EMR": 0, "ENPH": 0.15, "EOG": 0.75, "EPAM": 0.5, "EQT": 0.425, "EFX": 0.32499999999999996, "EQIX": 0, "EQR": 0.85, "ESS": 0.6, "ETSY": 0.5, "EVRG": 0.85, "ES": 0.6, "EXC": 0.525, "EXPE": 0.3, "EXPD": 0.575, "EXR": 0.425, "XOM": 0.5249999999999999, "FFIV": 0.42500000000000004, "FDS": 0.5, "FAST": 0.35, "FRT": 0.75, "FDX": 0.5, "FSLR": 0.35, "FE": 0.75, "FIS": 0.35, "FISV": 0.35, "FLT": 0.25, "FMC": 0.15, "F": 0.65, "FTNT": 0.725, "FTV": 0.42500000000000004, "BEN": 0.85, "FCX": 0.575, "GRMN": 0.32499999999999996, "IT": 0.6499999999999999, "GNRC": 0.175, "GD": 0.5, "GE": 0.4, "GIS": 0.35, "GM": 0.5, "GPC": 0.15, "GILD": 0.85, "GPN": 0.35, "GL": 0.6, "GS": 0.5, "HAL": 0.32499999999999996, "HCA": 0.85, "PEAK": 0.4, "HSIC": 0.6749999999999999, "HSY": 0.5, "HES": 0.32499999999999996, "HPE": 0.65, "HLT": 0.42500000000000004, "HOLX": 0.9, "HON": 0.65, "HRL": 0.6, "HST": 0.4, "HWM": 0.25, "HPQ": 0.85, "HUM": 0.4, "HBAN": 0.4, "HII": 0.35, "IBM": 0.6749999999999999, "IEX": 0.5, "IDXX": 0.5, "ITW": 0.5, "ILMN": 0.42500000000000004, "INCY": 0.475, "IR": 0.25, "INTC": 1.0, "ICE": 0.25, "IFF": 0.25, "IP": 0.4, "INTU": 0.35, "ISRG": 0.32499999999999996, "IVZ": 0.825, "INVH": 0.25, "IQV": 0.175, "IRM": 0.4, "JBHT": 0.6, "JKHY": 0.5, "J": 0.25, "DE": 0.575, "JNJ": 0.75, "JCI": 0.5, "JPM": 0.4, "JNPR": 0.35, "K": 0.575, "KDP": 0.4, "KEY": 0.65, "KEYS": 0.75, "KMB": 0.6499999999999999, "KMI": 0.25, "KLAC": 0.15, "KHC": 0.35, "KR": 0.5, "LHX": 0.2, "LH": 0.85, "LRCX": 0.75, "LW": 0.6, "LVS": 0.3, "LDOS": 0.5, "LIN": 0.32499999999999996, "LYV": 0.5, "LKQ": 0.6749999999999999, "LMT": 0.9, "L": 0.6749999999999999, "LOW": 0.85, "LUMN": 0.5, "LYB": 0.85, "MTB": 0.15, "MRO": 0.5249999999999999, "MPC": 0.85, "MAR": 0.15, "MMC": 0.5, "MLM": 0.25, "MAS": 0.525, "MA": 0.5, "MTCH": 0.45, "MKC": 0.15, "MCD": 0.6, "MCK": 0.25, "MDT": 0.25, "MRK": 0.575, "MET": 0.5, "MTD": 0.35, "MGM": 0.5, "MCHP": 0.35, "MU": 0.85, "MSFT": 0.5, "MAA": 0.42500000000000004, "MRNA": 0.6, "MHK": 0.6749999999999999, "MOH": 0.4, "TAP": 0.5, "MDLZ": 0.4, "MCO": 0.5, "MS": 0.3, "MSI": 0.575, "MSCI": 0.45, "NDAQ": 0.75, "NTAP": 0.4, "NFLX": 0.6499999999999999, "NWL": 0.65, "NEM": 0.35, "NWSA": 0.35, "NWS": 0.25, "NEE": 0.35, "NKE": 0.175, "NI": 0.5249999999999999, "NDSN": 0.35, "NSC": 0.85, "NOC": 0.75, "NCLH": 0.55, "NRG": 0.75, "NUE": 0.6749999999999999, "NVDA": 0.32499999999999996, "NXPI": 0.75, "ORLY": 0.42500000000000004, "OXY": 0.42500000000000004, "ODFL": 0.5, "OMC": 0.575, "ON": 0.6749999999999999, "ORCL": 0.75, "OTIS": 0.5750000000000001, "PKG": 0.6, "PARA": 0.6749999999999999, "PH": 0.5249999999999999, "PAYX": 0.5, "PAYC": 0.15, "PYPL": 0.5, "PNR": 0.85, "PEP": 0.5, "PKI": 0.35, "PFE": 0.6749999999999999, "PM": 0.85, "PSX": 0.25, "PNW": 0.85, "PXD": 0.5750000000000001, "PNC": 0.25, "POOL": 0.15, "PPG": 0.475, "PPL": 0.35, "PFG": 0.5, "PG": 0.6499999999999999, "PLD": 0.75, "PRU": 0.6749999999999999, "PTC": 0.575, "PEG": 0.4, "PSA": 0.6499999999999999, "PHM": 0.85, "QRVO": 0.85, "QCOM": 0.6, "PWR": 0.25, "DGX": 0.85, "RL": 0.425, "RTX": 0.25, "REG": 0.6749999999999999, "REGN": 0.85, "RSG": 0.15, "RMD": 0.7, "RHI": 0.75, "ROK": 0.6499999999999999, "ROL": 0.5, "ROP": 0.25, "ROST": 0.575, "RCL": 0.4, "SPGI": 0.5, "CRM": 0.1, "SBAC": 0.1, "SLB": 0.15, "STX": 0.9, "SEE": 0.6499999999999999, "SRE": 0.675, "NOW": 0, "SHW": 0.3, "SPG": 0.15, "SWKS": 0.85, "SNA": 0.825, "SEDG": 0.15, "SO": 0.25, "LUV": 0.5, "SWK": 0.6749999999999999, "SBUX": 0.6, "STLD": 0.85, "STE": 0.25, "SYK": 0.15, "SYF": 0.6, "SNPS": 0.15, "SYY": 0.32499999999999996, "TMUS": 0.32499999999999996, "TTWO": 0.35, "TPR": 0.25, "TRGP": 0.3, "TGT": 0.75, "TEL": 0.85, "TDY": 0.25, "TFX": 0.42500000000000004, "TER": 0.75, "TSLA": 0.5, "TXN": 0.75, "TXT": 0.5, "KO": 0.5, "EL": 0.175, "HD": 0.75, "IPG": 0.4, "SJM": 0.6749999999999999, "MOS": 0.85, "TRV": 0.6, "TMO": 0.5, "TJX": 0.6, "TSCO": 0.6, "TT": 0.75, "TRMB": 0.4, "TFC": 0.4, "TYL": 0.42500000000000004, "UDR": 0.15, "ULTA": 0.5, "UAL": 0.4, "UPS": 0.75, "URI": 0.25, "UNH": 0.175, "UHS": 0.85, "VLO": 0.4, "VTR": 0.35, "VRSK": 0.5, "VZ": 0.75, "VRTX": 0.32499999999999996, "VFC": 0.75, "VTRS": 0.5, "VICI": 0.6749999999999999, "VMC": 0.42500000000000004, "GWW": 0.35, "WAB": 0.25, "WBA": 0.35, "WMT": 0.5, "WM": 0.32499999999999996, "WAT": 0.5, "WFC": 0.5, "WELL": 0.5750000000000001, "WST": 0.5, "WDC": 0.5, "WRK": 0.5, "WY": 0.85, "WHR": 0.6749999999999999, "WMB": 0.15, "WTW": 0.475, "WYNN": 0.4, "XEL": 0.3, "XYL": 0.15, "YUM": 0.6, "ZBRA": 0.6749999999999999, "ZBH": 0.35, "ZION": 0.25, "ZTS": 0.5}