{"MMM": 0.42500000000000004, "ABT": 0.85, "ADM": 0.5, "ADBE": 0.15, "ADP": 0.475, "A": 0.75, "APD": 0.15, "MO": 0.25, "AMZN": 0.5, "AEE": 0.35, "AEP": 0.75, "AMT": 0.32499999999999996, "ABC": 0.15, "AME": 0.32499999999999996, "AMGN": 0.525, "APH": 0.5, "ADI": 0.32499999999999996, "AON": 0.15, "BAX": 0.9, "BDX": 0.75, "BBY": 0.5, "BIIB": 0.5, "BK": 0.5, "BA": 0.3, "BWA": 0, "BXP": 0.6749999999999999, "BSX": 0.575, "BMY": 0.32499999999999996, "CCL": 0.75, "CE": 0.35, "CNP": 0.32499999999999996, "CF": 0.85, "SCHW": 0.32499999999999996, "CVX": 0.75, "CLX": 0.275, "CME": 0.35, "CL": 0.75, "CMCSA": 0.65, "CAG": 0.5249999999999999, "COP": 0.6749999999999999, "GLW": 1.0, "CCI": 0.175, "CSX": 0.825, "CMI": 0.6, "CVS": 0.4, "DHR": 0.42500000000000004, "DRI": 0.32499999999999996, "DVA": 0.25, "XRAY": 0.475, "DVN": 0.25, "DFS": 0.32499999999999996, "DISH": 0.7, "D": 0.75, "DTE": 0.5, "DUK": 0.475, "EMN": 0.75, "EBAY": 0.2, "ECL": 0.5, "LLY": 0.75, "EMR": 0.5, "ETR": 0.42500000000000004, "EOG": 0.42500000000000004, "EQT": 0.15, "XOM": 0.6, "FDX": 0.525, "FSLR": 0.75, "FE": 0.15, "FIS": 0.5750000000000001, "FISV": 0.4, "FMC": 0.75, "BEN": 0.75, "GD": 0.7, "GE": 0, "GIS": 0.1, "GILD": 0.575, "HAL": 0.5, "HSY": 0.32499999999999996, "HES": 0.5249999999999999, "HOLX": 0.4, "HPQ": 0.85, "HUM": 0.35, "IBM": 0.49999999999999994, "ITW": 0.75, "INTC": 0.75, "IP": 0.35, "IVZ": 0.85, "JNJ": 0.15, "JCI": 1.0, "K": 0.32499999999999996, "KMB": 0.32499999999999996, "KR": 0.4, "LH": 0.25, "LMT": 0.475, "LOW": 0.85, "MRO": 0.5, "MAR": 0.32499999999999996, "MMC": 0.32499999999999996, "MAS": 0.65, "MA": 0.6749999999999999, "MCD": 0.15, "MCK": 0.6, "MRK": 0.5750000000000001, "MSFT": 0.42500000000000004, "TAP": 0.35, "MCO": 0.42500000000000004, "MSI": 0.25, "NEM": 0.32499999999999996, "NEE": 0.35, "NKE": 0.85, "NSC": 0.25, "NOC": 0.4, "NRG": 0.25, "NUE": 0.25, "OMC": 0.32499999999999996, "OKE": 0.5, "ORCL": 0.32499999999999996, "PH": 0.5249999999999999, "PEP": 0.6499999999999999, "PFE": 0.6749999999999999, "PM": 0.65, "PXD": 0.32499999999999996, "PPG": 0.35, "PG": 0.25, "PEG": 0.32499999999999996, "DGX": 0.525, "RSG": 0.25, "ROK": 0.32499999999999996, "CRM": 0.175, "SLB": 0.5, "SHW": 0.5750000000000001, "SO": 0.6499999999999999, "LUV": 0.5, "SBUX": 0.75, "STLD": 0.4, "SYK": 0.42500000000000004, "SYY": 0.475, "TEL": 0.525, "KO": 0.85, "HD": 0.5, "TMO": 0.42500000000000004, "TJX": 0.9, "UNP": 0.5249999999999999, "UPS": 0.32499999999999996, "UNH": 0.425, "VTR": 0.825, "VZ": 0.32499999999999996, "VFC": 0.25, "VMC": 0.4, "GWW": 0.5, "WMT": 1.0, "WM": 0.32499999999999996, "WEC": 0.7, "WDC": 0.35, "WMB": 0.3, "YUM": 0.15}