{"AOS": 0.42500000000000004, "ABT": 0.2, "ABBV": 0.575, "ACN": 0.5, "ATVI": 0.42500000000000004, "ADM": 0.2, "ADBE": 0.32499999999999996, "ADP": 0, "AAP": 0.25, "AFL": 0.7, "A": 0.75, "APD": 0.175, "AKAM": 0.525, "ALK": 0.85, "ALB": 0.6749999999999999, "ARE": 0.4, "ALLE": 0.75, "LNT": 0.475, "ALL": 0.85, "MO": 0.6499999999999999, "AMZN": 0.6749999999999999, "AMD": 0.15, "AEE": 0.42500000000000004, "AAL": 0.15, "AEP": 0.5750000000000001, "AIG": 0.4, "AMT": 0.15, "AWK": 0.32499999999999996, "ABC": 0.3, "AME": 0.25, "AMGN": 0.575, "APH": 0.5249999999999999, "ADI": 0.475, "AON": 0.5, "AAPL": 0.5, "AMAT": 0.45, "ACGL": 0.7, "AJG": 0.32499999999999996, "T": 0.375, "ATO": 0.32499999999999996, "ADSK": 0.3, "AZO": 0.575, "AVB": 0.75, "AVY": 0.32499999999999996, "BAX": 0.375, "BDX": 0.15, "BBY": 0.85, "TECH": 0.85, "BIIB": 0.5750000000000001, "BLK": 0.3, "BK": 0.7, "BA": 0.475, "BWA": 0.5, "BXP": 0.42500000000000004, "BSX": 0.5, "BMY": 0.32499999999999996, "BR": 0.175, "BRO": 0.525, "CHRW": 0.5, "CDNS": 0.6499999999999999, "CZR": 0.7, "CPT": 0.35, "CPB": 0.4, "CAH": 0.725, "KMX": 0.15, "CCL": 1.0, "CTLT": 0.575, "CDW": 0.15, "CE": 0.75, "CNC": 0.5, "CNP": 0.275, "CF": 0.4, "CRL": 0.7999999999999999, "SCHW": 0.15, "CVX": 0.7, "CHD": 0.5, "CSCO": 0.85, "CME": 0.3, "CMS": 0.42500000000000004, "CTSH": 0.42500000000000004, "CL": 0.525, "CMCSA": 0.825, "CMA": 0.3, "COP": 0.4, "ED": 0.825, "COO": 0.25, "CPRT": 0.85, "GLW": 0.5249999999999999, "CSGP": 0.6749999999999999, "COST": 0.32499999999999996, "CCI": 0.15, "CSX": 0.5249999999999999, "CMI": 1.0, "CVS": 0.575, "DHI": 0.5, "DHR": 0.425, "DRI": 0.75, "DVA": 0.275, "DAL": 0.5, "XRAY": 0.25, "DVN": 0.6, "FANG": 0.32499999999999996, "DFS": 0.32499999999999996, "DISH": 0.625, "DG": 0.6499999999999999, "DLTR": 0.15, "D": 0.32499999999999996, "DPZ": 0.6, "DOV": 0.375, "DTE": 0.4, "DUK": 0.4, "EMN": 0.35, "ETN": 0.7, "EBAY": 0.85, "ECL": 0.32499999999999996, "EW": 0.6749999999999999, "LLY": 0.5, "EMR": 0.32499999999999996, "ETR": 0.5, "EOG": 0.49999999999999994, "EPAM": 0.15, "EQT": 0.575, "EFX": 0.32499999999999996, "EQIX": 0.42500000000000004, "EQR": 0.85, "ESS": 1.0, "EXC": 0.85, "EXPE": 0.15, "EXR": 0.32499999999999996, "XOM": 0.7000000000000001, "FDS": 0.65, "FAST": 0.6749999999999999, "FRT": 0.32499999999999996, "FDX": 0.725, "FSLR": 0.5, "FE": 0.4, "FIS": 0.5, "FLT": 0.475, "FMC": 0.25, "FCX": 0.35, "IT": 0.7999999999999999, "GEN": 0.85, "GNRC": 0.6499999999999999, "GD": 0.75, "GIS": 0.25, "GPC": 0.75, "GILD": 0.75, "GPN": 0.15, "GS": 0.825, "HAL": 0.575, "HIG": 0.4, "HAS": 0.6499999999999999, "HCA": 0.85, "HSIC": 0.85, "HSY": 0.15, "HES": 0.35, "HPE": 0.85, "HLT": 0.4, "HOLX": 0.42500000000000004, "HON": 0.15, "HRL": 0.525, "HST": 0.85, "HPQ": 0.7, "HUM": 0.65, "HBAN": 0.1, "HII": 0.6499999999999999, "IBM": 0.9, "IEX": 0, "IDXX": 0.6, "INCY": 0.15, "INTC": 0.85, "IFF": 0.6499999999999999, "IP": 0.25, "INTU": 0.625, "IVZ": 0.75, "IRM": 0.15, "JNJ": 0.32499999999999996, "JCI": 0.3, "JNPR": 0.35, "K": 0.3, "KEYS": 0.575, "KMB": 0.85, "KMI": 0.675, "KLAC": 0.5, "KR": 0.3, "LH": 0.6749999999999999, "LRCX": 0.825, "LVS": 0.175, "LDOS": 0.42500000000000004, "LYV": 0.55, "LKQ": 0.25, "LMT": 0.32499999999999996, "L": 0.35, "LOW": 0.75, "LYB": 0.6499999999999999, "MTB": 0.75, "MRO": 0.5, "MPC": 0.525, "MAR": 0.15, "MMC": 0.5, "MLM": 0.75, "MAS": 0.35, "MA": 0.32499999999999996, "MTCH": 0.85, "MKC": 0.6, "MCD": 0.6, "MCK": 0.65, "MDT": 0.525, "MRK": 0.6499999999999999, "MTD": 0.5, "MGM": 0.25, "MU": 0.6749999999999999, "MSFT": 0.15, "MHK": 0.35, "MOH": 0.5, "TAP": 0.85, "MCO": 0.6749999999999999, "MSI": 0.6, "MSCI": 0.5, "NDAQ": 0.5, "NTAP": 0.525, "NFLX": 0.32499999999999996, "NWL": 0.4, "NEM": 0.6749999999999999, "NWSA": 0.25, "NWS": 0.25, "NEE": 0.7, "NKE": 0.75, "NI": 0.375, "NDSN": 0.6, "NSC": 0.25, "NOC": 0.32499999999999996, "NCLH": 0.75, "NRG": 0.4, "NUE": 0.525, "NVDA": 0.6749999999999999, "ORLY": 0.5, "OXY": 0.475, "ODFL": 0.55, "OMC": 0.32499999999999996, "ON": 0.35, "OKE": 0.6, "ORCL": 0.7, "PKG": 0.65, "PH": 0.42500000000000004, "PAYC": 0.32499999999999996, "PNR": 0.4, "PEP": 0.75, "PKI": 0.25, "PFE": 0.7, "PM": 0.42500000000000004, "PSX": 0.42500000000000004, "PNW": 0.25, "PXD": 0.3, "POOL": 0.25, "PPG": 0.575, "PFG": 0.4, "PG": 0.25, "PGR": 0.6, "PLD": 0.575, "PRU": 0.5, "PEG": 0.75, "PHM": 0.5, "QRVO": 0.825, "QCOM": 0.42500000000000004, "PWR": 0.5, "DGX": 0.2, "RL": 0.85, "RSG": 0.25, "RMD": 0.6499999999999999, "RHI": 0.6, "ROK": 0.5, "ROP": 0.42500000000000004, "ROST": 0.65, "RCL": 0.25, "SPGI": 0.32499999999999996, "CRM": 0.475, "SBAC": 0.42500000000000004, "SLB": 0.32499999999999996, "STX": 0.6, "SEE": 0.75, "SRE": 0.75, "NOW": 0.55, "SHW": 0.575, "SNA": 0.85, "SO": 0.6499999999999999, "LUV": 0.575, "SWK": 0.6749999999999999, "SBUX": 0.5, "STLD": 0.25, "SYK": 0.42500000000000004, "SYY": 0.15, "TMUS": 0.525, "TTWO": 0.32499999999999996, "TRGP": 0.625, "TEL": 0.525, "TFX": 0.15, "TSLA": 0.5, "TXN": 0.5, "TXT": 0.5, "KO": 0.6499999999999999, "EL": 0.32499999999999996, "HD": 0.42500000000000004, "IPG": 0.75, "SJM": 1.0, "MOS": 0.6749999999999999, "TRV": 0.75, "TMO": 0.25, "TJX": 0.6, "TSCO": 0.75, "TDG": 0.825, "TRMB": 0.25, "UDR": 0.32499999999999996, "UNP": 0.5, "UAL": 0.6749999999999999, "UPS": 0.3, "URI": 0.15, "UNH": 0.75, "UHS": 0.6749999999999999, "VLO": 0.525, "VTR": 0.5249999999999999, "VRSK": 0.575, "VZ": 0.6, "VRTX": 0.15, "VFC": 0.15, "VMC": 0.42500000000000004, "GWW": 0.3, "WAB": 0.25, "WBA": 0.35, "WMT": 0.6749999999999999, "WM": 0.32499999999999996, "WAT": 0.475, "WEC": 0.175, "WST": 0.6499999999999999, "WDC": 0.4, "WHR": 0.35, "WMB": 0.3, "WTW": 0.35, "WYNN": 0.15, "XEL": 0.42500000000000004, "XYL": 0.42500000000000004, "ZBRA": 0.575, "ZBH": 0.525, "ZTS": 0.32499999999999996}