{"MMM": 0.6, "AOS": 0.85, "ABT": 0.35, "ACN": 0.5, "ADM": 0.4, "ADBE": 0.3, "AFL": 0.85, "A": 1.0, "APD": 0.475, "ALK": 0.85, "ALB": 0.35, "ARE": 0.7000000000000001, "LNT": 0.85, "MO": 0.42500000000000004, "AMZN": 0.375, "AEE": 0.4, "AEP": 0.475, "AIG": 0.4, "AMT": 0.15, "AWK": 0.32499999999999996, "ABC": 0.15, "AME": 0.5, "AMGN": 0, "APH": 0.7, "ADI": 0.475, "ANSS": 0.32499999999999996, "AON": 0.65, "AAPL": 0.6749999999999999, "AMAT": 0.15, "AJG": 0.32499999999999996, "T": 0.6749999999999999, "ATO": 0.15, "ADSK": 0.15, "AZO": 0.75, "AVY": 0.42500000000000004, "BAC": 0.2, "BAX": 0.425, "BDX": 0.75, "BBY": 0.3, "BIO": 0.5, "BIIB": 0.5, "BLK": 0.15, "BK": 0.5, "BA": 0.3, "BWA": 0.5, "BXP": 0.7000000000000001, "BSX": 0.5, "BMY": 0.65, "BR": 0.75, "BRO": 0.7000000000000001, "CHRW": 0.6499999999999999, "CPB": 0.575, "CAH": 0.3, "KMX": 0.25, "CCL": 0.85, "CDW": 0, "CE": 0.6499999999999999, "CNC": 0.35, "CNP": 0.42500000000000004, "CF": 0.85, "CRL": 0.75, "SCHW": 0, "CVX": 0.85, "CB": 0.75, "CHD": 0.4, "CTAS": 0.35, "CSCO": 0.85, "CLX": 0.475, "CME": 0.42500000000000004, "CMS": 0.3, "CL": 0.575, "CMCSA": 0.35, "CMA": 0.25, "CAG": 0.35, "COP": 0.6749999999999999, "ED": 0.85, "COO": 0.42500000000000004, "CPRT": 0.7, "GLW": 0.5249999999999999, "COST": 0.15, "CCI": 0.3, "CSX": 0.6749999999999999, "CMI": 0.75, "DHI": 0.42500000000000004, "DHR": 0.25, "DRI": 0.35, "DVA": 0.575, "DAL": 0.25, "XRAY": 0.6499999999999999, "DVN": 0.4, "DXCM": 0.425, "DFS": 0.5, "DISH": 0.32499999999999996, "DG": 0.32499999999999996, "DLTR": 0.5, "D": 0.3, "DPZ": 0.6, "DOV": 0.525, "DTE": 0.525, "DUK": 0.25, "EMN": 0.4, "EBAY": 0.5, "ECL": 0.5, "EA": 0.75, "LLY": 0.75, "EMR": 0.75, "ETR": 0.525, "EOG": 0.525, "EQT": 0.32499999999999996, "EFX": 0.32499999999999996, "EQIX": 0.42500000000000004, "EQR": 0.575, "ESS": 0.32499999999999996, "EXC": 0.35, "EXPE": 0.15, "EXR": 0.25, "XOM": 0.75, "FRT": 0.15, "FDX": 0.5, "FSLR": 0.4, "FE": 0.425, "FIS": 0.35, "FISV": 0.5, "FLT": 0.15, "FMC": 0.475, "IT": 0.5, "GNRC": 0.32499999999999996, "GD": 0.4, "GIS": 0.25, "GPC": 0.75, "GILD": 0.5, "GPN": 0.2, "HAL": 0.6499999999999999, "HIG": 0.4, "HAS": 0.32499999999999996, "HCA": 0.375, "HSIC": 0.575, "HSY": 0.35, "HES": 0.85, "HOLX": 0.4, "HON": 0.15, "HRL": 0.85, "HPQ": 0.85, "HUM": 0.35, "HII": 0.15, "IBM": 0.75, "IEX": 0.4, "IDXX": 0.32499999999999996, "ITW": 0.75, "ILMN": 0.32499999999999996, "INCY": 0.6, "INTC": 0.7, "IFF": 0.75, "IP": 0.42500000000000004, "IVZ": 0.75, "IRM": 0.25, "JBHT": 0.5, "JKHY": 0.475, "JNJ": 0.5, "JCI": 0.6499999999999999, "JNPR": 0.42500000000000004, "K": 0.3, "KMB": 0.75, "KLAC": 0.15, "KR": 0.575, "LH": 0.25, "LRCX": 0.5750000000000001, "LVS": 0.6499999999999999, "LDOS": 0.32499999999999996, "LYV": 0.4, "LKQ": 0.15, "LMT": 0.32499999999999996, "L": 0.575, "LOW": 0.7, "MTB": 0.725, "MRO": 0.85, "MPC": 0.35, "MAR": 0.85, "MMC": 0.75, "MLM": 0.6, "MAS": 0.15, "MKC": 0.75, "MCD": 0.32499999999999996, "MCK": 0.3, "MRK": 0.85, "MET": 0.25, "MTD": 0.5, "MGM": 0.4, "MU": 0.85, "MSFT": 0.25, "MAA": 0.7, "MHK": 0.35, "MOH": 0.5, "TAP": 0.525, "MDLZ": 0.25, "MCO": 0.32499999999999996, "MSI": 0.475, "MSCI": 0.5, "NDAQ": 0.7, "NTAP": 0.15, "NWL": 0.425, "NEM": 0.6749999999999999, "NEE": 0.85, "NKE": 0.6749999999999999, "NI": 0.35, "NDSN": 0.42500000000000004, "NSC": 0.55, "NOC": 0.725, "NRG": 0.575, "NUE": 0.42500000000000004, "NXPI": 0.725, "ORLY": 0.475, "OXY": 0.75, "ODFL": 0.6, "OMC": 0.32499999999999996, "OKE": 0.15, "ORCL": 0.75, "PKG": 0.32499999999999996, "PH": 0.85, "PNR": 0.5, "PEP": 0.75, "PKI": 0.4, "PFE": 0.85, "PM": 0.55, "PNW": 0.75, "PXD": 0.15, "POOL": 0.44999999999999996, "PPG": 0.6749999999999999, "PFG": 0.4, "PG": 0.25, "PGR": 0.75, "PLD": 0.575, "PEG": 0.6, "PSA": 0.6499999999999999, "PWR": 0.35, "DGX": 0.35, "RL": 0.9, "RJF": 0.6749999999999999, "REGN": 0.475, "RSG": 0.35, "RMD": 0.75, "RHI": 0.45, "ROK": 0.32499999999999996, "ROST": 0.75, "RCL": 0.4, "SBAC": 0.4, "SLB": 0.175, "STX": 0.75, "SEE": 0.4, "SRE": 0.32499999999999996, "SHW": 0.25, "SPG": 0.15, "SNA": 0.525, "SO": 0.6499999999999999, "LUV": 0.375, "SWK": 0.85, "SBUX": 0.32499999999999996, "STLD": 0.4, "SYK": 0.42500000000000004, "SIVB": 0.15, "SNPS": 0.6749999999999999, "SYY": 0.15, "TMUS": 0.32499999999999996, "TTWO": 0.6, "TRGP": 0.15, "TEL": 1.0, "TDY": 0.85, "TFX": 0.42500000000000004, "TER": 0.25, "TSLA": 0.575, "TXN": 0.6, "TXT": 0.5, "KO": 0.6499999999999999, "EL": 0.15, "HD": 0.42500000000000004, "IPG": 0.575, "SJM": 0.85, "MOS": 0.7, "TRV": 0.35, "TMO": 0.25, "TJX": 0.6, "TDG": 0.6749999999999999, "TRMB": 0.25, "USB": 0.6, "UDR": 1.0, "UNP": 0.85, "UAL": 0.475, "UPS": 0.55, "URI": 0.15, "UNH": 0.575, "VLO": 0.25, "VTR": 0.7000000000000001, "VRSN": 0.6, "VRSK": 0.6499999999999999, "VZ": 0.6749999999999999, "VFC": 0.6749999999999999, "VMC": 0.25, "GWW": 0.32499999999999996, "WAB": 0.575, "WMT": 0.7, "WM": 0.42500000000000004, "WEC": 0.6, "WST": 0.85, "WDC": 0.4, "WHR": 0.35, "WMB": 0.15, "WTW": 0.4, "WYNN": 0.25, "XEL": 0.15, "XYL": 0.25, "YUM": 0.35}