{"MMM": 0.6, "AOS": 0.6749999999999999, "ABT": 0.525, "ACN": 0.5, "ATVI": 0.25, "ADM": 0.25, "ADBE": 0.32499999999999996, "AAP": 0.25, "AFL": 0.85, "A": 0.6749999999999999, "APD": 0.475, "ALK": 0.85, "ALB": 0.7, "ARE": 0.825, "LNT": 0.7, "ALL": 0.85, "MO": 0.1, "AMZN": 0.6749999999999999, "AEE": 0.475, "AAL": 0.4, "AEP": 0.575, "AIG": 0.35, "AMT": 0.32499999999999996, "AWK": 0.32499999999999996, "ABC": 0.15, "AME": 0.15, "AMGN": 0.32499999999999996, "APH": 1.0, "ADI": 0.475, "AON": 0.5, "AAPL": 0.6749999999999999, "AMAT": 0.15, "AJG": 0.5, "T": 0.85, "ATO": 0.15, "AZO": 0.9, "AVB": 0.85, "AVY": 0.1, "BAC": 0.5, "BAX": 0.42500000000000004, "BDX": 0.75, "BBY": 0.5, "BIO": 0.85, "BIIB": 0.5, "BLK": 0.15, "BK": 0.5, "BA": 0.15, "BWA": 0.15, "BXP": 0.35, "BSX": 0.25, "BMY": 0.15, "BR": 0.75, "BRO": 0.55, "CHRW": 0.5, "CPB": 0.575, "CAH": 0.3, "KMX": 0.15, "CCL": 0.6749999999999999, "CDW": 0.15, "CE": 0.85, "CNC": 0.5, "CNP": 0.25, "CF": 0.85, "CRL": 0.575, "SCHW": 0.475, "CHTR": 0.575, "CVX": 0.85, "CHD": 0.4, "CTAS": 0.25, "CSCO": 0.7, "CLX": 0.475, "CME": 0.25, "CMS": 0.175, "CL": 0.65, "CMCSA": 0.525, "CMA": 0.25, "CAG": 0.2, "COP": 0.85, "COO": 0.42500000000000004, "CPRT": 0.85, "GLW": 0.25, "CSGP": 0.6749999999999999, "COST": 0.15, "CCI": 0.475, "CSX": 0.5249999999999999, "CMI": 0.75, "CVS": 0.25, "DHI": 0.575, "DHR": 0.42500000000000004, "DRI": 0.5, "DVA": 0.25, "DAL": 0.75, "XRAY": 0.6, "DVN": 0.25, "DXCM": 0.4, "FANG": 0.3, "DFS": 0.32499999999999996, "DISH": 0.32499999999999996, "DG": 0.575, "DLTR": 0.6499999999999999, "D": 0.475, "DPZ": 0.7000000000000001, "DOV": 0.35, "DTE": 0.525, "DUK": 0.4, "EMN": 0.575, "ETN": 0.6749999999999999, "EBAY": 0.6749999999999999, "ECL": 0.475, "EIX": 0.6, "EW": 0.6749999999999999, "EA": 0.6499999999999999, "LLY": 0.5, "EMR": 0.6499999999999999, "ENPH": 0.3, "ETR": 0.525, "EOG": 0.35, "EQT": 0.15, "EFX": 0.15, "EQIX": 0.25, "EQR": 0.7, "EXC": 0.6749999999999999, "EXPE": 0.175, "EXR": 0.42500000000000004, "XOM": 0.75, "FRT": 0.15, "FDX": 0.35, "FSLR": 0.6749999999999999, "FE": 0.35, "FIS": 0.35, "FISV": 0.35, "FLT": 0.32499999999999996, "FMC": 0.3, "IT": 0.5, "GNRC": 0.475, "GD": 0.85, "GIS": 0.42500000000000004, "GPC": 0.75, "GILD": 0.5, "GPN": 0.4, "HAL": 0.5, "HIG": 0.275, "HAS": 0.5, "HCA": 0.6749999999999999, "HSIC": 0.6749999999999999, "HSY": 0.32499999999999996, "HES": 0.85, "HOLX": 0.5, "HON": 0.15, "HRL": 0.7, "HPQ": 0.85, "HUM": 0.5, "HII": 0.4, "IBM": 0.75, "IEX": 0.32499999999999996, "IDXX": 0.5, "ITW": 0.75, "ILMN": 0.5, "INCY": 0.4, "INTC": 0.85, "IFF": 0.6499999999999999, "IP": 0.5, "IVZ": 0.75, "IRM": 0.42500000000000004, "JBHT": 0.35, "JKHY": 0.32499999999999996, "JNJ": 0.42500000000000004, "JCI": 0.6499999999999999, "JNPR": 0.25, "K": 0.575, "KMB": 0.9, "KLAC": 0.15, "LH": 0.25, "LRCX": 0.42500000000000004, "LVS": 0.32499999999999996, "LDOS": 0.575, "LYV": 0.475, "LKQ": 0.25, "LMT": 0.3, "L": 0.575, "LOW": 0.75, "LYB": 0.625, "MRO": 0.7, "MPC": 0.525, "MAR": 0.6749999999999999, "MMC": 0.75, "MLM": 0.6499999999999999, "MAS": 0.25, "MKC": 0.575, "MCD": 0.5, "MCK": 0.15, "MRK": 0.75, "MET": 0.25, "MTD": 0.5, "MGM": 0.5, "MU": 0.85, "MSFT": 0.25, "MHK": 0.35, "MOH": 0.65, "TAP": 0.25, "MCO": 0.32499999999999996, "MSI": 0.15, "MSCI": 0.32499999999999996, "NDAQ": 0.85, "NTAP": 0.35, "NFLX": 0.35, "NWL": 0.75, "NEM": 0.5, "NEE": 0.5, "NKE": 0.85, "NI": 0.5249999999999999, "NDSN": 0.42500000000000004, "NSC": 0.4, "NOC": 0.4, "NRG": 0.4, "NUE": 0.25, "NVDA": 0.35, "NXPI": 0.32499999999999996, "ORLY": 0.5, "OXY": 0.85, "ODFL": 0.6, "OMC": 0.15, "OKE": 0.15, "ORCL": 0.75, "PKG": 0.475, "PH": 0.825, "PNR": 0.575, "PEP": 0.9, "PKI": 0.25, "PFE": 1.0, "PM": 0.55, "PSX": 0.575, "PNW": 0.75, "PXD": 0.3, "POOL": 0.4, "PPG": 0.2, "PFG": 0.575, "PG": 0.42500000000000004, "PGR": 0.75, "PLD": 0.575, "PRU": 0.4, "PTC": 0.6499999999999999, "PEG": 0.6499999999999999, "PSA": 0.75, "PWR": 0.85, "DGX": 0.6749999999999999, "RL": 0.6, "RJF": 0.575, "REGN": 0.32499999999999996, "RSG": 0.6749999999999999, "RMD": 0.6, "RHI": 0.42500000000000004, "ROK": 0.32499999999999996, "ROP": 0.15, "RCL": 0.25, "SBAC": 0.3, "SLB": 0.6499999999999999, "STX": 0.75, "SEE": 0.275, "SRE": 0.42500000000000004, "SHW": 0.6, "SPG": 0.5, "SNA": 0.525, "SO": 0.6499999999999999, "LUV": 0.525, "SWK": 0.2, "SBUX": 0.475, "STLD": 0.275, "SYK": 0.5, "SIVB": 0.3, "SNPS": 0.6749999999999999, "SYY": 0.42500000000000004, "TMUS": 0.5, "TTWO": 0.32499999999999996, "TRGP": 0.15, "TEL": 0.85, "TDY": 0.85, "TFX": 0.42500000000000004, "TER": 0.25, "TSLA": 0.4, "TXN": 0.75, "TXT": 0.35, "KO": 0.6499999999999999, "EL": 0.15, "HD": 0.25, "IPG": 0.6499999999999999, "SJM": 0.85, "MOS": 0.42500000000000004, "TRV": 1.0, "TDG": 0.575, "TRMB": 0.32499999999999996, "UDR": 0.25, "UNP": 0.85, "UAL": 0.275, "UPS": 0.5, "URI": 0.3, "VLO": 0.25, "VTR": 0.85, "VRSN": 0.85, "VRSK": 0.6499999999999999, "VZ": 0.375, "VFC": 0.32499999999999996, "VMC": 0.25, "GWW": 0.65, "WAB": 0.32499999999999996, "WMT": 0.5, "WM": 0.15, "WEC": 0.75, "WST": 0.75, "WDC": 0.4, "WHR": 0.525, "WTW": 0.25, "WYNN": 0.42500000000000004, "XEL": 0.15, "XYL": 0.25, "YUM": 0.5}