{"MMM": 0.42500000000000004, "AOS": 0.42500000000000004, "ABT": 0.35, "ABBV": 0.575, "ACN": 0.5, "ATVI": 0.475, "ADM": 0.5, "ADBE": 0.475, "ADP": 0.15, "AAP": 0.2, "AFL": 0.7, "A": 0.6499999999999999, "APD": 0.42500000000000004, "AKAM": 0.525, "ALK": 0.85, "ALB": 0.575, "ARE": 0.4, "ALLE": 0.75, "LNT": 0.475, "ALL": 0.85, "MO": 0.75, "AMZN": 0.825, "AMD": 0.3, "AEE": 0.525, "AAL": 0.3, "AEP": 0.42500000000000004, "AIG": 0.4, "AMT": 0.3, "AWK": 0.32499999999999996, "ABC": 0.15, "AME": 0.15, "AMGN": 0.6749999999999999, "APH": 0.6, "ADI": 0.475, "AON": 0.5, "AAPL": 0.6749999999999999, "AMAT": 0.6, "ACGL": 0.85, "AJG": 0.475, "T": 0.375, "ATO": 0.32499999999999996, "ADSK": 0.575, "AZO": 0.425, "AVB": 0.85, "AVY": 0.32499999999999996, "BAX": 0.42500000000000004, "BDX": 0.15, "BBY": 0.75, "TECH": 0.85, "BIIB": 0.42500000000000004, "BLK": 0.3, "BK": 0.85, "BA": 0.32499999999999996, "BWA": 0.5, "BXP": 0.42500000000000004, "BSX": 0.32499999999999996, "BMY": 0.32499999999999996, "BR": 0.175, "BRO": 0.375, "CHRW": 0.5, "CDNS": 0.6499999999999999, "CZR": 0.35, "CPT": 0.35, "CPB": 0.4, "CAH": 0.6749999999999999, "KMX": 0.15, "CCL": 0.85, "CTLT": 0.4, "CDW": 0, "CE": 0.75, "CNC": 0.5, "CNP": 0.275, "CF": 0.5, "CRL": 0.6499999999999999, "SCHW": 0.15, "CVX": 0.85, "CHD": 0.65, "CSCO": 0.85, "CME": 0.15, "CMS": 0.42500000000000004, "CTSH": 0.42500000000000004, "CL": 0.42500000000000004, "CMCSA": 0.6749999999999999, "CMA": 0.15, "CAG": 0.525, "COP": 0.4, "ED": 0.825, "COO": 0.15, "CPRT": 0.7, "GLW": 0.85, "CSGP": 0.6749999999999999, "COST": 0.175, "CCI": 0, "CSX": 0.6749999999999999, "CMI": 1.0, "CVS": 0.6749999999999999, "DHI": 0.5, "DHR": 0.575, "DRI": 0.42500000000000004, "DVA": 0.825, "DAL": 0.5, "XRAY": 0.25, "DVN": 0.6, "FANG": 0.32499999999999996, "DFS": 0.32499999999999996, "DISH": 0.475, "DG": 0.6499999999999999, "DLTR": 0.6749999999999999, "D": 0.32499999999999996, "DPZ": 0.6, "DOV": 0.525, "DTE": 0.25, "DUK": 0.4, "EMN": 0.5, "ETN": 0.85, "EBAY": 0.9, "ECL": 0.32499999999999996, "EW": 0.575, "LLY": 0.5, "EMR": 0.175, "ENPH": 0.15, "ETR": 0.5, "EOG": 0.7999999999999999, "EPAM": 0.3, "EQT": 0.575, "EFX": 0.32499999999999996, "EQIX": 0.42500000000000004, "EQR": 0.7, "ESS": 0.9, "EXC": 0.85, "EXPE": 0.3, "EXR": 0.475, "XOM": 0.7000000000000001, "FDS": 0.5, "FAST": 0.6749999999999999, "FRT": 0.32499999999999996, "FDX": 0.85, "FSLR": 0.5, "FE": 0.4, "FIS": 0.35, "FLT": 0.32499999999999996, "FMC": 0.15, "FCX": 0.35, "IT": 0.5, "GEN": 0.6749999999999999, "GNRC": 0.49999999999999994, "GD": 0.75, "GPC": 0.75, "GILD": 0.75, "GPN": 0.15, "GS": 0.6749999999999999, "HAL": 0.575, "HIG": 0.4, "HAS": 0.6499999999999999, "HCA": 0.85, "HSIC": 0.6749999999999999, "HSY": 0.15, "HES": 0.35, "HPE": 0.85, "HLT": 0.4, "HOLX": 0.42500000000000004, "HON": 0.15, "HRL": 0.275, "HST": 0.7, "HUM": 0.5, "HBAN": 0.25, "HII": 0.6499999999999999, "IBM": 0.75, "IEX": 0.15, "IDXX": 0.6, "ILMN": 0.32499999999999996, "INCY": 0.3, "INTC": 0.7, "IFF": 0.49999999999999994, "IP": 0.25, "INTU": 0.475, "IVZ": 0.75, "IRM": 0, "JNJ": 0.175, "JCI": 0.4, "JNPR": 0.35, "K": 0.3, "KEYS": 0.575, "KMB": 0.85, "KMI": 0.375, "KLAC": 0.5, "KR": 0.25, "LH": 0.525, "LRCX": 0.725, "LVS": 0.5, "LDOS": 0.275, "LYV": 0.3, "LKQ": 0.25, "LMT": 0.32499999999999996, "L": 0.2, "LOW": 0.6, "LYB": 0.6499999999999999, "MTB": 0.75, "MRO": 0.35, "MPC": 0.32499999999999996, "MAR": 0.15, "MMC": 0.5, "MLM": 0.75, "MAS": 0.2, "MA": 0.32499999999999996, "MTCH": 0.85, "MKC": 0.75, "MCD": 0.75, "MCK": 0.85, "MDT": 0.525, "MRK": 0.6, "MTD": 0.5, "MGM": 0.4, "MCHP": 0.525, "MU": 0.6749999999999999, "MHK": 0.35, "MOH": 0.5, "TAP": 0.85, "MCO": 0.6749999999999999, "MSI": 0.6, "MSCI": 0.5, "NDAQ": 0.35, "NTAP": 0.85, "NFLX": 0.32499999999999996, "NWL": 0.4, "NEM": 0.6749999999999999, "NWSA": 0.4, "NWS": 0.4, "NEE": 0.85, "NKE": 0.75, "NI": 0.275, "NDSN": 0.6, "NSC": 0.25, "NOC": 0.32499999999999996, "NCLH": 0.75, "NRG": 0.4, "NUE": 0.525, "NVDA": 0.6749999999999999, "NXPI": 0.2, "ORLY": 0.35, "OXY": 0.625, "ODFL": 0.8500000000000001, "OMC": 0.42500000000000004, "ON": 0.35, "OKE": 0.6, "ORCL": 0.825, "PKG": 0.5, "PH": 0.42500000000000004, "PAYC": 0.32499999999999996, "PNR": 0.4, "PEP": 0.9, "PKI": 0.25, "PFE": 0.7, "PM": 0.42500000000000004, "PSX": 0.42500000000000004, "PNW": 0.25, "PXD": 0.3, "POOL": 0.25, "PPG": 0.575, "PFG": 0.55, "PG": 0.15, "PGR": 0.75, "PLD": 0.575, "PRU": 0.35, "PEG": 0.75, "PHM": 0.5249999999999999, "QRVO": 0.525, "QCOM": 0.575, "PWR": 0.5, "DGX": 0.2, "RL": 0.4, "RSG": 0.25, "RMD": 0.6499999999999999, "RHI": 0.6, "ROK": 0.65, "ROP": 0.42500000000000004, "ROST": 0.5, "RCL": 0.42500000000000004, "SPGI": 0.32499999999999996, "CRM": 0.3, "SBAC": 0.42500000000000004, "SLB": 0.425, "STX": 0.75, "SEE": 0.75, "SRE": 0.6, "NOW": 0.4, "SHW": 0.575, "SNA": 0.85, "SO": 0.75, "LUV": 0.6749999999999999, "SWK": 0.6749999999999999, "SBUX": 0.5, "STLD": 0.25, "SYK": 0.32499999999999996, "SYY": 0.15, "TMUS": 0.525, "TTWO": 0.5, "TRGP": 0.575, "TEL": 0.675, "TDY": 0.42500000000000004, "TFX": 0.3, "TSLA": 0.5, "TXN": 0.65, "TXT": 0.5, "KO": 0.475, "EL": 0.32499999999999996, "HD": 0.6, "IPG": 0.85, "SJM": 0.85, "MOS": 0.6749999999999999, "TRV": 0.75, "TMO": 0.4, "TJX": 0.575, "TSCO": 0.75, "TDG": 0.6749999999999999, "TRMB": 0.25, "UDR": 0.475, "UNP": 0.75, "UAL": 0.6749999999999999, "UPS": 0.44999999999999996, "URI": 0.3, "UNH": 0.75, "UHS": 0.6749999999999999, "VLO": 0.525, "VTR": 0.6749999999999999, "VRSK": 0.475, "VZ": 0.42500000000000004, "VRTX": 0.15, "VFC": 0.32499999999999996, "VMC": 0.42500000000000004, "GWW": 0.15, "WAB": 0.25, "WBA": 0.35, "WMT": 0.525, "WM": 0.32499999999999996, "WAT": 0.475, "WEC": 0.475, "WST": 0.6499999999999999, "WDC": 0.4, "WHR": 0.35, "WMB": 0.3, "WTW": 0.65, "WYNN": 0.15, "XEL": 0.32499999999999996, "XYL": 0.32499999999999996, "ZBRA": 0.575, "ZBH": 0.525, "ZTS": 0.175}