{"MMM": 0.6, "AOS": 0.6749999999999999, "ABT": 0.7000000000000001, "ABBV": 0.575, "ACN": 0.5, "ATVI": 0.5, "ADM": 0.6749999999999999, "ADBE": 0.15, "ADP": 0.15, "AAP": 0.25, "AFL": 0.85, "A": 0.75, "APD": 0.32499999999999996, "AKAM": 0.5750000000000001, "ALK": 0.75, "ALB": 0.6, "ARE": 0.6749999999999999, "ALLE": 0.75, "LNT": 0.85, "ALL": 0.6749999999999999, "MO": 0.42500000000000004, "AMZN": 0.6749999999999999, "AMD": 0.575, "AEE": 0.15, "AAL": 0.7999999999999999, "AEP": 0.575, "AIG": 0.55, "AMT": 0.15, "AWK": 0.15, "ABC": 0.15, "AME": 0.25, "AMGN": 0.575, "APH": 0.425, "ADI": 0.475, "AON": 0.5, "AAPL": 0.6749999999999999, "AMAT": 0.25, "ACGL": 0.7, "AJG": 0.32499999999999996, "T": 0.55, "ATO": 0.475, "ADSK": 0.44999999999999996, "AZO": 0.575, "AVB": 0.7, "AVY": 0.15, "BAX": 0.25, "BDX": 0.15, "BBY": 0.85, "BIO": 0.25, "TECH": 0.85, "BIIB": 0.5750000000000001, "BLK": 0.15, "BK": 0.575, "BA": 0.15, "BWA": 0.35, "BXP": 0.42500000000000004, "BSX": 0.3, "BMY": 0.475, "BR": 0.32499999999999996, "BRO": 0.55, "CHRW": 0.35, "CDNS": 0.75, "CZR": 0.7, "CPT": 0.5, "CPB": 0.4, "CAH": 0.425, "KMX": 0.15, "CCL": 0.6749999999999999, "CTLT": 0.725, "CDW": 0.15, "CE": 0.6499999999999999, "CNC": 0.5249999999999999, "CNP": 0.4, "CF": 0.85, "CRL": 0.6499999999999999, "SCHW": 0.15, "CHTR": 0.3, "CVX": 0.7000000000000001, "CHD": 0.6, "CSCO": 0.85, "CME": 0.3, "CMS": 0.32499999999999996, "CTSH": 0.32499999999999996, "CL": 0.4, "CMCSA": 0.7000000000000001, "CMA": 0.15, "COP": 0.425, "ED": 0.85, "COO": 0.42500000000000004, "CPRT": 0.85, "GLW": 0.375, "CSGP": 0.6749999999999999, "COST": 0.5, "CCI": 0.32499999999999996, "CSX": 0.35, "CMI": 0.85, "CVS": 0.6, "DHI": 0.5, "DHR": 0.5750000000000001, "DRI": 0.42500000000000004, "DVA": 0.4, "DAL": 0.825, "XRAY": 0.4, "DVN": 0.4, "DXCM": 0.25, "FANG": 0.3, "DFS": 0.15, "DISH": 0.6749999999999999, "DG": 0.725, "DLTR": 0.15, "D": 0.5, "DPZ": 0.42500000000000004, "DOV": 0.35, "DTE": 0.25, "DUK": 0.42500000000000004, "EMN": 0.675, "ETN": 0.85, "EBAY": 0.42500000000000004, "ECL": 0.175, "EIX": 0.49999999999999994, "EW": 0.85, "LLY": 0.15, "EMR": 0, "ETR": 0.2, "EOG": 0.475, "EPAM": 0.32499999999999996, "EQT": 0.6749999999999999, "EFX": 0.32499999999999996, "EQIX": 0.25, "EQR": 0.85, "ESS": 0.6749999999999999, "ES": 0.42500000000000004, "EXC": 0.35, "EXPE": 0.575, "EXR": 0.15, "XOM": 0.7000000000000001, "FDS": 0.5, "FAST": 0.5249999999999999, "FRT": 0.15, "FDX": 0.575, "FSLR": 0.85, "FE": 0.85, "FIS": 0.5, "FLT": 0.15, "FMC": 0.4, "FCX": 0.5, "IT": 0.6, "GEN": 0.5249999999999999, "GNRC": 0.15, "GD": 0.75, "GIS": 0.25, "GPC": 0.6, "GILD": 0.725, "GPN": 0.15, "GS": 0.5, "HAL": 0.3, "HIG": 0.5, "HAS": 0.475, "HCA": 0.5249999999999999, "HSIC": 0.85, "HSY": 0.6, "HES": 0.5249999999999999, "HLT": 0.15, "HOLX": 0.42500000000000004, "HON": 0.5, "HRL": 0.85, "HST": 0.85, "HPQ": 0.5249999999999999, "HUM": 0.35, "HII": 0.3, "IBM": 0.75, "IEX": 0.175, "IDXX": 0.6, "ILMN": 0.32499999999999996, "INCY": 0.32499999999999996, "INTC": 0.6749999999999999, "ICE": 0.575, "IFF": 0.75, "IP": 0.1, "INTU": 0.475, "IVZ": 0.75, "IRM": 0.32499999999999996, "JBHT": 0.32499999999999996, "JNJ": 0.5, "JCI": 0.4, "JNPR": 0.525, "K": 0.475, "KMB": 0.6, "KMI": 0.42500000000000004, "KLAC": 0.625, "KR": 0.15, "LH": 0.35, "LRCX": 0.825, "LVS": 0.32499999999999996, "LDOS": 0.575, "LYV": 0.3, "LKQ": 0.25, "LMT": 0.15, "L": 0.425, "LOW": 0.6, "LYB": 0.6499999999999999, "MTB": 0.75, "MRO": 0.25, "MPC": 0.6, "MAR": 0.6, "MMC": 0.65, "MLM": 0.6, "MAS": 0.525, "MA": 0.5, "MTCH": 0.5, "MKC": 0.75, "MCD": 0.3, "MCK": 0.1, "MDT": 0.525, "MRK": 0.75, "MET": 0.35, "MTD": 0.32499999999999996, "MGM": 0.35, "MU": 0.6749999999999999, "MSFT": 0.15, "MHK": 0.525, "MOH": 0.2, "TAP": 0.25, "MCO": 0.42500000000000004, "MSI": 0.6, "MSCI": 0.32499999999999996, "NDAQ": 0.85, "NTAP": 0.6749999999999999, "NFLX": 0.15, "NWL": 0.475, "NEM": 0.5, "NWSA": 0.4, "NWS": 0.4, "NEE": 0.6749999999999999, "NKE": 0.75, "NI": 0.4, "NDSN": 0.4, "NSC": 0.25, "NOC": 0.475, "NCLH": 0.575, "NRG": 0.5, "NUE": 0.4, "NVDA": 0.7000000000000001, "ORLY": 0.65, "OXY": 0.4, "ODFL": 0.85, "OMC": 0.5, "ON": 0.525, "OKE": 0.42500000000000004, "ORCL": 0.85, "PKG": 0.65, "PH": 0.525, "PAYC": 0.15, "PNR": 0.5, "PEP": 0.575, "PKI": 0.25, "PFE": 0.85, "PM": 0.525, "PSX": 0.7000000000000001, "PNW": 0.25, "PXD": 0.44999999999999996, "POOL": 0.15, "PPG": 0.42500000000000004, "PFG": 0.4, "PG": 0.15, "PGR": 0.6, "PLD": 0.75, "PRU": 0.35, "PEG": 0.85, "PHM": 0.6749999999999999, "QRVO": 0.6749999999999999, "QCOM": 0.42500000000000004, "PWR": 0.5249999999999999, "DGX": 0.6749999999999999, "RL": 1.0, "RSG": 0.1, "RMD": 0.75, "RHI": 0.75, "ROK": 0.5, "ROP": 0.15, "ROST": 0.32499999999999996, "RCL": 0.4, "SPGI": 0.32499999999999996, "CRM": 0.3, "SBAC": 0.25, "SLB": 0.45, "STX": 0.6, "SEE": 0.42500000000000004, "SRE": 0.6, "NOW": 0.4, "SHW": 0.575, "SPG": 0.5, "SNA": 0.675, "SO": 0.6499999999999999, "LUV": 0.85, "SWK": 0.5, "SBUX": 0.5, "STLD": 0.5, "SYK": 0.35, "SNPS": 0.85, "SYY": 0.15, "TMUS": 0.525, "TTWO": 0.475, "TRGP": 0.65, "TEL": 0.525, "TDY": 0.85, "TFX": 0.75, "TSLA": 0.6749999999999999, "TXN": 0.65, "TXT": 0.5, "KO": 0.625, "EL": 0.32499999999999996, "HD": 0.42500000000000004, "IPG": 0.575, "SJM": 0.7, "MOS": 0.7, "TRV": 0.42500000000000004, "TMO": 0.35, "TJX": 0.6, "TSCO": 0.75, "TDG": 0.6749999999999999, "TRMB": 0.275, "UDR": 0.625, "UNP": 0.15, "UAL": 0.5, "UPS": 0.5, "URI": 0.3, "UNH": 0.75, "UHS": 0.5, "VLO": 0.675, "VTR": 0.85, "VRSK": 0.6499999999999999, "VZ": 0.45, "VRTX": 0.625, "VFC": 0.32499999999999996, "VMC": 0.4, "GWW": 0.5, "WAB": 0.32499999999999996, "WBA": 0.35, "WMT": 0.6749999999999999, "WM": 0.32499999999999996, "WAT": 0.475, "WEC": 0.6499999999999999, "WST": 0.6499999999999999, "WDC": 0.4, "WHR": 0.35, "WMB": 0.475, "WTW": 0.6749999999999999, "WYNN": 0.25, "XEL": 0.15, "XYL": 0.32499999999999996, "YUM": 0.5, "ZBRA": 0.575, "ZBH": 0.25, "ZTS": 0.32499999999999996}