{"MMM": 0.4, "AOS": 0.1, "ABT": 0.575, "ABBV": 0.42500000000000004, "ACN": 0.475, "ATVI": 0.3, "ADM": 0.6749999999999999, "ADBE": 0.65, "ADP": 0.15, "AAP": 0.35, "AFL": 0.7, "A": 0.6, "APD": 0.32499999999999996, "AKAM": 0.525, "ALK": 0.85, "ALB": 0.6749999999999999, "ALLE": 0.425, "LNT": 0.5, "ALL": 0.7, "MO": 0.6, "AMZN": 0.5, "AMD": 0, "AEE": 0.44999999999999996, "AAL": 0.42500000000000004, "AEP": 0.32499999999999996, "AIG": 0.5, "AMT": 0.475, "AWK": 0.3, "ABC": 0, "AME": 0.5, "AMGN": 0.4, "APH": 0.25, "ADI": 0.75, "AON": 0.3, "AAPL": 0.85, "AMAT": 0.6, "APTV": 0.15, "ACGL": 0.7, "AJG": 0.15, "T": 0.85, "ATO": 0.475, "ADSK": 0.6749999999999999, "AZO": 0.75, "AVB": 1.0, "AVY": 0.3, "BAX": 0.5, "BDX": 0.575, "BBY": 0.42500000000000004, "BIO": 0.275, "TECH": 0.525, "BLK": 0.475, "BK": 0.85, "BA": 0.5, "BKNG": 0.4, "BWA": 0.5, "BXP": 0.25, "BSX": 0.32499999999999996, "BMY": 0.3, "BR": 0.5, "BRO": 0.5, "CHRW": 0.32499999999999996, "CDNS": 0.175, "CZR": 0.25, "CPT": 0.25, "CPB": 0.32499999999999996, "COF": 0.5, "CAH": 0.6749999999999999, "KMX": 0.25, "CCL": 0.85, "CTLT": 0.45, "CBRE": 0.6, "CDW": 0.5, "CE": 0.9, "CNC": 0.7000000000000001, "CNP": 0.75, "CF": 0.7000000000000001, "CRL": 0.32499999999999996, "SCHW": 0.3, "CHTR": 0.525, "CVX": 0.7000000000000001, "CHD": 0.475, "CTAS": 0.6499999999999999, "CSCO": 0.35, "CMS": 0.4, "CTSH": 0.55, "CL": 0.42500000000000004, "CMCSA": 0.42500000000000004, "CAG": 0.525, "COP": 0.3, "ED": 0.85, "COO": 0.6, "CPRT": 0.42500000000000004, "GLW": 0.35, "CSGP": 0.35, "COST": 0.475, "CTRA": 0.32499999999999996, "CCI": 0.15, "CSX": 0.85, "CMI": 1.0, "CVS": 0.85, "DHI": 0.85, "DHR": 0.42500000000000004, "DRI": 0.6, "DVA": 0.42500000000000004, "DAL": 0.525, "XRAY": 0.35, "DVN": 0.35, "DXCM": 0.55, "FANG": 0.32499999999999996, "DFS": 0.15, "DISH": 0.75, "DG": 0.475, "DLTR": 0.9, "D": 0.5, "DPZ": 0.42500000000000004, "DOV": 0.85, "DTE": 0.42500000000000004, "DUK": 0.1, "EMN": 0.35, "ETN": 0.7, "EBAY": 0.75, "ECL": 0.32499999999999996, "EIX": 0.7000000000000001, "EW": 0.725, "LLY": 0.3, "EMR": 0.35, "ENPH": 0.25, "ETR": 0.825, "EOG": 0.65, "EPAM": 0.3, "EQT": 0.85, "EFX": 0.42500000000000004, "EQIX": 0.4, "EQR": 0.6749999999999999, "ESS": 0.75, "ES": 0.42500000000000004, "EXC": 0.7, "EXPE": 0.25, "EXR": 0.32499999999999996, "XOM": 0.55, "FDS": 0.5, "FAST": 0.275, "FRT": 0.15, "FDX": 0.6749999999999999, "FSLR": 0.65, "FE": 0.4, "FIS": 0.7000000000000001, "FLT": 0.15, "FMC": 0.175, "F": 0.5, "FTV": 0.175, "FCX": 0.6749999999999999, "GEN": 0.85, "GNRC": 0.475, "GD": 0.725, "GE": 0.4, "GPC": 0.425, "GILD": 0.4, "GPN": 0.3, "GS": 0.825, "HAL": 0.425, "HIG": 0.5249999999999999, "HAS": 0.3, "HCA": 0.7000000000000001, "HSIC": 0.4, "HSY": 0.5, "HES": 0.5, "HPE": 0.7, "HLT": 0.6499999999999999, "HOLX": 0.15, "HON": 0.3, "HRL": 0.5, "HST": 0.85, "HPQ": 0.85, "HUM": 0.4, "HBAN": 0.32499999999999996, "HII": 0.3, "IBM": 0.575, "IEX": 0.3, "IDXX": 0.5750000000000001, "ITW": 0.44999999999999996, "ILMN": 0.32499999999999996, "INCY": 0.4, "INTC": 0.85, "ICE": 0.32499999999999996, "IFF": 0.32499999999999996, "IP": 0.825, "INTU": 0.3, "IVZ": 0.85, "IQV": 0.75, "IRM": 0.15, "JBHT": 0.6499999999999999, "JNJ": 0.475, "JCI": 0.6749999999999999, "JNPR": 0.5, "K": 0.425, "KEYS": 0.6, "KMB": 0.75, "KIM": 0.35, "KMI": 0.1, "KLAC": 0.42500000000000004, "KHC": 0.85, "KR": 0.4, "LH": 0.7, "LRCX": 0.75, "LW": 0.42500000000000004, "LVS": 0.6499999999999999, "LDOS": 0.7, "LYV": 0.625, "LKQ": 0.25, "LMT": 0.55, "L": 0.525, "LOW": 0.75, "LYB": 0.6499999999999999, "MTB": 0.725, "MRO": 0.5, "MPC": 0.725, "MAR": 0.175, "MMC": 0.15, "MLM": 0.6749999999999999, "MAS": 0.2, "MA": 0.15, "MTCH": 0.35, "MKC": 0.4, "MCD": 0.25, "MCK": 0.5, "MDT": 0.525, "MRK": 0.6, "MTD": 0.5, "MGM": 0.6, "MCHP": 0.55, "MU": 0.85, "MSFT": 0.32499999999999996, "MHK": 0.65, "MOH": 0.4, "TAP": 0.5, "MCO": 0.42500000000000004, "MSI": 0.4, "MSCI": 0.32499999999999996, "NDAQ": 0.7, "NTAP": 0.25, "NFLX": 0.15, "NWL": 0.85, "NEM": 0.4, "NWSA": 0.35, "NWS": 0.25, "NEE": 0.85, "NKE": 0.5, "NI": 0.5, "NDSN": 0.25, "NSC": 0.75, "NOC": 0.475, "NCLH": 0.25, "NRG": 0.4, "NUE": 0.525, "NVDA": 0.6749999999999999, "NXPI": 0.85, "ORLY": 0.5, "OXY": 0.45, "ODFL": 0.9, "OMC": 0.32499999999999996, "ON": 0.7, "OKE": 0.15, "ORCL": 0.1, "PKG": 0.5, "PH": 0.5, "PNR": 0.575, "PEP": 0.575, "PKI": 0.575, "PFE": 0.85, "PM": 0.35, "PSX": 0.625, "PNW": 0.35, "PXD": 0.5, "POOL": 0.15, "PPG": 0.25, "PPL": 0.25, "PFG": 0.6749999999999999, "PG": 0.15, "PGR": 0.5, "PLD": 0.6, "PRU": 0.5, "PEG": 0.7, "PSA": 0.7999999999999999, "QRVO": 0.6749999999999999, "QCOM": 0.475, "PWR": 0.2, "DGX": 0.7000000000000001, "RL": 0.35, "RSG": 0.6, "RMD": 0.6, "RHI": 0.15, "ROK": 0.75, "ROP": 0.65, "ROST": 0.65, "RCL": 0.25, "SPGI": 0.5, "CRM": 0.15, "SBAC": 0.25, "SLB": 0.525, "SEE": 0.3, "SRE": 0.4, "NOW": 0.3, "SHW": 0.75, "SNA": 0.35, "SO": 0.6, "LUV": 0.85, "SWK": 0.525, "SBUX": 0.15, "STLD": 0.275, "SYK": 0.3, "SYF": 0.15, "SNPS": 0.6, "SYY": 0.175, "TMUS": 0.6, "TTWO": 0.32499999999999996, "TPR": 0.55, "TRGP": 0.4, "TEL": 1.0, "TDY": 0.4, "TFX": 0.3, "TSLA": 0.575, "TXN": 0.3, "TXT": 0.35, "KO": 0.15, "EL": 0.15, "HD": 0.6, "IPG": 0.42500000000000004, "SJM": 0.85, "MOS": 0.5, "TRV": 0.15, "TMO": 0.5750000000000001, "TJX": 0.75, "TSCO": 0.75, "TDG": 0.6749999999999999, "TRMB": 0.25, "UDR": 0.175, "UNP": 0.6499999999999999, "UAL": 0.525, "UPS": 0, "URI": 0.55, "UNH": 0.75, "UHS": 0.7000000000000001, "VLO": 0.575, "VTR": 0.85, "VRSK": 0.6499999999999999, "VZ": 0.75, "VMC": 0.6, "GWW": 0.3, "WAB": 0.42500000000000004, "WBA": 0.6749999999999999, "WMT": 0.675, "WM": 0.35, "WAT": 0.3, "WEC": 0.5, "WELL": 0.85, "WST": 0.5, "WDC": 0.6749999999999999, "WY": 0.1, "WHR": 0.5, "WMB": 0.475, "WTW": 0.5, "WYNN": 0.75, "XEL": 0.32499999999999996, "XYL": 0.15, "ZBRA": 0.5750000000000001, "ZBH": 0.85, "ZTS": 0.32499999999999996}