{"MMM": 0.42500000000000004, "ABT": 0.85, "ADBE": 0.15, "A": 0.6499999999999999, "APD": 0.15, "MO": 0.25, "AMZN": 0.5, "AEE": 0.35, "AEP": 0.75, "AMT": 0.32499999999999996, "ABC": 0.15, "AME": 0.275, "AMGN": 0.525, "APH": 0.5, "ADI": 0.32499999999999996, "AON": 0, "BAX": 0.75, "BDX": 0.75, "BBY": 0.42500000000000004, "BIIB": 0.65, "BK": 0.5, "BA": 0.3, "BWA": 0.25, "BXP": 0.6749999999999999, "BSX": 0.575, "BMY": 0.32499999999999996, "CCL": 0.75, "CE": 0.6499999999999999, "CNP": 0.32499999999999996, "CF": 0.85, "SCHW": 0.175, "CVX": 0.75, "CME": 0.5, "CL": 0.75, "CMCSA": 0.4, "COP": 0.6749999999999999, "GLW": 0.75, "CCI": 0.42500000000000004, "CSX": 0.6749999999999999, "CMI": 0.75, "CVS": 0.25, "DHR": 0.25, "DVA": 0.25, "XRAY": 0.625, "DVN": 0.25, "DFS": 0.475, "DISH": 0.85, "D": 0.75, "DTE": 0.35, "DUK": 0.32499999999999996, "EMN": 0.75, "EBAY": 0.35, "ECL": 0.5, "LLY": 0.6, "EMR": 0.5, "ETR": 0.42500000000000004, "EOG": 0.42500000000000004, "EQT": 0.15, "XOM": 0.45, "FSLR": 0.6499999999999999, "FE": 0.15, "FIS": 0.525, "FISV": 0.1, "FMC": 0.75, "BEN": 0.85, "GD": 0.7, "GE": 0.15, "GILD": 0.425, "HAL": 0.5, "HSY": 0.32499999999999996, "HES": 0.6749999999999999, "HOLX": 0.4, "HPQ": 0.85, "HUM": 0.35, "IBM": 0.75, "ITW": 0.75, "INTC": 0.9, "IP": 0.35, "IVZ": 0.5, "JNJ": 0.15, "JCI": 0.85, "K": 0.42500000000000004, "KMB": 0.4, "KR": 0.4, "LH": 0.25, "LMT": 0.475, "LOW": 0.75, "MRO": 0.5, "MAR": 0.32499999999999996, "MMC": 0.575, "MAS": 0.4, "MA": 0.6749999999999999, "MCD": 0.15, "MCK": 0.75, "MRK": 0.42500000000000004, "TAP": 0.35, "MCO": 0.42500000000000004, "MSI": 0.25, "NEM": 0.175, "NEE": 0.5, "NSC": 0.25, "NOC": 0.5, "NRG": 0.4, "NUE": 0.4, "OMC": 0.32499999999999996, "OKE": 0.5, "PEP": 0.6499999999999999, "PFE": 0.5249999999999999, "PM": 0.5, "PXD": 0.32499999999999996, "PPG": 0.35, "PG": 0.25, "PEG": 0.32499999999999996, "DGX": 0.375, "RSG": 0.25, "ROK": 0.32499999999999996, "CRM": 0.32499999999999996, "SLB": 0.5, "SHW": 0.42500000000000004, "SO": 0.49999999999999994, "LUV": 0.35, "SBUX": 0.6, "STLD": 0.25, "SYK": 0.5750000000000001, "TEL": 0.25, "KO": 0.85, "HD": 0.6499999999999999, "TJX": 0.85, "UNP": 0.6749999999999999, "UPS": 0.32499999999999996, "UNH": 0.575, "VTR": 0.575, "VZ": 0.42500000000000004, "VFC": 0.25, "VMC": 0.4, "GWW": 0.65, "WMT": 0.85, "WM": 0.42500000000000004, "WEC": 0.85, "WMB": 0.3, "YUM": 0.15}