{"ABT": 0.7, "ADBE": 0.15, "A": 0.6499999999999999, "APD": 0.15, "MO": 0.4, "AMZN": 0.5, "AEE": 0.525, "AEP": 0.75, "AMT": 0, "ABC": 0.15, "AME": 0.6, "AMGN": 0.6749999999999999, "APH": 0.35, "ADI": 0.475, "AON": 0.15, "BAX": 0.75, "BDX": 0.75, "BIIB": 0.6, "BK": 0.5, "BA": 0.3, "BWA": 0.25, "BXP": 0.6749999999999999, "BSX": 0.275, "BMY": 0.32499999999999996, "CCL": 0.85, "CE": 0.6499999999999999, "CF": 0.7, "SCHW": 0.32499999999999996, "CVX": 0.85, "CME": 0.5, "CL": 0.75, "CMCSA": 0.25, "COP": 0.6749999999999999, "GLW": 0.6499999999999999, "CCI": 0.15, "CSX": 0.6749999999999999, "CMI": 0.75, "CVS": 0.4, "DHR": 0.4, "DVA": 0.25, "XRAY": 0.475, "DVN": 0.3, "DFS": 0.175, "DISH": 1.0, "D": 0.75, "DTE": 0.35, "DUK": 0.32499999999999996, "EMN": 0.85, "EBAY": 0.35, "ECL": 0.5, "LLY": 0.75, "EMR": 0.65, "ETR": 0.32499999999999996, "EOG": 0.42500000000000004, "EQT": 0.15, "EQR": 0.7, "XOM": 0.6, "FSLR": 0.65, "FE": 0.15, "FIS": 0.42500000000000004, "FISV": 0.1, "FMC": 0.75, "BEN": 0.85, "GD": 0.85, "GE": 0.15, "GILD": 0.575, "HAL": 0.5, "HSY": 0.32499999999999996, "HES": 0.6749999999999999, "HOLX": 0.4, "HPQ": 0.85, "HUM": 0.35, "IBM": 0.75, "ITW": 0.75, "INTC": 0.6, "IP": 0.35, "IVZ": 0.5, "JNJ": 0.15, "JCI": 0.85, "K": 0.475, "KMB": 0.4, "LMT": 0.475, "MRO": 0.35, "MAR": 0.475, "MMC": 0.575, "MAS": 0.25, "MA": 0.5, "MCD": 0.5, "MRK": 0.525, "TAP": 0.35, "MCO": 0.42500000000000004, "MSI": 0.25, "NEM": 0.175, "NEE": 0.5, "NSC": 0.25, "NOC": 0.5, "NRG": 0.5, "NUE": 0.3, "OMC": 0.32499999999999996, "OKE": 0.35, "PEP": 0.75, "PFE": 0.85, "PM": 0.6, "PXD": 0.32499999999999996, "PPG": 0.35, "PG": 0.25, "PEG": 0.475, "DGX": 0.675, "RSG": 0.25, "ROK": 0.32499999999999996, "SLB": 0.65, "SHW": 0.42500000000000004, "SO": 0.6499999999999999, "LUV": 0.35, "SBUX": 0.75, "STLD": 0.4, "SYK": 0.32499999999999996, "TEL": 0.25, "KO": 0.7, "UNP": 0.6749999999999999, "UPS": 0.32499999999999996, "VTR": 0.475, "VZ": 0.42500000000000004, "VMC": 0.4, "GWW": 0.5, "WM": 0.525, "WEC": 0.7, "WMB": 0.15, "YUM": 0.32499999999999996}