{"Industrials": {"Price": 110.67, "Volume": 1751835.0, "P/E": 66.02419147821738, "EV": 25793923153.589996, "EBITDA": 1247181000, "EV/EBITDA": 21.167142137427874, "P/B": 4.557532613187691, "ROA": 0.022814561339869942, "CFROA": 0.056464229839283175, "MACD": -0.3049818836867644, "RSI": 49.555729708120644, "R&D": 54700000}, "Health Care": {"Price": 132.57999999999998, "Volume": 1563050.0, "P/E": 74.66414039775842, "EV": 35276374148.38, "EBITDA": 1302050000.0, "EV/EBITDA": 22.073410360508763, "P/B": 4.974882515644989, "ROA": 0.02472819875594398, "CFROA": 0.050384214929068, "MACD": -0.34804933850560715, "RSI": 48.20760664892134, "R&D": 202328000.0}, "Information Technology": {"Price": 121.225, "Volume": 2462169.0, "P/E": 89.70391038619397, "EV": 30059026095.3, "EBITDA": 1019131000.0, "EV/EBITDA": 36.27393332517782, "P/B": 6.6466383019645, "ROA": 0.0332137763539032, "CFROA": 0.06421176579372188, "MACD": -0.1693171633089392, "RSI": 45.39801352189994, "R&D": 458350000.0}, "Communication Services": {"Price": 50.23, "Volume": 2883783.0, "P/E": 59.54686907020873, "EV": 31043663752.199997, "EBITDA": 877900000, "EV/EBITDA": 20.875674335018886, "P/B": 3.4239173413496116, "ROA": 0.012444639309727517, "CFROA": 0.04851270008367749, "MACD": -0.7646887461603171, "RSI": 39.64901054197053, "R&D": 0}, "Consumer Staples": {"Price": 65.67, "Volume": 3126408.0, "P/E": 68.96656655068068, "EV": 37796211973.62, "EBITDA": 2108000000, "EV/EBITDA": 17.55762585867202, "P/B": 5.623210041108076, "ROA": 0.019073435189748644, "CFROA": 0.03438852197677067, "MACD": -0.44091579982737983, "RSI": 43.48457727275363, "R&D": 67300000}, "Consumer Discretionary": {"Price": 92.37, "Volume": 2663281.0, "P/E": 57.164658365532105, "EV": 22393754246.325, "EBITDA": 1042366000.0, "EV/EBITDA": 20.543109468494464, "P/B": 3.6790353667372138, "ROA": 0.02865125694143223, "CFROA": 0.07588356128953822, "MACD": -0.7421390787871047, "RSI": 43.63194038174528, "R&D": 0.0}, "Utilities": {"Price": 71.78, "Volume": 2631065.0, "P/E": 67.82072005896927, "EV": 38878627580.92, "EBITDA": 1832000000, "EV/EBITDA": 21.155979583484182, "P/B": 2.0578915684350294, "ROA": 0.006375053722362829, "CFROA": 0.04586214121097842, "MACD": 0.7673906846739129, "RSI": 55.15338684242528, "R&D": 0}, "Financials": {"Price": 71.445, "Volume": 2444437.0, "P/E": 28.16445876427371, "EV": 31431846807.17, "EBITDA": 1636900000.0, "EV/EBITDA": 12.295662153914735, "P/B": 1.1443644662325578, "ROA": 0.009338216050412476, "CFROA": 0.016073664142057093, "MACD": -0.24861375279796505, "RSI": 49.91648988302645, "R&D": 0.0}, "Materials": {"Price": 83.32, "Volume": 1822448.0, "P/E": 87.71400003275623, "EV": 19607870968.33, "EBITDA": 1533500000, "EV/EBITDA": 15.205580137143436, "P/B": 2.6192369953563253, "ROA": 0.012129077585113338, "CFROA": 0.05751955618486108, "MACD": 0.15933559152078658, "RSI": 54.82092006249522, "R&D": 72900000}, "Real Estate": {"Price": 71.45, "Volume": 1862440.0, "P/E": 96.81001156955817, "EV": 20547853846.04, "EBITDA": 964862000, "EV/EBITDA": 22.801812648772227, "P/B": 2.1508966032154615, "ROA": 0.01314670479608239, "CFROA": 0.05644400645985634, "MACD": -0.7765978491899403, "RSI": 46.95721939437762, "R&D": 0}, "Energy": {"Price": 27.71, "Volume": 9577506.0, "P/E": 6.880786449687501, "EV": 23606684952.649998, "EBITDA": 3033000000, "EV/EBITDA": 6.734779995882583, "P/B": 0.8460787869257327, "ROA": 0.012534059945504087, "CFROA": 0.07313694986379363, "MACD": -0.48625820802921815, "RSI": 46.18092524251237, "R&D": 0}}