{"Industrials": {"Price": 68.8, "Volume": 1427858.0, "P/E": 63.39828252871417, "EV": 15372857868.49, "EBITDA": 1047000000, "EV/EBITDA": 17.98348365366775, "P/B": 3.62568340970827, "ROA": 0.024479278505475627, "CFROA": 0.06557530770091682, "MACD": -0.28213909736864196, "RSI": 52.125668699748246, "R&D": 29000000}, "Health Care": {"Price": 81.255, "Volume": 1449357.0, "P/E": 76.1844498982434, "EV": 22287999500.0, "EBITDA": 914729500.0, "EV/EBITDA": 18.626331814315357, "P/B": 3.72333153714142, "ROA": 0.018315030260953553, "CFROA": 0.050121151068828904, "MACD": 0.12810616676919295, "RSI": 56.44487905495404, "R&D": 203936000.0}, "Information Technology": {"Price": 53.385000000000005, "Volume": 1821283.0, "P/E": 37.181873400337125, "EV": 11541091526.64, "EBITDA": 633600000.0, "EV/EBITDA": 18.52567418909579, "P/B": 2.8108727958898196, "ROA": 0.02875732797701712, "CFROA": 0.08148538192176791, "MACD": -0.11652171377337606, "RSI": 49.9691786818434, "R&D": 489689500.0}, "Communication Services": {"Price": 39.61, "Volume": 3409666.268, "P/E": 42.4915742092877, "EV": 33016275335.149998, "EBITDA": 866600000, "EV/EBITDA": 14.58069165440831, "P/B": 3.8496619305018056, "ROA": 0.009948543727897644, "CFROA": 0.07592421386290778, "MACD": 0.1846900717674771, "RSI": 56.68631472336492, "R&D": 0}, "Consumer Staples": {"Price": 72.81, "Volume": 2998181.0, "P/E": 62.93139952307692, "EV": 35443226000.0, "EBITDA": 1625000000, "EV/EBITDA": 21.467675337846153, "P/B": 4.585122410269554, "ROA": 0.02291801323773305, "CFROA": 0.07141346989593365, "MACD": 0.5229099723851363, "RSI": 64.7588166585753, "R&D": 64700000}, "Consumer Discretionary": {"Price": 67.79, "Volume": 2408513.0, "P/E": 68.25328825600772, "EV": 17322388871.739998, "EBITDA": 892000000, "EV/EBITDA": 19.908714123067647, "P/B": 3.419818079280051, "ROA": 0.032388364509434164, "CFROA": 0.0882606153550372, "MACD": -0.22124661744524587, "RSI": 52.62903041857617, "R&D": 0}, "Financials": {"Price": 50.548, "Volume": 1970286.0, "P/E": 40.48274587603926, "EV": 24011419634.8, "EBITDA": 1231000000, "EV/EBITDA": 13.473368577926419, "P/B": 1.2463067929081317, "ROA": 0.008019706435065265, "CFROA": 0.00795536213367404, "MACD": -0.4536153285179694, "RSI": 51.76649089442778, "R&D": 0}, "Materials": {"Price": 68.16, "Volume": 1399952.0, "P/E": 45.63419766410258, "EV": 13039072312.9, "EBITDA": 1028732000, "EV/EBITDA": 16.15760950833697, "P/B": 3.873825941572277, "ROA": 0.018122906529309264, "CFROA": 0.08246603338000984, "MACD": -0.16627778203904597, "RSI": 50.48341692555792, "R&D": 102000000}, "Real Estate": {"Price": 102.71000000000001, "Volume": 1173854.0, "P/E": 136.90825091985727, "EV": 22551189910.28, "EBITDA": 1039423000.0, "EV/EBITDA": 28.13869827955997, "P/B": 3.037418337751591, "ROA": 0.014420111076633397, "CFROA": 0.043490488992763615, "MACD": 1.268407310657473, "RSI": 68.14695563186822, "R&D": 0.0}, "Utilities": {"Price": 59.71, "Volume": 2212315.0, "P/E": 77.31535776614886, "EV": 29765170340.95, "EBITDA": 1583976000, "EV/EBITDA": 20.68025008289773, "P/B": 1.8896952603749628, "ROA": 0.005742126326779189, "CFROA": 0.04854368932038835, "MACD": 0.9425022343071419, "RSI": 75.53730522316809, "R&D": 0}, "Energy": {"Price": 55.79, "Volume": 4973335.5, "P/E": -4.231132443636748, "EV": 35720056075.855, "EBITDA": 1817000000.0, "EV/EBITDA": 15.78701498212709, "P/B": 2.359133509726617, "ROA": -0.010084159637781896, "CFROA": 0.027124924154223365, "MACD": 0.34519158757304425, "RSI": 55.82903881543626, "R&D": 0.0}}