{"Industrials": {"Price": 93.29, "Volume": 1522035.0, "P/E": 55.62125820660146, "EV": 20669978802.9, "EBITDA": 1247000000, "EV/EBITDA": 17.194112027160713, "P/B": 3.803624874842448, "ROA": 0.023626041792487014, "CFROA": 0.056464229839283175, "MACD": 0.8666764900415629, "RSI": 51.29109668445361, "R&D": 49000000}, "Health Care": {"Price": 116.25, "Volume": 1650862.0, "P/E": 58.54451272800993, "EV": 30201821593.199997, "EBITDA": 1560000000, "EV/EBITDA": 20.21167330125373, "P/B": 4.151091432339972, "ROA": 0.024032883614545697, "CFROA": 0.04878221012492457, "MACD": 2.658517946778673, "RSI": 52.01995828044998, "R&D": 202710000}, "Information Technology": {"Price": 95.86, "Volume": 2692772.0, "P/E": 63.46026754451613, "EV": 22303937465.64, "EBITDA": 1017000000, "EV/EBITDA": 30.58346812624226, "P/B": 5.225055899101534, "ROA": 0.032622068118021715, "CFROA": 0.0754681601120084, "MACD": 1.5414438412598486, "RSI": 51.57399822793402, "R&D": 469700000}, "Communication Services": {"Price": 39.075, "Volume": 3918338.154, "P/E": 37.669157137433714, "EV": 37612470231.64, "EBITDA": 1015714500.0, "EV/EBITDA": 13.475529287288444, "P/B": 2.430641679803835, "ROA": 0.012224278548468501, "CFROA": 0.05775843793645454, "MACD": 0.1744850000426741, "RSI": 50.10097110453622, "R&D": 0.0}, "Consumer Staples": {"Price": 62.22, "Volume": 2688342.5, "P/E": 73.29201506292912, "EV": 36221757730.94, "EBITDA": 1886248000.0, "EV/EBITDA": 16.000251727161288, "P/B": 5.613857191839956, "ROA": 0.019765378273149562, "CFROA": 0.060418188304589046, "MACD": 0.6877584647740669, "RSI": 48.19113153683564, "R&D": 61700000.0}, "Consumer Discretionary": {"Price": 73.09, "Volume": 3725301.0, "P/E": 48.7859287054409, "EV": 17255373714.16, "EBITDA": 1084500000, "EV/EBITDA": 12.818467885259551, "P/B": 2.496769412654399, "ROA": 0.030317360196171372, "CFROA": 0.07794138377353171, "MACD": 1.6044090158716102, "RSI": 51.42553770846101, "R&D": 0}, "Utilities": {"Price": 56.7625, "Volume": 2224730.0, "P/E": 61.69157113471911, "EV": 34626919912.32, "EBITDA": 1832000000, "EV/EBITDA": 19.745917457073897, "P/B": 2.048698222547142, "ROA": 0.006375053722362829, "CFROA": 0.04586214121097842, "MACD": -0.04599467804948176, "RSI": 44.704308321455166, "R&D": 0}, "Financials": {"Price": 60.56, "Volume": 2601150.0, "P/E": 26.23491300699562, "EV": 28010544017.0, "EBITDA": 1636900000.0, "EV/EBITDA": 10.53079177347837, "P/B": 0.9553838427128551, "ROA": 0.009338216050412476, "CFROA": 0.016073664142057093, "MACD": 0.1352529102262352, "RSI": 49.42275854993851, "R&D": 0.0}, "Materials": {"Price": 60.99, "Volume": 1742158.0, "P/E": 65.84694729258443, "EV": 16166237982.34, "EBITDA": 1411689000, "EV/EBITDA": 10.763757415055533, "P/B": 2.168962882845556, "ROA": 0.013249576736067647, "CFROA": 0.05751955618486108, "MACD": 0.9048096601420497, "RSI": 52.61462833913337, "R&D": 67000000}, "Real Estate": {"Price": 78.42, "Volume": 1922344.0, "P/E": 85.1959597118855, "EV": 18866006776.0, "EBITDA": 964862000, "EV/EBITDA": 21.61565847191215, "P/B": 2.2550561893842382, "ROA": 0.01314670479608239, "CFROA": 0.05644400645985634, "MACD": -0.34762092043116155, "RSI": 47.78188837123334, "R&D": 0}, "Energy": {"Price": 27.94, "Volume": 7254198.0, "P/E": 9.039797084409349, "EV": 29089637881.07, "EBITDA": 3033000000, "EV/EBITDA": 7.480196443193738, "P/B": 0.9773968337099165, "ROA": 0.012534059945504087, "CFROA": 0.07313694986379363, "MACD": 0.5464046820800519, "RSI": 54.05333003311377, "R&D": 0}}