{"Industrials": {"Price": 166.75, "Volume": 1035880.0, "P/E": 58.36238359703207, "EV": 33948211440.789997, "EBITDA": 1168141000, "EV/EBITDA": 27.398065531284708, "P/B": 6.105474713687508, "ROA": 0.030275974025974026, "CFROA": 0.01953567339635508, "MACD": 0.42097827344375105, "RSI": 53.06496467953447, "R&D": 54400000}, "Health Care": {"Price": 202.99, "Volume": 1030704.0, "P/E": 48.213562114459464, "EV": 48809510622.67999, "EBITDA": 1320200000, "EV/EBITDA": 24.279884061739967, "P/B": 5.899576153363459, "ROA": 0.04276574871150046, "CFROA": 0.05732543731727859, "MACD": 1.6677362814760102, "RSI": 58.86099503519335, "R&D": 225284000}, "Information Technology": {"Price": 167.79000000000002, "Volume": 1760930.5, "P/E": 76.66461713147413, "EV": 36126411565.229996, "EBITDA": 1243000000.0, "EV/EBITDA": 31.034945605054048, "P/B": 8.318794165311424, "ROA": 0.043737985771571244, "CFROA": 0.0605062959698969, "MACD": 1.1002086710577146, "RSI": 56.325105058634755, "R&D": 507450000.0}, "Communication Services": {"Price": 73.39, "Volume": 2615569.0, "P/E": 31.802744740900618, "EV": 40080411391.18, "EBITDA": 2931000000, "EV/EBITDA": 19.966313074374487, "P/B": 3.096158896405124, "ROA": 0.01967682308747242, "CFROA": 0.03380835966847535, "MACD": -0.14668569418119048, "RSI": 48.609683310295694, "R&D": 0}, "Consumer Staples": {"Price": 65.58, "Volume": 2526871.0, "P/E": 76.13936026165226, "EV": 48030402066.04, "EBITDA": 2528700000, "EV/EBITDA": 18.49929493928412, "P/B": 5.932630345635618, "ROA": 0.025001799985600114, "CFROA": 0.048500699749925436, "MACD": -0.08378285305396105, "RSI": 52.04059857983217, "R&D": 69000000}, "Consumer Discretionary": {"Price": 126.33, "Volume": 2042804.5, "P/E": 35.36333365052759, "EV": 32418550753.84, "EBITDA": 1083573000.0, "EV/EBITDA": 27.442014158446764, "P/B": 4.9662576520851, "ROA": 0.02435857704701926, "CFROA": 0.006079138273015514, "MACD": 0.13566244835812036, "RSI": 51.83622773994853, "R&D": 0.0}, "Financials": {"Price": 95.955, "Volume": 1788871.0, "P/E": 34.86774369630268, "EV": 48321282454.51, "EBITDA": 2595000000.0, "EV/EBITDA": 15.521542807193912, "P/B": 1.4091865552960923, "ROA": 0.008368133303946543, "CFROA": 0.0034907626133931936, "MACD": 0.7429123334592234, "RSI": 53.131011342713926, "R&D": 0.0}, "Materials": {"Price": 97.8, "Volume": 1057861.0, "P/E": 67.34670207810811, "EV": 29887471560.0, "EBITDA": 1398900000, "EV/EBITDA": 18.633087007481297, "P/B": 4.087029754169757, "ROA": 0.02040019521717911, "CFROA": 0.03948268357893428, "MACD": 0.29154449925769477, "RSI": 51.052513470342156, "R&D": 83900000}, "Real Estate": {"Price": 119.125, "Volume": 1606570.0, "P/E": 70.15828158158708, "EV": 31870284236.879997, "EBITDA": 1347562500.0, "EV/EBITDA": 27.768560519055093, "P/B": 3.152047331606326, "ROA": 0.02533930358505611, "CFROA": 0.05842315617301537, "MACD": 0.9000984357574211, "RSI": 67.29196438992827, "R&D": 0.0}, "Utilities": {"Price": 69.75, "Volume": 1804535.0, "P/E": 26.087412389784983, "EV": 42339461022.72, "EBITDA": 2421000000, "EV/EBITDA": 14.062613717461899, "P/B": 2.0451466916966967, "ROA": 0.015110155663988493, "CFROA": 0.03892433174513446, "MACD": 0.5173188847767776, "RSI": 61.19814184990911, "R&D": 0}, "Energy": {"Price": 52.925, "Volume": 5994596.5, "P/E": -6.012943947633975, "EV": 39031499547.020004, "EBITDA": 1126662500.0, "EV/EBITDA": 12.6057078381806, "P/B": 2.1939155752707644, "ROA": -0.033125310916388664, "CFROA": 0.0011211776941843475, "MACD": -0.3345343820309896, "RSI": 46.178800159065865, "R&D": 0.0}}