{"Industrials": {"Price": 72.36, "Volume": 1444988.0, "P/E": 69.79681390748772, "EV": 17000108851.16, "EBITDA": 859000000, "EV/EBITDA": 16.570104292556326, "P/B": 3.2981837260618154, "ROA": 0.023081024487989082, "CFROA": 0.036036036036036036, "MACD": 0.23133169532158604, "RSI": 56.71780515325691, "R&D": 29271000}, "Health Care": {"Price": 65.42750000000001, "Volume": 1925542.0, "P/E": 67.65727991034949, "EV": 19103303404.515, "EBITDA": 1116958000.0, "EV/EBITDA": 15.283092088558572, "P/B": 3.4165280046408695, "ROA": 0.018553723621659135, "CFROA": 0.0401416624405559, "MACD": 0.3801653995884049, "RSI": 61.55360565976214, "R&D": 204299000.0}, "Information Technology": {"Price": 41.69, "Volume": 2260816.0, "P/E": 32.39017833315944, "EV": 12731906736.769999, "EBITDA": 641000000, "EV/EBITDA": 16.765762424892703, "P/B": 3.4589699326758523, "ROA": 0.03532209654658634, "CFROA": 0.08376547181952383, "MACD": 0.30907980428601434, "RSI": 63.12577712976904, "R&D": 487832000}, "Communication Services": {"Price": 33.41, "Volume": 3302304.0, "P/E": 31.205417392833787, "EV": 20379958202.6, "EBITDA": 836000000, "EV/EBITDA": 15.90986680122738, "P/B": 3.031067877753774, "ROA": 0.012417927490722238, "CFROA": 0.04443666899930021, "MACD": 0.4158327221914426, "RSI": 67.86762736953757, "R&D": 0}, "Consumer Staples": {"Price": 67.17, "Volume": 2141471.5, "P/E": 65.361927356519, "EV": 29393397668.16, "EBITDA": 2092950000.0, "EV/EBITDA": 14.242716275877598, "P/B": 4.432952480101459, "ROA": 0.021997507804259783, "CFROA": 0.048443601053661495, "MACD": 0.1062928548366262, "RSI": 52.069919731431845, "R&D": 77450000.0}, "Consumer Discretionary": {"Price": 56.71, "Volume": 1914157.5, "P/E": 55.23103195810324, "EV": 16217460258.5, "EBITDA": 842741000.0, "EV/EBITDA": 20.574622837031786, "P/B": 3.5004900588267596, "ROA": 0.02526249141563526, "CFROA": 0.05074424098688041, "MACD": 0.3310897182591326, "RSI": 61.08116525682163, "R&D": 0.0}, "Financials": {"Price": 50.300650000000005, "Volume": 1701766.5, "P/E": 37.47171486305416, "EV": 22096280313.059998, "EBITDA": 1234300000.0, "EV/EBITDA": 17.167547385814327, "P/B": 1.3268357595704163, "ROA": 0.007444944312421532, "CFROA": 0.012664858767249994, "MACD": 0.37647550325868906, "RSI": 63.50390203760075, "R&D": 0.0}, "Materials": {"Price": 67.07335, "Volume": 1326924.5, "P/E": 55.486802140727775, "EV": 10612871021.105, "EBITDA": 751564000.0, "EV/EBITDA": 14.07682081192285, "P/B": 3.523006317340049, "ROA": 0.01538007468427955, "CFROA": 0.06272562924548933, "MACD": 0.48623910307626517, "RSI": 61.617002196947396, "R&D": 83623000.0}, "Real Estate": {"Price": 83.77, "Volume": 1119024.0, "P/E": 71.88365533681227, "EV": 21697587095.83, "EBITDA": 950913000.0, "EV/EBITDA": 31.836096448307288, "P/B": 3.560590156906973, "ROA": 0.010338277528764081, "CFROA": 0.03520421624829442, "MACD": 0.42853743276068457, "RSI": 59.03647849324646, "R&D": 0.0}, "Utilities": {"Price": 45.08, "Volume": 1998971.0, "P/E": 80.86967352882353, "EV": 26983504866.8, "EBITDA": 1335000000, "EV/EBITDA": 16.820427856208198, "P/B": 1.6032776222034044, "ROA": 0.005994127845686058, "CFROA": 0.037644249102484435, "MACD": 0.3787865062202087, "RSI": 61.795420423795534, "R&D": 0}, "Energy": {"Price": 94.69, "Volume": 3223614.5, "P/E": 19.64962318171807, "EV": 36407821643.785, "EBITDA": 4809650000.0, "EV/EBITDA": 8.398072071358499, "P/B": 2.1111448295349264, "ROA": 0.04696259097052209, "CFROA": 0.12245443725759333, "MACD": 1.6212266631778718, "RSI": 64.37457710911212, "R&D": 0.0}}