{"Industrials": {"Price": 137.93, "Volume": 1091165.0, "P/E": 65.71980830974142, "EV": 32277454539.23, "EBITDA": 1168141000, "EV/EBITDA": 24.136560209418214, "P/B": 5.463161917098247, "ROA": 0.026687847498014297, "CFROA": 0.0186298516957185, "MACD": 1.9584886194204358, "RSI": 59.55435767534412, "R&D": 54400000}, "Health Care": {"Price": 174.03500000000003, "Volume": 1142485.0, "P/E": 44.21732705396138, "EV": 42561193630.7, "EBITDA": 1400600000.0, "EV/EBITDA": 22.376884899841173, "P/B": 5.619954252696676, "ROA": 0.041681162148667864, "CFROA": 0.05419512784091238, "MACD": 0.5060695116136245, "RSI": 54.228876685700456, "R&D": 213944500.0}, "Information Technology": {"Price": 149.32, "Volume": 2346897.5, "P/E": 104.14741287869003, "EV": 35541431626.08, "EBITDA": 1055131000.0, "EV/EBITDA": 34.59454659846794, "P/B": 7.5470488815440735, "ROA": 0.038244556542421995, "CFROA": 0.056976992534413254, "MACD": 0.8002146266237027, "RSI": 58.74965279164461, "R&D": 507450000.0}, "Communication Services": {"Price": 81.99, "Volume": 2912356.0, "P/E": 29.01234225777278, "EV": 43488871072.61, "EBITDA": 2376200000.0, "EV/EBITDA": 22.097486800679842, "P/B": 3.1276364972690818, "ROA": 0.01307194150736409, "CFROA": 0.012481593156160157, "MACD": 0.21026521865785597, "RSI": 56.47621921285289, "R&D": 0.0}, "Consumer Staples": {"Price": 77.99, "Volume": 3684670.0, "P/E": 69.40749516161944, "EV": 46503751237.77, "EBITDA": 2204500000, "EV/EBITDA": 18.74159361203043, "P/B": 6.057527826596368, "ROA": 0.017047633092464237, "CFROA": 0.0034594420644019387, "MACD": 0.9839636526517808, "RSI": 58.071114740024704, "R&D": 69000000}, "Consumer Discretionary": {"Price": 125.705, "Volume": 2098396.0, "P/E": 29.020072246937794, "EV": 30655976884.175003, "EBITDA": 898953500.0, "EV/EBITDA": 25.365132496523138, "P/B": 4.89325084652689, "ROA": 0.020598520358805918, "CFROA": 0.0016691914673984437, "MACD": 0.9809540767241955, "RSI": 55.34438012669619, "R&D": 0.0}, "Financials": {"Price": 94.13, "Volume": 2291699.5, "P/E": 30.72700255524741, "EV": 39934791593.130005, "EBITDA": 2595000000.0, "EV/EBITDA": 14.70853082845759, "P/B": 1.3173009245485425, "ROA": 0.008368133303946543, "CFROA": 0.0034907626133931936, "MACD": 0.9246262446339983, "RSI": 57.01760407071086, "R&D": 0.0}, "Materials": {"Price": 105.55, "Volume": 1492835.0, "P/E": 56.92289000804624, "EV": 24145117637.879997, "EBITDA": 1398900000, "EV/EBITDA": 18.595547225901853, "P/B": 3.8646466084439077, "ROA": 0.01994941573209944, "CFROA": 0.03948268357893428, "MACD": 0.9180701881265563, "RSI": 55.681276264211675, "R&D": 83900000}, "Real Estate": {"Price": 104.105, "Volume": 1763263.5, "P/E": 57.36044885637211, "EV": 26349627566.02, "EBITDA": 1347562500.0, "EV/EBITDA": 21.548141755598344, "P/B": 2.8297146347575026, "ROA": 0.02533930358505611, "CFROA": 0.05842315617301537, "MACD": 1.0906385554881979, "RSI": 58.95674531967025, "R&D": 0.0}, "Utilities": {"Price": 66.79, "Volume": 2058958.0, "P/E": 24.610283104349854, "EV": 40868543093.200005, "EBITDA": 2421000000, "EV/EBITDA": 13.361945272274987, "P/B": 1.8855671058952703, "ROA": 0.015110155663988493, "CFROA": 0.03892433174513446, "MACD": 1.042871821741656, "RSI": 63.193699662894694, "R&D": 0}, "Energy": {"Price": 52.685, "Volume": 6280925.5, "P/E": -5.684376426068303, "EV": 43458967600.08, "EBITDA": 1126662500.0, "EV/EBITDA": 12.673752904918398, "P/B": 2.308680796320112, "ROA": -0.033125310916388664, "CFROA": 0.0011211776941843475, "MACD": 0.2853939267352086, "RSI": 54.4105091211828, "R&D": 0.0}}