{"Industrials": {"Price": 156.49, "Volume": 1054477.0, "P/E": 72.72010945327116, "EV": 33109457780.52, "EBITDA": 1168141000, "EV/EBITDA": 26.448992753177915, "P/B": 6.103606739035871, "ROA": 0.029338458938830685, "CFROA": 0.01953567339635508, "MACD": 0.5337007524071851, "RSI": 51.7536556895608, "R&D": 54400000}, "Health Care": {"Price": 202.11, "Volume": 1179207.0, "P/E": 48.918708448918466, "EV": 47812456944.82, "EBITDA": 1320200000, "EV/EBITDA": 25.324877773021335, "P/B": 5.934888620954861, "ROA": 0.04128047911022387, "CFROA": 0.048263732335725805, "MACD": 2.469497487432804, "RSI": 64.47208742851198, "R&D": 222500000}, "Information Technology": {"Price": 172.58999999999997, "Volume": 1896375.5, "P/E": 90.000664255932, "EV": 38130677259.270004, "EBITDA": 1112961500.0, "EV/EBITDA": 35.72216003112339, "P/B": 8.04098527519125, "ROA": 0.03888179279608173, "CFROA": 0.05927107922799532, "MACD": 1.7232641023603321, "RSI": 58.32900779143661, "R&D": 507450000.0}, "Communication Services": {"Price": 76.07, "Volume": 2399534.5, "P/E": 28.960746887077804, "EV": 45688465739.990005, "EBITDA": 2376200000.0, "EV/EBITDA": 22.0684964741046, "P/B": 3.14596093457473, "ROA": 0.01307194150736409, "CFROA": 0.015654357932364214, "MACD": -0.17816995448927564, "RSI": 47.20129488881628, "R&D": 0.0}, "Consumer Staples": {"Price": 67.35, "Volume": 3087027.0, "P/E": 73.77385626193548, "EV": 44057694891.14001, "EBITDA": 2240000000, "EV/EBITDA": 19.195653558078934, "P/B": 5.707950638037747, "ROA": 0.023652536332736594, "CFROA": 0.027042253521126762, "MACD": -0.0535731585259569, "RSI": 46.6299620998932, "R&D": 69000000}, "Consumer Discretionary": {"Price": 132.185, "Volume": 2095752.5, "P/E": 32.024291491081286, "EV": 30886714020.5, "EBITDA": 999794000.0, "EV/EBITDA": 29.00298868489815, "P/B": 5.309390603266881, "ROA": 0.02435857704701926, "CFROA": 0.008162632063616776, "MACD": 0.1715033962026027, "RSI": 53.10001529979999, "R&D": 0.0}, "Financials": {"Price": 93.87, "Volume": 1889879.5, "P/E": 32.43658221227364, "EV": 46531103504.130005, "EBITDA": 2595000000.0, "EV/EBITDA": 15.06540459489722, "P/B": 1.3094813172071695, "ROA": 0.008368133303946543, "CFROA": 0.0034907626133931936, "MACD": -0.12473596445462043, "RSI": 48.67251095279694, "R&D": 0.0}, "Materials": {"Price": 102.08, "Volume": 1380160.0, "P/E": 64.21916849165966, "EV": 26956585629.100002, "EBITDA": 1398900000, "EV/EBITDA": 17.835840229346765, "P/B": 3.906030631634925, "ROA": 0.01994941573209944, "CFROA": 0.03948268357893428, "MACD": -0.3853632862129146, "RSI": 48.20162602748163, "R&D": 83900000}, "Real Estate": {"Price": 116.455, "Volume": 1028724.5, "P/E": 66.0179465963297, "EV": 30710762351.760002, "EBITDA": 1347562500.0, "EV/EBITDA": 26.406939336758633, "P/B": 3.0545635804282205, "ROA": 0.02533930358505611, "CFROA": 0.05842315617301537, "MACD": 1.4057615213139485, "RSI": 60.299605283568326, "R&D": 0.0}, "Utilities": {"Price": 68.56, "Volume": 2027698.0, "P/E": 24.846509945758555, "EV": 40702117837.5, "EBITDA": 2421000000, "EV/EBITDA": 14.067973459527842, "P/B": 1.986370844253003, "ROA": 0.015110155663988493, "CFROA": 0.03892433174513446, "MACD": 0.37672099714983176, "RSI": 57.33799901318042, "R&D": 0}, "Energy": {"Price": 52.905, "Volume": 8092012.5, "P/E": -5.926841310744947, "EV": 40555434664.19, "EBITDA": 1126662500.0, "EV/EBITDA": 12.6644635455887, "P/B": 2.286079065584671, "ROA": -0.033125310916388664, "CFROA": 0.0011211776941843475, "MACD": -0.8143915780443649, "RSI": 40.26162272250258, "R&D": 0.0}}