{"Industrials": {"Price": 132.28, "Volume": 1238998.0, "P/E": 23.75863331726633, "EV": 30833392620.34, "EBITDA": 1602623000, "EV/EBITDA": 15.815026115204672, "P/B": 4.853833954913185, "ROA": 0.07089188482297834, "CFROA": 0.11423583886858885, "MACD": 1.624516565464475, "RSI": 67.68907681653243, "R&D": 61100000}, "Health Care": {"Price": 179.74, "Volume": 1384214.0, "P/E": 26.667659207214584, "EV": 41592966343.71, "EBITDA": 2789000000, "EV/EBITDA": 16.213885044270917, "P/B": 4.228484931624235, "ROA": 0.07063353261380481, "CFROA": 0.11061499151800637, "MACD": 1.492105665328026, "RSI": 56.80731849105495, "R&D": 274969000}, "Information Technology": {"Price": 154.385, "Volume": 1770811.0, "P/E": 30.66273889594283, "EV": 44220244080.015, "EBITDA": 2068400000.0, "EV/EBITDA": 20.102114280840595, "P/B": 7.102506649363516, "ROA": 0.0894059487110638, "CFROA": 0.11524551104027445, "MACD": 3.228041798261124, "RSI": 66.58246841157897, "R&D": 639318000.0}, "Communication Services": {"Price": 71.825, "Volume": 3405808.0, "P/E": 16.46898532568821, "EV": 37083235858.535, "EBITDA": 4888960500.0, "EV/EBITDA": 8.79329167753181, "P/B": 2.2343504520119115, "ROA": 0.048694836599976865, "CFROA": 0.08697248946263166, "MACD": 0.24169503925558722, "RSI": 56.11271298294383, "R&D": 0.0}, "Consumer Staples": {"Price": 81.1, "Volume": 3769919.0, "P/E": 28.62805627184116, "EV": 51119934236.92, "EBITDA": 3438000000, "EV/EBITDA": 16.172162095503456, "P/B": 4.742782264574873, "ROA": 0.06262176454216532, "CFROA": 0.117446929878173, "MACD": 0.5839502609333636, "RSI": 62.94076076649807, "R&D": 84000000}, "Consumer Discretionary": {"Price": 103.61, "Volume": 2383975.0, "P/E": 16.764562301396328, "EV": 26408410610.2, "EBITDA": 1899139000, "EV/EBITDA": 13.130203175870497, "P/B": 2.802073439036613, "ROA": 0.07933439385184604, "CFROA": 0.12415303155885714, "MACD": 1.0734628809760807, "RSI": 61.61301646972466, "R&D": 0}, "Utilities": {"Price": 73.5, "Volume": 2594666.5, "P/E": 23.620726167176123, "EV": 40051794119.515, "EBITDA": 2624000000.0, "EV/EBITDA": 12.751283203570203, "P/B": 2.2952347614212254, "ROA": 0.024474440658036375, "CFROA": 0.05073062769912859, "MACD": 0.5067328550515242, "RSI": 65.54644435634665, "R&D": 0.0}, "Financials": {"Price": 99.65, "Volume": 1890022.0, "P/E": 10.378197729672207, "EV": 39758610221.25, "EBITDA": 4399000000, "EV/EBITDA": 8.625662038779188, "P/B": 1.2491896453890978, "ROA": 0.020971359469152774, "CFROA": 0.02220549722201826, "MACD": 0.7118408789622634, "RSI": 59.706265044147926, "R&D": 0}, "Materials": {"Price": 101.775, "Volume": 1256041.0, "P/E": 21.290178553302887, "EV": 27822113122.33, "EBITDA": 2674500000.0, "EV/EBITDA": 10.789961933420834, "P/B": 3.2323152304832536, "ROA": 0.06101422480229412, "CFROA": 0.09761546619787026, "MACD": 0.47652726249950916, "RSI": 60.39864811865733, "R&D": 96650000.0}, "Real Estate": {"Price": 105.79, "Volume": 1322125.0, "P/E": 35.42984350035195, "EV": 30759613900.0, "EBITDA": 1617508000, "EV/EBITDA": 21.19748666926144, "P/B": 2.905176929181119, "ROA": 0.03348704103001298, "CFROA": 0.07581339849016171, "MACD": 1.0020026069017547, "RSI": 61.92609541618729, "R&D": 0}, "Energy": {"Price": 77.955, "Volume": 6993899.0, "P/E": 19.269143174838135, "EV": 55802145240.5, "EBITDA": 5163500000.0, "EV/EBITDA": 11.118013433849065, "P/B": 2.441672465340128, "ROA": 0.05660192755894935, "CFROA": 0.10494879530417964, "MACD": 0.07838105414828789, "RSI": 55.43800117733391, "R&D": 0.0}}