{"Industrials": {"Price": 130.99, "Volume": 1776685.0, "P/E": 23.446359308759394, "EV": 31372995603.08, "EBITDA": 1602623000, "EV/EBITDA": 15.252120216060996, "P/B": 4.574676881407707, "ROA": 0.07089188482297834, "CFROA": 0.11423583886858885, "MACD": -1.084885747930798, "RSI": 42.50561861599636, "R&D": 61100000}, "Health Care": {"Price": 178.64, "Volume": 1911604.0, "P/E": 27.279815274393982, "EV": 46846450000.0, "EBITDA": 2657000000, "EV/EBITDA": 16.05724945616396, "P/B": 4.3452972003484565, "ROA": 0.07063353261380481, "CFROA": 0.10991882812366774, "MACD": -2.6693241844471416, "RSI": 36.03928563485335, "R&D": 274969000}, "Information Technology": {"Price": 142.565, "Volume": 2226441.0, "P/E": 30.956851484175978, "EV": 41048850107.380005, "EBITDA": 1997000000.0, "EV/EBITDA": 19.5191166606867, "P/B": 6.833264567653499, "ROA": 0.0894059487110638, "CFROA": 0.11524551104027445, "MACD": -2.3442330005822853, "RSI": 43.47589611738056, "R&D": 633500000.0}, "Communication Services": {"Price": 76.79, "Volume": 5023880.0, "P/E": 17.30823593518897, "EV": 33625942120.0, "EBITDA": 3375000000, "EV/EBITDA": 9.68731472333405, "P/B": 2.2851762638650115, "ROA": 0.04785727201494786, "CFROA": 0.054912998976458544, "MACD": -1.2229334505305047, "RSI": 36.777069697684546, "R&D": 0}, "Consumer Staples": {"Price": 75.18, "Volume": 3578577.0, "P/E": 29.17258972759003, "EV": 49151613721.939995, "EBITDA": 3438000000, "EV/EBITDA": 15.125467555802983, "P/B": 5.023428200970775, "ROA": 0.06409109878972158, "CFROA": 0.12602976651040007, "MACD": 0.7892094609751297, "RSI": 46.549598899814406, "R&D": 84000000}, "Consumer Discretionary": {"Price": 111.81, "Volume": 2794028.0, "P/E": 19.881990842043926, "EV": 27888337875.85, "EBITDA": 1888000000, "EV/EBITDA": 14.450530737627973, "P/B": 3.193614423425036, "ROA": 0.07263227285678663, "CFROA": 0.1078058288472248, "MACD": -0.8512831445017923, "RSI": 45.226724728137, "R&D": 0}, "Utilities": {"Price": 70.555, "Volume": 2856515.0, "P/E": 22.112414031912714, "EV": 39201571084.815, "EBITDA": 2624000000.0, "EV/EBITDA": 12.31467811468997, "P/B": 2.2999133962223053, "ROA": 0.024474440658036375, "CFROA": 0.05073062769912859, "MACD": 0.2115211760042648, "RSI": 38.91211884460404, "R&D": 0.0}, "Financials": {"Price": 108.41, "Volume": 2825624.0, "P/E": 11.217056118481704, "EV": 40415859505.88, "EBITDA": 4399000000, "EV/EBITDA": 8.27389578902024, "P/B": 1.2587829612076487, "ROA": 0.020971359469152774, "CFROA": 0.02220549722201826, "MACD": -1.7720728768507001, "RSI": 34.55885204833788, "R&D": 0}, "Materials": {"Price": 114.78999999999999, "Volume": 2430962.5, "P/E": 20.72724914777857, "EV": 26751484856.989998, "EBITDA": 2674500000.0, "EV/EBITDA": 11.810343152525508, "P/B": 3.551258657833749, "ROA": 0.06101422480229412, "CFROA": 0.09761546619787026, "MACD": -0.11710305174649704, "RSI": 45.38940771124132, "R&D": 96650000.0}, "Real Estate": {"Price": 116.84, "Volume": 1699393.0, "P/E": 40.42614891661867, "EV": 30716259767.91, "EBITDA": 1617508000, "EV/EBITDA": 21.98216085050905, "P/B": 3.212482809988001, "ROA": 0.03348704103001298, "CFROA": 0.07581339849016171, "MACD": -0.808725286637916, "RSI": 34.094024966501905, "R&D": 0}, "Energy": {"Price": 80.33500000000001, "Volume": 8407630.5, "P/E": 20.117326148689827, "EV": 57959784677.8, "EBITDA": 5163500000.0, "EV/EBITDA": 11.260658348754353, "P/B": 2.548902481888398, "ROA": 0.05660192755894935, "CFROA": 0.10494879530417964, "MACD": 0.05238990262858678, "RSI": 47.87008541041105, "R&D": 0.0}}