{"Industrials": {"Price": 74.37, "Volume": 1387614.5, "P/E": 68.21810095518089, "EV": 16479149878.985, "EBITDA": 949000000.0, "EV/EBITDA": 17.73226278947518, "P/B": 4.106034009768756, "ROA": 0.023175306828340243, "CFROA": 0.055762052018877614, "MACD": 0.09569757632701581, "RSI": 48.21741466589947, "R&D": 28501000.0}, "Health Care": {"Price": 83.13499999999999, "Volume": 1284946.0, "P/E": 86.8433471656706, "EV": 25329182934.5817, "EBITDA": 963058500.0, "EV/EBITDA": 16.529375950157785, "P/B": 4.037397297662061, "ROA": 0.018272180381331708, "CFROA": 0.04537430411745316, "MACD": 0.4744441948745006, "RSI": 55.61306665668984, "R&D": 202331500.0}, "Information Technology": {"Price": 54.335, "Volume": 2216885.5, "P/E": 29.78337801423764, "EV": 12032578573.27, "EBITDA": 518962000.0, "EV/EBITDA": 14.992143717384145, "P/B": 3.926355174586826, "ROA": 0.03201094669039059, "CFROA": 0.0588642156026769, "MACD": 0.05600459470644381, "RSI": 51.039941455506735, "R&D": 342296000.0}, "Communication Services": {"Price": 34.14, "Volume": 4106807.5, "P/E": 28.546448234228578, "EV": 31435038184.52, "EBITDA": 1243318000.0, "EV/EBITDA": 17.56976640246186, "P/B": 4.0398295560941735, "ROA": 0.006798655394725765, "CFROA": 0.030931086883289532, "MACD": 0.3120505344797806, "RSI": 57.387826846826435, "R&D": 0.0}, "Consumer Staples": {"Price": 62.55, "Volume": 2206561.0, "P/E": 51.773415005065665, "EV": 33595326000.0, "EBITDA": 2120000000, "EV/EBITDA": 14.333294072151253, "P/B": 4.1478186740906775, "ROA": 0.024378270644949095, "CFROA": 0.0524283283152245, "MACD": 0.07930265831662098, "RSI": 47.26915339327045, "R&D": 79000000}, "Consumer Discretionary": {"Price": 66.84, "Volume": 2317028.0, "P/E": 57.737763358890575, "EV": 16298317057.310001, "EBITDA": 841000000, "EV/EBITDA": 21.50763827116018, "P/B": 3.8689197587984534, "ROA": 0.028696285506190824, "CFROA": 0.07426822059208313, "MACD": -0.02089006094728063, "RSI": 48.59992721603379, "R&D": 0}, "Financials": {"Price": 48.474999999999994, "Volume": 1687876.5, "P/E": 34.538937441964634, "EV": 24038709659.875, "EBITDA": 1283500000.0, "EV/EBITDA": 12.195086029139642, "P/B": 1.3070746088483083, "ROA": 0.005942207764665169, "CFROA": 0.008208749225257283, "MACD": 0.20696774001316065, "RSI": 50.882079636032046, "R&D": 0.0}, "Materials": {"Price": 68.24, "Volume": 1502047.0, "P/E": 72.15538911917197, "EV": 13696969375.07, "EBITDA": 1048000000, "EV/EBITDA": 14.59912092599846, "P/B": 4.278103826481849, "ROA": 0.014324501451174984, "CFROA": 0.07149107226325138, "MACD": 0.41024753338017206, "RSI": 51.30135222395422, "R&D": 88310000}, "Real Estate": {"Price": 82.26, "Volume": 1136689.0, "P/E": 53.15164234409413, "EV": 22574881429.95, "EBITDA": 990957000, "EV/EBITDA": 25.88744457433291, "P/B": 3.2168964705882352, "ROA": 0.02230684354073239, "CFROA": 0.06639070790419224, "MACD": -0.2285792757022449, "RSI": 50.06751505184562, "R&D": 0}, "Utilities": {"Price": 48.35, "Volume": 1769212.0, "P/E": 69.78199105702147, "EV": 27029387644.42, "EBITDA": 1687000000, "EV/EBITDA": 16.763500996345904, "P/B": 1.5421054229898021, "ROA": 0.006201163824131455, "CFROA": 0.03799215859517367, "MACD": -0.09630224944147159, "RSI": 49.5955223355087, "R&D": 0}, "Energy": {"Price": 78.89, "Volume": 4141729.0, "P/E": 21.25911537745495, "EV": 36285617000.0, "EBITDA": 6488000000, "EV/EBITDA": 8.814980230699302, "P/B": 2.0475689788621496, "ROA": 0.04235343848685028, "CFROA": 0.10414082777893435, "MACD": -0.37698252578044134, "RSI": 39.1830375505372, "R&D": 0}}