{"Health Care": {"Price": 38.01, "Volume": 4352312.0, "P/E": 52.35239483048924, "EV": 20251531825.5, "EBITDA": 1974200000, "EV/EBITDA": 12.246393067667086, "P/B": 2.7579218848176645, "ROA": 0.021330387858377747, "CFROA": 0.04614372653241255, "MACD": 0.6202365621544956, "RSI": 68.07223624134721, "R&D": 783324000}, "Information Technology": {"Price": 33.245, "Volume": 5047041.0, "P/E": 19.130455251854464, "EV": 14381348781.84, "EBITDA": 1117906000.0, "EV/EBITDA": 10.90824027628614, "P/B": 1.978249579706691, "ROA": 0.039992618355616516, "CFROA": 0.04444615168353184, "MACD": 0.26117217893939326, "RSI": 56.82091315114456, "R&D": 334943500.0}, "Materials": {"Price": 45.65, "Volume": 2359446.0, "P/E": 27.84738359550562, "EV": 10203523821.21, "EBITDA": 803000000, "EV/EBITDA": 9.818992684277317, "P/B": 2.099027863838891, "ROA": 0.02517185354961257, "CFROA": 0.06941816461684011, "MACD": 0.6835749747232356, "RSI": 58.96030349254779, "R&D": 70000000}, "Consumer Staples": {"Price": 56.155, "Volume": 6166951.0, "P/E": 57.71033581624849, "EV": 48603208668.3, "EBITDA": 4961500000.0, "EV/EBITDA": 11.197268436168287, "P/B": 4.8536582727800806, "ROA": 0.028242099356415966, "CFROA": 0.06775409171109442, "MACD": 0.6102566635873323, "RSI": 70.57874329100673, "R&D": 87250000.0}, "Consumer Discretionary": {"Price": 31.45, "Volume": 7252012.0, "P/E": 18.81783672081413, "EV": 14415678666.866402, "EBITDA": 1974000000, "EV/EBITDA": 8.520682853866596, "P/B": 1.8977645650048702, "ROA": 0.038851985288598664, "CFROA": 0.0636123136123136, "MACD": 0.15946129078444216, "RSI": 53.92799338250539, "R&D": 0}, "Utilities": {"Price": 36.54, "Volume": 2527553.0, "P/E": 48.470739478144736, "EV": 24738354360.18, "EBITDA": 1916000000, "EV/EBITDA": 12.24604244460606, "P/B": 1.4134088736500876, "ROA": 0.00616577992143603, "CFROA": 0.0408250053157559, "MACD": 0.375491389153936, "RSI": 66.84163791711231, "R&D": 0}, "Real Estate": {"Price": 59.89, "Volume": 1744379.0, "P/E": 130.46932281556528, "EV": 18244006826.81, "EBITDA": 696923000, "EV/EBITDA": 27.275270052631353, "P/B": 4.241040434469646, "ROA": 0.008054965975161685, "CFROA": 0.08780834362271693, "MACD": 0.8844360748463984, "RSI": 63.091056005916904, "R&D": 0}, "Industrials": {"Price": 62.49, "Volume": 3053051.0, "P/E": 55.202959865269854, "EV": 25072437944.6, "EBITDA": 1857500000.0, "EV/EBITDA": 15.367772412004623, "P/B": 3.040550200766466, "ROA": 0.019629621205704828, "CFROA": 0.06031929946172965, "MACD": 0.4756794504533062, "RSI": 60.712691269156565, "R&D": 93900000.0}, "Financials": {"Price": 30.6, "Volume": 2795893.0, "P/E": 24.86283063581705, "EV": 17789098461.0, "EBITDA": 789000000, "EV/EBITDA": 17.701456782842993, "P/B": 1.4009897910485687, "ROA": 0.010438447134381357, "CFROA": 0.017570215545395167, "MACD": 0.11501737529604128, "RSI": 50.99509868180034, "R&D": 0}, "Energy": {"Price": 59.0568, "Volume": 6554860.0, "P/E": 14.15788901694583, "EV": 32177605976.8, "EBITDA": 4135000000, "EV/EBITDA": 7.520291106924463, "P/B": 2.0666523528415226, "ROA": 0.06003503220702904, "CFROA": 0.08791538369256609, "MACD": 0.3764865519927376, "RSI": 54.18388651168207, "R&D": 0}, "Communication Services": {"Price": 33.675, "Volume": 14271148.0, "P/E": 38.52369387509353, "EV": 41023151175.0, "EBITDA": 5776896500.0, "EV/EBITDA": 6.982721555842012, "P/B": 1.0333615756524162, "ROA": 0.012294195805889967, "CFROA": 0.05966110550761035, "MACD": 0.20282209960016218, "RSI": 63.366779015328255, "R&D": 0.0}}