{"Materials": {"Price": 86.39, "Volume": 1611189.0, "P/E": 68.03101631245865, "EV": 21979239538.62, "EBITDA": 1230400000, "EV/EBITDA": 17.863491172480494, "P/B": 3.3372225096215904, "ROA": 0.020146750679332737, "CFROA": 0.06219504068592245, "MACD": 0.5345094569551776, "RSI": 55.96282460472019, "R&D": 114700000}, "Health Care": {"Price": 31.55, "Volume": 3372291.0, "P/E": 14.903751759779734, "EV": 8238590859.550001, "EBITDA": 347382000, "EV/EBITDA": 21.22033234422378, "P/B": 2.9512171117358883, "ROA": 0.009783826536942592, "CFROA": -0.008827598609835936, "MACD": 0.1430829729620342, "RSI": 63.795115819700186, "R&D": 0}, "Information Technology": {"Price": 34.295, "Volume": 3812913.0, "P/E": 48.18095818271133, "EV": 12950860377.829998, "EBITDA": 1221325500.0, "EV/EBITDA": 17.491466931567675, "P/B": 2.7159046973989978, "ROA": 0.034727254307088166, "CFROA": -0.029531983151942064, "MACD": 0.45491955025544506, "RSI": 61.393161637519256, "R&D": 305070000.0}, "Industrials": {"Price": 55.98, "Volume": 5442431.0, "P/E": 56.253330907690255, "EV": 12060062489.2306, "EBITDA": 2677000000, "EV/EBITDA": 16.884103417952932, "P/B": 4.302874269797794, "ROA": 0.03278903821739702, "CFROA": 0.07652234820295058, "MACD": 0.43381576664373966, "RSI": 61.96165737168125, "R&D": 198900000}, "Financials": {"Price": 39.21, "Volume": 2537718.0, "P/E": 6.075150732232174, "EV": 5696369586.93, "EBITDA": 2226125000, "EV/EBITDA": 2.558872294651019, "P/B": 1.1366358750802705, "ROA": 0.13500906977977767, "CFROA": 0.08179452765050119, "MACD": -0.03155410203019926, "RSI": 53.993912818951365, "R&D": 0}, "Consumer Discretionary": {"Price": 15.85, "Volume": 20386150.0, "P/E": 12.422202834179357, "EV": 11131835000.0, "EBITDA": 1929800000, "EV/EBITDA": 5.768387915846201, "P/B": 3.1965697880099055, "ROA": 0.14807623044519957, "CFROA": 0.14618143096509498, "MACD": 0.3868897960812063, "RSI": 64.70157130006962, "R&D": 0}}