{"Industrials": {"Price": 71.49000000000001, "Volume": 1340543.0, "P/E": 67.53171452148183, "EV": 16022290051.449999, "EBITDA": 949000000.0, "EV/EBITDA": 17.6476055209561, "P/B": 4.020731495934326, "ROA": 0.023175306828340243, "CFROA": 0.055762052018877614, "MACD": -0.3814329311103748, "RSI": 41.608705305354235, "R&D": 28501000.0}, "Health Care": {"Price": 84.9, "Volume": 1464054.0, "P/E": 86.03217423008445, "EV": 25603582384.379997, "EBITDA": 963058500.0, "EV/EBITDA": 16.630573129946335, "P/B": 4.079355204146927, "ROA": 0.018272180381331708, "CFROA": 0.04537430411745316, "MACD": 0.24457592269254746, "RSI": 49.92657330731541, "R&D": 202331500.0}, "Information Technology": {"Price": 50.385, "Volume": 2376607.0, "P/E": 26.16016890543366, "EV": 11926722035.2, "EBITDA": 540224000, "EV/EBITDA": 14.569768295130393, "P/B": 3.592718737910225, "ROA": 0.03652103399341785, "CFROA": 0.05852835180876785, "MACD": -0.2733643070184897, "RSI": 42.56279206838035, "R&D": 366600000}, "Communication Services": {"Price": 34.8775, "Volume": 2389113.0, "P/E": 29.26538089344715, "EV": 30422806467.48, "EBITDA": 1243318000.0, "EV/EBITDA": 17.612915154957143, "P/B": 3.9522592243474914, "ROA": 0.006798655394725765, "CFROA": 0.030931086883289532, "MACD": -0.020858747680300382, "RSI": 46.69876439969991, "R&D": 0.0}, "Consumer Staples": {"Price": 63.01, "Volume": 3320893.0, "P/E": 50.67107117954971, "EV": 33572154000.0, "EBITDA": 2120000000, "EV/EBITDA": 14.887950937950938, "P/B": 4.009669462275678, "ROA": 0.024330678109236985, "CFROA": 0.05137055837563452, "MACD": -0.29539382515116586, "RSI": 47.74234272469743, "R&D": 79000000}, "Consumer Discretionary": {"Price": 70.22, "Volume": 2175982.0, "P/E": 59.97919658543889, "EV": 16376322705.04, "EBITDA": 841000000, "EV/EBITDA": 22.640371292775516, "P/B": 4.180835141083125, "ROA": 0.028696285506190824, "CFROA": 0.07426822059208313, "MACD": 0.27643129576104286, "RSI": 55.72386235002332, "R&D": 0}, "Financials": {"Price": 51.0599, "Volume": 2535992.5, "P/E": 34.244499293207575, "EV": 24585500790.075, "EBITDA": 1283500000.0, "EV/EBITDA": 12.001330926030942, "P/B": 1.268710344195584, "ROA": 0.005942207764665169, "CFROA": 0.008208749225257283, "MACD": -0.031053232392768138, "RSI": 48.730567301632036, "R&D": 0.0}, "Materials": {"Price": 65.1, "Volume": 1464049.0, "P/E": 67.45520617591849, "EV": 13135522483.32, "EBITDA": 1048000000, "EV/EBITDA": 14.147534915185927, "P/B": 4.01351825400782, "ROA": 0.014324501451174984, "CFROA": 0.07149107226325138, "MACD": -0.46610729630053527, "RSI": 40.13226889133225, "R&D": 88310000}, "Real Estate": {"Price": 81.07, "Volume": 1357004.0, "P/E": 49.56545364933569, "EV": 21116532593.39, "EBITDA": 990957000, "EV/EBITDA": 25.55390105209657, "P/B": 3.1674057556561084, "ROA": 0.02230684354073239, "CFROA": 0.06639070790419224, "MACD": -0.7468862374516902, "RSI": 45.868404649545816, "R&D": 0}, "Utilities": {"Price": 45.57, "Volume": 2402234.0, "P/E": 64.64658126587656, "EV": 26107539731.050003, "EBITDA": 1687000000, "EV/EBITDA": 15.825526700182055, "P/B": 1.4488567314368364, "ROA": 0.006201163824131455, "CFROA": 0.03799215859517367, "MACD": -0.5832625198166994, "RSI": 41.66119758349618, "R&D": 0}, "Energy": {"Price": 72.82, "Volume": 4644582.0, "P/E": 19.769921967120265, "EV": 35859851795.56, "EBITDA": 6488000000, "EV/EBITDA": 8.072628660725064, "P/B": 2.046612844029643, "ROA": 0.04235343848685028, "CFROA": 0.10414082777893435, "MACD": -0.9223895852322528, "RSI": 33.36751554551829, "R&D": 0}}