{"Industrials": {"Price": 121.045, "Volume": 1538052.5, "P/E": 79.76660040724963, "EV": 28408131304.445, "EBITDA": 1330090500.0, "EV/EBITDA": 23.564645646668822, "P/B": 4.897943980504089, "ROA": 0.022062025344526334, "CFROA": 0.054663661873993276, "MACD": 0.5650093707544563, "RSI": 46.80977096591984, "R&D": 55550000.0}, "Health Care": {"Price": 160.04500000000002, "Volume": 1703384.5, "P/E": 72.43200986051129, "EV": 38692383480.745, "EBITDA": 1424500000.0, "EV/EBITDA": 23.9015242561943, "P/B": 5.453210880113014, "ROA": 0.026973066342879513, "CFROA": 0.04766160751470977, "MACD": 1.2772227903320044, "RSI": 55.2862592991719, "R&D": 202328000.0}, "Information Technology": {"Price": 142.965, "Volume": 2368577.5, "P/E": 106.12722106069248, "EV": 32400079973.92, "EBITDA": 1005427000.0, "EV/EBITDA": 38.90724466156816, "P/B": 7.4565728635019894, "ROA": 0.03397770094321243, "CFROA": 0.0601177383430848, "MACD": 2.0351183944112563, "RSI": 54.61874139020371, "R&D": 466900000.0}, "Communication Services": {"Price": 65.775, "Volume": 3510162.0, "P/E": 57.3084832511716, "EV": 40162570839.7, "EBITDA": 1015714500.0, "EV/EBITDA": 29.2029538256008, "P/B": 3.907737980378915, "ROA": 0.012224278548468501, "CFROA": 0.03778415691188657, "MACD": 1.0869085951387767, "RSI": 53.97947366234567, "R&D": 0.0}, "Consumer Staples": {"Price": 75.67, "Volume": 3202521.0, "P/E": 76.43322446944954, "EV": 41005506562.27, "EBITDA": 2108000000, "EV/EBITDA": 18.677285906672118, "P/B": 5.723456025481857, "ROA": 0.019073435189748644, "CFROA": 0.03438852197677067, "MACD": 0.0957470500249542, "RSI": 50.03983935967785, "R&D": 67300000}, "Consumer Discretionary": {"Price": 111.85, "Volume": 3020604.0, "P/E": 67.63786914622317, "EV": 23292094765.5, "EBITDA": 1056866000.0, "EV/EBITDA": 21.090582182119746, "P/B": 4.125406819928807, "ROA": 0.025285754186814138, "CFROA": 0.06555346356451376, "MACD": 1.1387644228851954, "RSI": 50.393176244683346, "R&D": 0.0}, "Utilities": {"Price": 65.655, "Volume": 2825306.0, "P/E": 61.367536188553025, "EV": 36450144770.72, "EBITDA": 1832000000, "EV/EBITDA": 20.591262237226278, "P/B": 1.914694822691449, "ROA": 0.006375053722362829, "CFROA": 0.04586214121097842, "MACD": -0.6504899190164366, "RSI": 43.43352746603723, "R&D": 0}, "Financials": {"Price": 91.005, "Volume": 2711053.5, "P/E": 36.18128399678527, "EV": 36701931948.905, "EBITDA": 1594000000.0, "EV/EBITDA": 13.963762428170218, "P/B": 1.3208643076796984, "ROA": 0.009338216050412476, "CFROA": 0.016073664142057093, "MACD": 0.8760363542419611, "RSI": 56.639908104935785, "R&D": 0.0}, "Materials": {"Price": 98.58, "Volume": 1588444.0, "P/E": 90.2635010081416, "EV": 20031445252.600002, "EBITDA": 1411689000, "EV/EBITDA": 15.943525352276348, "P/B": 3.2292078292217985, "ROA": 0.012129077585113338, "CFROA": 0.05323460249161955, "MACD": 0.4827625985593329, "RSI": 50.02075287379919, "R&D": 77300000}, "Real Estate": {"Price": 82.27, "Volume": 2249693.0, "P/E": 106.46701043138117, "EV": 20756247057.6, "EBITDA": 964862000, "EV/EBITDA": 23.141356223262125, "P/B": 2.4280933222108385, "ROA": 0.01314670479608239, "CFROA": 0.05644400645985634, "MACD": 0.0058344940207639695, "RSI": 43.012285357239804, "R&D": 0}, "Energy": {"Price": 37.5, "Volume": 5406951.0, "P/E": 11.3242822774375, "EV": 29110358031.98, "EBITDA": 3033000000, "EV/EBITDA": 8.497976592407044, "P/B": 1.2229613121851863, "ROA": 0.012534059945504087, "CFROA": 0.07313694986379363, "MACD": 0.6141121603223496, "RSI": 52.33780765370228, "R&D": 0}}