{"Industrials": {"Price": 71.84, "Volume": 1181977.0, "P/E": 67.72539809550989, "EV": 15444146152.630001, "EBITDA": 1047000000, "EV/EBITDA": 17.816177270716196, "P/B": 3.878149576503993, "ROA": 0.024479278505475627, "CFROA": 0.07365990583122058, "MACD": 0.1713225085682737, "RSI": 54.19778158749474, "R&D": 29000000}, "Health Care": {"Price": 81.125, "Volume": 1241345.5, "P/E": 80.8605339979807, "EV": 23876448868.125, "EBITDA": 914729500.0, "EV/EBITDA": 18.501808430843248, "P/B": 3.819993941151152, "ROA": 0.018315030260953553, "CFROA": 0.050121151068828904, "MACD": -0.17858547970871186, "RSI": 45.93441438866133, "R&D": 203936000.0}, "Information Technology": {"Price": 58.445, "Volume": 1856992.5, "P/E": 41.1366176605501, "EV": 15265612892.35, "EBITDA": 633600000.0, "EV/EBITDA": 22.66257038976486, "P/B": 3.5175005668981036, "ROA": 0.02606338211295707, "CFROA": 0.07544730026031365, "MACD": 0.38123659710654145, "RSI": 60.03756273134853, "R&D": 465010500.0}, "Communication Services": {"Price": 42.15, "Volume": 2570590.0, "P/E": 39.71824898524207, "EV": 22559787438.75, "EBITDA": 368109000, "EV/EBITDA": 17.269771894123483, "P/B": 3.839882318697323, "ROA": 0.0047568710359408035, "CFROA": 0.06751634869806358, "MACD": 0.27036761409996757, "RSI": 57.054600503339856, "R&D": 0}, "Consumer Staples": {"Price": 73.555, "Volume": 3165538.5, "P/E": 57.166096797272104, "EV": 38398181821.115005, "EBITDA": 1954000000.0, "EV/EBITDA": 20.626633405241, "P/B": 4.287493107229931, "ROA": 0.022927308054273225, "CFROA": 0.07095297778891017, "MACD": -0.13247237561517622, "RSI": 46.1589689149785, "R&D": 62750000.0}, "Consumer Discretionary": {"Price": 71.13, "Volume": 3145830.0, "P/E": 60.39171296496408, "EV": 18852539477.25, "EBITDA": 912400000, "EV/EBITDA": 21.778212795011335, "P/B": 3.930115416599416, "ROA": 0.032388364509434164, "CFROA": 0.0882606153550372, "MACD": 0.037827310757649, "RSI": 49.00438698255511, "R&D": 0}, "Financials": {"Price": 56.87, "Volume": 1570709.0, "P/E": 40.31243562834873, "EV": 24147018946.800003, "EBITDA": 1231000000, "EV/EBITDA": 16.97240312060606, "P/B": 1.2572485563835423, "ROA": 0.008019706435065265, "CFROA": 0.00795536213367404, "MACD": 0.6854671470629867, "RSI": 61.18454450914569, "R&D": 0}, "Materials": {"Price": 77.34, "Volume": 1304037.0, "P/E": 44.309298837877556, "EV": 13211234449.08, "EBITDA": 1028732000, "EV/EBITDA": 17.542310315920965, "P/B": 3.943057574116905, "ROA": 0.018122906529309264, "CFROA": 0.08246603338000984, "MACD": 0.026242817056726153, "RSI": 50.76172377948304, "R&D": 102000000}, "Real Estate": {"Price": 102.37, "Volume": 899413.0, "P/E": 136.62391634075132, "EV": 23513337121.46, "EBITDA": 1039423000.0, "EV/EBITDA": 27.189733743795202, "P/B": 3.003717127135883, "ROA": 0.014420111076633397, "CFROA": 0.043490488992763615, "MACD": -0.30275984179366233, "RSI": 46.55459568156568, "R&D": 0.0}, "Utilities": {"Price": 53.59, "Volume": 1685848.0, "P/E": 71.7943207627864, "EV": 28114309758.58, "EBITDA": 1583976000, "EV/EBITDA": 19.763906066022727, "P/B": 1.7677859981002362, "ROA": 0.005742126326779189, "CFROA": 0.04854368932038835, "MACD": -0.6030976851194225, "RSI": 36.15860071372673, "R&D": 0}, "Energy": {"Price": 53.8, "Volume": 4571432.5, "P/E": -4.447898460286206, "EV": 36424378828.244995, "EBITDA": 1817000000.0, "EV/EBITDA": 15.46938121449374, "P/B": 2.2771132859975323, "ROA": -0.010084159637781896, "CFROA": 0.027124924154223365, "MACD": 0.39967044568828847, "RSI": 51.17162900672162, "R&D": 0.0}}