{"Industrials": {"Price": 62.39, "Volume": 4535712.0, "P/E": 44.338338869319, "EV": 23614654526.72, "EBITDA": 1969000000, "EV/EBITDA": 12.939572556908667, "P/B": 2.3131554077165215, "ROA": 0.02127279606904055, "CFROA": 0.060352831940575676, "MACD": -0.8888606781195563, "RSI": 46.95221474025506, "R&D": 131000000}, "Health Care": {"Price": 38.305, "Volume": 5256095.5, "P/E": 49.83617160911649, "EV": 19567433035.614998, "EBITDA": 2046766000.0, "EV/EBITDA": 11.127955697213768, "P/B": 2.3868220338989006, "ROA": 0.02131518261660605, "CFROA": 0.048437809239066, "MACD": -0.28268979450395904, "RSI": 52.58762101345856, "R&D": 509500000.0}, "Consumer Staples": {"Price": 44.95, "Volume": 4844681.0, "P/E": 53.68628866568048, "EV": 26927050745.24, "EBITDA": 2737000000, "EV/EBITDA": 10.54590567481528, "P/B": 3.5005772456251982, "ROA": 0.024768425291985502, "CFROA": 0.0569274839917773, "MACD": 0.17709615964906789, "RSI": 53.10815964570435, "R&D": 81400000}, "Information Technology": {"Price": 28.275, "Volume": 5058768.0, "P/E": 17.192500003064396, "EV": 13602995796.3, "EBITDA": 1353206000.0, "EV/EBITDA": 8.733682653235293, "P/B": 2.072870305094668, "ROA": 0.041796565099381136, "CFROA": 0.023629875647754938, "MACD": -0.4398128098676892, "RSI": 48.31050921048593, "R&D": 382000000.0}, "Materials": {"Price": 37.335, "Volume": 2853228.0, "P/E": 19.20540163909814, "EV": 8696501587.1, "EBITDA": 803000000, "EV/EBITDA": 8.570680375264441, "P/B": 1.7604427975814383, "ROA": 0.02517185354961257, "CFROA": 0.06941816461684011, "MACD": -0.5401870488694342, "RSI": 49.70868602754779, "R&D": 70000000}, "Consumer Discretionary": {"Price": 27.097, "Volume": 6473451.0, "P/E": 16.00203121088676, "EV": 12294006231.08, "EBITDA": 1974000000, "EV/EBITDA": 7.5369601821737975, "P/B": 1.66521090256489, "ROA": 0.038851985288598664, "CFROA": 0.07882794554316769, "MACD": -0.050038667108672996, "RSI": 51.56194951634005, "R&D": 0}, "Utilities": {"Price": 38.37, "Volume": 3513481.0, "P/E": 47.4176263276579, "EV": 25406326633.5, "EBITDA": 1916000000, "EV/EBITDA": 12.103521390303031, "P/B": 1.3684293094204603, "ROA": 0.00616577992143603, "CFROA": 0.0408250053157559, "MACD": 0.25311214592645115, "RSI": 56.53735356933873, "R&D": 0}, "Real Estate": {"Price": 57.13455, "Volume": 1790853.0906, "P/E": 189.7336013789436, "EV": 16930013624.665, "EBITDA": 680545000.0, "EV/EBITDA": 27.008040977602267, "P/B": 4.559023733039123, "ROA": 0.00597948101920194, "CFROA": 0.07951449695605661, "MACD": 0.3546144006497727, "RSI": 58.12396518389813, "R&D": 0.0}, "Financials": {"Price": 29.26, "Volume": 3509382.0, "P/E": 18.619906775555556, "EV": 11562902040.919998, "EBITDA": 789000000, "EV/EBITDA": 13.163595905169752, "P/B": 1.1413696837617449, "ROA": 0.010438447134381357, "CFROA": 0.017570215545395167, "MACD": -0.5948437327669822, "RSI": 48.99512981317465, "R&D": 0}, "Energy": {"Price": 59.82, "Volume": 7403775.0, "P/E": 11.963473195991135, "EV": 24161064259.6, "EBITDA": 4135000000, "EV/EBITDA": 6.513589606213581, "P/B": 1.7632246204696487, "ROA": 0.06003503220702904, "CFROA": 0.08791538369256609, "MACD": -0.9932697670921229, "RSI": 48.18562436837766, "R&D": 0}, "Communication Services": {"Price": 30.44, "Volume": 11648269.0, "P/E": 34.134199329289146, "EV": 36403184500.0, "EBITDA": 5776896500.0, "EV/EBITDA": 6.46695339373299, "P/B": 0.9259427281768979, "ROA": 0.012294195805889967, "CFROA": 0.05966110550761035, "MACD": -0.6369204104735138, "RSI": 51.68296623551656, "R&D": 0.0}}