{"Industrials": {"Price": 81.075, "Volume": 1443499.0, "P/E": 71.64705357259754, "EV": 17942680651.335, "EBITDA": 1007492500.0, "EV/EBITDA": 19.76602767221819, "P/B": 4.364774774199239, "ROA": 0.020099629157956943, "CFROA": 0.05941112417844194, "MACD": 0.43242926980765617, "RSI": 62.379823090499976, "R&D": 32314500.0}, "Health Care": {"Price": 86.08, "Volume": 1795100.0, "P/E": 83.18179627962417, "EV": 27093101523.05, "EBITDA": 1526000000, "EV/EBITDA": 19.665610686811885, "P/B": 3.971605406644105, "ROA": 0.01917550839964633, "CFROA": 0.05511785636387517, "MACD": 0.8928569140920359, "RSI": 66.73720225420584, "R&D": 232100000}, "Information Technology": {"Price": 70.1, "Volume": 2589794.0, "P/E": 51.63049929548387, "EV": 21460731983.74, "EBITDA": 698000000, "EV/EBITDA": 24.3364691266319, "P/B": 4.25328755654789, "ROA": 0.024818264425261246, "CFROA": 0.06899888884906269, "MACD": 0.9013773103035021, "RSI": 65.0796207504341, "R&D": 545293000}, "Communication Services": {"Price": 44.084999999999994, "Volume": 2374372.5, "P/E": 42.955320445653605, "EV": 31679594121.980003, "EBITDA": 666060500.0, "EV/EBITDA": 23.021831175885104, "P/B": 4.9034026327175555, "ROA": 0.013637213714165264, "CFROA": 0.05463951528423812, "MACD": 0.4108116914613458, "RSI": 65.27840069410976, "R&D": 0.0}, "Consumer Staples": {"Price": 76.69, "Volume": 2639031.0, "P/E": 64.43025142267501, "EV": 40648769861.5, "EBITDA": 2446000000, "EV/EBITDA": 17.082157277207113, "P/B": 4.12895937018513, "ROA": 0.023490034074118746, "CFROA": 0.07143446341664604, "MACD": 0.3949654903570732, "RSI": 66.853537493656, "R&D": 61000000}, "Consumer Discretionary": {"Price": 66.02000000000001, "Volume": 2952417.0, "P/E": 72.09513788670945, "EV": 22918219668.489998, "EBITDA": 995381500.0, "EV/EBITDA": 21.599644212563987, "P/B": 3.6566627670812224, "ROA": 0.0258529010588593, "CFROA": 0.05841386392713692, "MACD": 0.5194840196509674, "RSI": 63.50090311091392, "R&D": 0.0}, "Financials": {"Price": 63.989999999999995, "Volume": 1758385.5, "P/E": 40.24407788592465, "EV": 25573453799.190002, "EBITDA": 1301800000.0, "EV/EBITDA": 16.171974725132017, "P/B": 1.5506426571091945, "ROA": 0.008438863000932759, "CFROA": 0.01042856661955594, "MACD": 0.16750935428162705, "RSI": 63.1514323514432, "R&D": 0.0}, "Materials": {"Price": 83.45, "Volume": 1567710.5, "P/E": 80.8126240825664, "EV": 14600864249.559998, "EBITDA": 1108050000.0, "EV/EBITDA": 15.44499299397495, "P/B": 4.6170069135871605, "ROA": 0.018414117671451954, "CFROA": 0.042690899878263286, "MACD": 0.2083870883325254, "RSI": 57.12788878900399, "R&D": 79237500.0}, "Real Estate": {"Price": 103.45, "Volume": 1202465.0, "P/E": 115.7772008952344, "EV": 20404264559.25, "EBITDA": 1095193000, "EV/EBITDA": 25.756620151321595, "P/B": 2.736336471642127, "ROA": 0.010701459393846417, "CFROA": 0.062042917622160555, "MACD": 0.5182384279114416, "RSI": 60.10676931511808, "R&D": 0}, "Utilities": {"Price": 56.8, "Volume": 2592215.0, "P/E": 94.6335776142857, "EV": 29213563827.91, "EBITDA": 1277000000, "EV/EBITDA": 21.732431847142152, "P/B": 2.0635710399506872, "ROA": 0.0054647765393355694, "CFROA": 0.04556086311974963, "MACD": 0.5788277809280302, "RSI": 73.58108268665165, "R&D": 0}, "Energy": {"Price": 54.650000000000006, "Volume": 3940644.5, "P/E": -6.014619646361578, "EV": 42627047047.675, "EBITDA": 2339500000.0, "EV/EBITDA": 15.12559513525503, "P/B": 2.034114233238529, "ROA": -0.006942597530081061, "CFROA": 0.05796595144774825, "MACD": -0.6178066839682899, "RSI": 39.448764367481736, "R&D": 0.0}}