{"Industrials": {"Price": 55.58, "Volume": 1606392.0, "P/E": 45.153994782631585, "EV": 12743709851.949999, "EBITDA": 1343000000, "EV/EBITDA": 11.212407953995557, "P/B": 2.573092473718641, "ROA": 0.021205039046913298, "CFROA": 0.04775965369950979, "MACD": 0.3567963955035687, "RSI": 56.539184138072045, "R&D": 36000000}, "Health Care": {"Price": 43.41, "Volume": 1856108.0, "P/E": 38.32005570403607, "EV": 12947490455.57, "EBITDA": 1621000000, "EV/EBITDA": 9.741765397517305, "P/B": 2.4504734844543994, "ROA": 0.02209426549066864, "CFROA": 0.0660944219090896, "MACD": 0.2850998723518927, "RSI": 55.8246240005434, "R&D": 116696000}, "Information Technology": {"Price": 31.175, "Volume": 3784747.5, "P/E": 19.24731904474295, "EV": 14576607192.365002, "EBITDA": 708000000.0, "EV/EBITDA": 11.732934809543348, "P/B": 2.985733524101785, "ROA": 0.03776502309535124, "CFROA": 0.1028205990279962, "MACD": 0.30460786791502237, "RSI": 61.74514092436241, "R&D": 312000000.0}, "Consumer Staples": {"Price": 40.945, "Volume": 3292104.5, "P/E": 53.0859043761934, "EV": 25082821980.835, "EBITDA": 1855900000.0, "EV/EBITDA": 10.889344854354764, "P/B": 3.053525026583951, "ROA": 0.022480210951722777, "CFROA": 0.04038706680274551, "MACD": 0.07868153102808151, "RSI": 56.047496869029736, "R&D": 59050000.0}, "Consumer Discretionary": {"Price": 35.4, "Volume": 4087702.0, "P/E": 32.731473805793144, "EV": 11423692500.0, "EBITDA": 840591000, "EV/EBITDA": 12.10836810214302, "P/B": 2.065698629436837, "ROA": 0.027629605784352106, "CFROA": 0.09617723943370345, "MACD": 0.41217043244227725, "RSI": 62.60234049983019, "R&D": 0}, "Financials": {"Price": 34.6913, "Volume": 2721335.5, "P/E": 32.22350070541188, "EV": 16858505364.910002, "EBITDA": 1172096500.0, "EV/EBITDA": 11.129881609319067, "P/B": 1.0285682175444197, "ROA": 0.010252245924868987, "CFROA": 0.00957544922473351, "MACD": 0.34544070360951373, "RSI": 61.393616978229545, "R&D": 0.0}, "Materials": {"Price": 46.33, "Volume": 1817407.0, "P/E": 59.19626459143969, "EV": 8148537654.639999, "EBITDA": 636900000, "EV/EBITDA": 12.794061319893231, "P/B": 2.650585474795931, "ROA": 0.015018773466833541, "CFROA": 0.052994059854430405, "MACD": 0.5327590420020343, "RSI": 52.76846130013778, "R&D": 92400000}, "Utilities": {"Price": 32.14, "Volume": 1960199.0, "P/E": 43.291111111111114, "EV": 15476460583.0192, "EBITDA": 1217500000, "EV/EBITDA": 14.697708676075043, "P/B": 1.3260421408751215, "ROA": 0.005767234418855012, "CFROA": 0.05990364704390821, "MACD": -0.05088480326780953, "RSI": 47.1264710882668, "R&D": 0}, "Real Estate": {"Price": 63.04, "Volume": 1074715.0848, "P/E": 137.0094275366569, "EV": 16470518854.34, "EBITDA": 654837000, "EV/EBITDA": 29.34646129750089, "P/B": 3.4052089943215593, "ROA": 0.007318032786885246, "CFROA": 0.06331500106241869, "MACD": 0.07569472222287033, "RSI": 50.01458771842723, "R&D": 0}, "Communication Services": {"Price": 25.9622, "Volume": 9604458.5, "P/E": 20.586597185955686, "EV": 48916282930.0, "EBITDA": 5455526500.0, "EV/EBITDA": 11.30290152817324, "P/B": 1.2824610605722304, "ROA": 0.01070744254443622, "CFROA": 0.05761445716491352, "MACD": 0.26631293242533616, "RSI": 63.67225084083199, "R&D": 0.0}, "Energy": {"Price": 59.6286, "Volume": 5928507.0, "P/E": 14.415789198087658, "EV": 28438492494.92, "EBITDA": 5277000000, "EV/EBITDA": 5.865985070172935, "P/B": 1.7876773025061377, "ROA": 0.07241212614089651, "CFROA": 0.12168851164089083, "MACD": 0.9917127938515193, "RSI": 61.0066165274718, "R&D": 0}}