{"Industrials": {"Price": 88.09, "Volume": 1954487.0, "P/E": 43.21557958255173, "EV": 21972678946.08, "EBITDA": 1106000000, "EV/EBITDA": 20.913048213843133, "P/B": 3.9635125860887093, "ROA": 0.027575370011071798, "CFROA": 0.06400472069236822, "MACD": -3.009092151439546, "RSI": 44.97510398902862, "R&D": 42000000}, "Health Care": {"Price": 100.52, "Volume": 1776666.0, "P/E": 23.91478361949896, "EV": 23497483694.1, "EBITDA": 1560000000, "EV/EBITDA": 19.55001823547037, "P/B": 4.12354435999382, "ROA": 0.009433962264150943, "CFROA": 0.04048981508722758, "MACD": -1.535381717138364, "RSI": 48.05303686897618, "R&D": 151700000}, "Information Technology": {"Price": 84.09, "Volume": 3192360.0, "P/E": 44.60577228195182, "EV": 23232645444.5, "EBITDA": 1032269000, "EV/EBITDA": 24.828104146438836, "P/B": 4.163769208617059, "ROA": 0.022367675101788383, "CFROA": 0.03609566928749186, "MACD": -1.840360923482109, "RSI": 50.403811834322, "R&D": 595000000}, "Communication Services": {"Price": 53.19, "Volume": 4137997.0, "P/E": 11.923163163163164, "EV": 29487002280.0, "EBITDA": 910590000, "EV/EBITDA": 16.573946004319655, "P/B": 2.6088497489179483, "ROA": 0.024306277340314902, "CFROA": 0.053736845421891735, "MACD": -0.2807731670609215, "RSI": 53.06607710129241, "R&D": 0}, "Consumer Staples": {"Price": 71.79, "Volume": 4764403.0, "P/E": 83.11944604854231, "EV": 43447387398.55, "EBITDA": 2427000000, "EV/EBITDA": 15.62580833967937, "P/B": 4.214982894883044, "ROA": 0.02484327411827649, "CFROA": 0.05366830981026155, "MACD": 0.410081400433306, "RSI": 57.09778127683406, "R&D": 47300000}, "Consumer Discretionary": {"Price": 88.66, "Volume": 2987642.0, "P/E": 43.48966417719607, "EV": 23962179981.230003, "EBITDA": 1015348000.0, "EV/EBITDA": 20.37494257013039, "P/B": 3.784148095138371, "ROA": 0.02874138411321677, "CFROA": 0.06897185568344999, "MACD": -1.5059079363479242, "RSI": 49.04753633082717, "R&D": 0.0}, "Financials": {"Price": 70.11, "Volume": 2135024.0, "P/E": 25.248294360356738, "EV": 31577785683.199997, "EBITDA": 1411000000, "EV/EBITDA": 14.489380660371156, "P/B": 1.4319995140027812, "ROA": 0.00814892924155256, "CFROA": 0.01619264329185103, "MACD": -1.2606880316834008, "RSI": 45.92147645302904, "R&D": 0}, "Materials": {"Price": 92.805, "Volume": 2322392.5, "P/E": 18.34865542281451, "EV": 16333535159.805, "EBITDA": 1121600000.0, "EV/EBITDA": 15.288902636722916, "P/B": 3.3476330695116197, "ROA": 0.032918036602644724, "CFROA": 0.06604613298651958, "MACD": -1.6606867005955728, "RSI": 50.45510107017706, "R&D": 65237000.0}, "Real Estate": {"Price": 90.32, "Volume": 1911834.0, "P/E": 76.31934794216585, "EV": 23418291631.61, "EBITDA": 1232278500.0, "EV/EBITDA": 22.596796918769286, "P/B": 2.55777216718941, "ROA": 0.015362598773235609, "CFROA": 0.057892269039803296, "MACD": -0.20947192222504185, "RSI": 51.52718902279616, "R&D": 0.0}, "Utilities": {"Price": 63.519999999999996, "Volume": 3002303.0, "P/E": 19.402620964580144, "EV": 32700996220.33, "EBITDA": 1593500000.0, "EV/EBITDA": 20.32113753306095, "P/B": 1.9801113720561938, "ROA": 0.00565239427939253, "CFROA": 0.0410868869683505, "MACD": 0.15607400923161663, "RSI": 47.40671260027966, "R&D": 0.0}, "Energy": {"Price": 66.58, "Volume": 6979726.0, "P/E": 16.843124183481432, "EV": 41936407264.79, "EBITDA": 3075500000.0, "EV/EBITDA": 13.517477352443525, "P/B": 1.9943328002467569, "ROA": 0.030444879882463523, "CFROA": 0.08933473823179183, "MACD": -2.7133048568796774, "RSI": 35.99600241523637, "R&D": 0.0}}