{"Industrials": {"Price": 51.519999999999996, "Volume": 1789788.5, "P/E": 41.00271056065425, "EV": 12992249519.849998, "EBITDA": 1387000000.0, "EV/EBITDA": 11.37329633944736, "P/B": 2.4445095117411277, "ROA": 0.021048904353864993, "CFROA": 0.05194273962998752, "MACD": 0.05925275580304179, "RSI": 58.389861932545415, "R&D": 31498500.0}, "Health Care": {"Price": 48.81, "Volume": 2006546.0, "P/E": 43.768167648077586, "EV": 12516808192.0, "EBITDA": 1414100000, "EV/EBITDA": 10.010782786114445, "P/B": 2.489145480892149, "ROA": 0.022064335299677346, "CFROA": 0.06101782113038681, "MACD": 0.24239704653188454, "RSI": 61.08281608362812, "R&D": 116139000}, "Information Technology": {"Price": 28.28, "Volume": 2830560.0, "P/E": 17.590097503846152, "EV": 14371410103.26, "EBITDA": 774000000, "EV/EBITDA": 9.231755806967861, "P/B": 2.5259680204402515, "ROA": 0.041009635666102114, "CFROA": 0.10517406759577949, "MACD": -0.04215056128808925, "RSI": 52.02901743971122, "R&D": 358000000}, "Consumer Staples": {"Price": 41.47, "Volume": 3116855.0, "P/E": 52.65915620088608, "EV": 22999630834.4, "EBITDA": 1702000000, "EV/EBITDA": 10.415580318158646, "P/B": 3.31073046001262, "ROA": 0.022617823710838158, "CFROA": 0.044400410979010714, "MACD": 0.31744450290634063, "RSI": 66.66590604837288, "R&D": 58100000}, "Consumer Discretionary": {"Price": 34.275000000000006, "Volume": 3694920.0, "P/E": 35.62556901308949, "EV": 9810992187.85, "EBITDA": 705400000.0, "EV/EBITDA": 14.939510795014964, "P/B": 2.525174280249468, "ROA": 0.026370625982253582, "CFROA": 0.0987344234325344, "MACD": -0.14816120009891698, "RSI": 49.56312886477627, "R&D": 0.0}, "Financials": {"Price": 34.28, "Volume": 2261545.0, "P/E": 36.07420524467448, "EV": 15781153817.119999, "EBITDA": 1107000000, "EV/EBITDA": 11.385327002783939, "P/B": 1.0047492610336106, "ROA": 0.009474824038982133, "CFROA": 0.008737882640867287, "MACD": -0.027450024312210886, "RSI": 58.86173288966639, "R&D": 0}, "Materials": {"Price": 44.0867, "Volume": 1777082.0, "P/E": 48.04330291681644, "EV": 7345744987.48, "EBITDA": 636900000, "EV/EBITDA": 11.53359238103313, "P/B": 2.5478017992352346, "ROA": 0.012968938912905443, "CFROA": 0.052994059854430405, "MACD": 0.10366244416097103, "RSI": 56.66861803366835, "R&D": 92400000}, "Utilities": {"Price": 34.67, "Volume": 2452622.0, "P/E": 45.821111111111115, "EV": 17750301845.2, "EBITDA": 1217500000, "EV/EBITDA": 14.83809848031144, "P/B": 1.438231142765881, "ROA": 0.005767234418855012, "CFROA": 0.05990364704390821, "MACD": 0.25342400941528354, "RSI": 67.16418106328068, "R&D": 0}, "Real Estate": {"Price": 71.5, "Volume": 1361907.9054, "P/E": 157.50163052785925, "EV": 17523307010.54, "EBITDA": 654837000, "EV/EBITDA": 32.71682854721244, "P/B": 3.966745903325837, "ROA": 0.007318032786885246, "CFROA": 0.06331500106241869, "MACD": 0.9897977504112205, "RSI": 67.49122311885571, "R&D": 0}, "Communication Services": {"Price": 21.734450000000002, "Volume": 4452208.5, "P/E": 9.505415840500197, "EV": 17232700615.0, "EBITDA": 1142576500.0, "EV/EBITDA": 9.387990570698808, "P/B": 1.5076150983604408, "ROA": 0.01070744254443622, "CFROA": 0.05761445716491352, "MACD": -0.1275009689498443, "RSI": 58.901111586397164, "R&D": 0.0}, "Energy": {"Price": 53.79, "Volume": 5696107.0, "P/E": 10.96690010502024, "EV": 25029953983.44, "EBITDA": 5277000000, "EV/EBITDA": 4.832859229801494, "P/B": 1.736239046945085, "ROA": 0.07241212614089651, "CFROA": 0.12168851164089083, "MACD": -0.24346442508280575, "RSI": 53.87393112930039, "R&D": 0}}