{"Industrials": {"Price": 96.1667, "Volume": 1705244.0, "P/E": 43.16087642952382, "EV": 23431275426.48, "EBITDA": 1106000000, "EV/EBITDA": 22.301520938881577, "P/B": 4.596410944885379, "ROA": 0.027575370011071798, "CFROA": 0.0641878429329001, "MACD": 0.870007261788686, "RSI": 58.00677630298335, "R&D": 42000000}, "Health Care": {"Price": 102, "Volume": 2151029.0, "P/E": 30.686712565000004, "EV": 24197534000.0, "EBITDA": 1713000000, "EV/EBITDA": 19.100390687996203, "P/B": 4.34479639711447, "ROA": 0.009433962264150943, "CFROA": 0.0369645386583045, "MACD": 0.8873702762581672, "RSI": 57.56445036805277, "R&D": 144467000}, "Information Technology": {"Price": 86.82, "Volume": 2692093.0, "P/E": 63.23653124752241, "EV": 28648072206.68, "EBITDA": 946134500.0, "EV/EBITDA": 26.51029686522122, "P/B": 4.280849345051559, "ROA": 0.01864376083741049, "CFROA": 0.03606051309553174, "MACD": 0.1392919897464111, "RSI": 46.64385472999878, "R&D": 561850000.0}, "Communication Services": {"Price": 49.12, "Volume": 3352550.0, "P/E": 11.122002002002002, "EV": 28932437290.0, "EBITDA": 910590000, "EV/EBITDA": 18.44397924586566, "P/B": 2.429280237880069, "ROA": 0.024306277340314902, "CFROA": 0.053736845421891735, "MACD": -0.17375843361879895, "RSI": 42.00927320038698, "R&D": 0}, "Consumer Staples": {"Price": 67.07, "Volume": 4169179.0, "P/E": 87.02147377540636, "EV": 42730418045.619995, "EBITDA": 2427000000, "EV/EBITDA": 14.178807503139161, "P/B": 3.8461183709498576, "ROA": 0.025284067460863344, "CFROA": 0.05805155858805403, "MACD": 0.5430461969964995, "RSI": 56.582886174146886, "R&D": 47300000}, "Consumer Discretionary": {"Price": 89.87425, "Volume": 2470175.5, "P/E": 48.72545062429123, "EV": 25633157199.785, "EBITDA": 1029178000.0, "EV/EBITDA": 21.41328010823323, "P/B": 4.165649643716105, "ROA": 0.027197636464933575, "CFROA": 0.06199992158355949, "MACD": 0.15454031484702568, "RSI": 47.01496560024722, "R&D": 0.0}, "Financials": {"Price": 71.51, "Volume": 1955013.0, "P/E": 24.241291345109488, "EV": 34981150000.0, "EBITDA": 1411000000, "EV/EBITDA": 14.71444143569112, "P/B": 1.4877148991951576, "ROA": 0.00814892924155256, "CFROA": 0.01619264329185103, "MACD": 0.1265551103930349, "RSI": 48.05206859227757, "R&D": 0}, "Materials": {"Price": 105.805, "Volume": 1570021.0, "P/E": 20.622838427423705, "EV": 18237561074.14, "EBITDA": 1121600000.0, "EV/EBITDA": 16.131144772259006, "P/B": 3.415911321708653, "ROA": 0.032918036602644724, "CFROA": 0.06604613298651958, "MACD": 0.02042836386537772, "RSI": 51.057063331694906, "R&D": 65237000.0}, "Real Estate": {"Price": 92.96000000000001, "Volume": 1983801.0, "P/E": 84.07263989583285, "EV": 25342364016.795, "EBITDA": 1232278500.0, "EV/EBITDA": 23.366071312832148, "P/B": 2.7174111581676477, "ROA": 0.015362598773235609, "CFROA": 0.057892269039803296, "MACD": 0.1555616403779574, "RSI": 59.36688731868981, "R&D": 0.0}, "Utilities": {"Price": 60.55, "Volume": 2866827.5, "P/E": 18.82168901096366, "EV": 31889858831.2, "EBITDA": 1593500000.0, "EV/EBITDA": 19.881372825365723, "P/B": 2.0142895279102833, "ROA": 0.00565239427939253, "CFROA": 0.0410868869683505, "MACD": 0.4141765659155716, "RSI": 54.28601868341176, "R&D": 0.0}, "Energy": {"Price": 69.965, "Volume": 3910078.0, "P/E": 19.17532629360722, "EV": 47092645666.04, "EBITDA": 3075500000.0, "EV/EBITDA": 15.323055781986316, "P/B": 2.4768399080846146, "ROA": 0.030444879882463523, "CFROA": 0.08933473823179183, "MACD": 0.2435184694864816, "RSI": 49.93788232868058, "R&D": 0.0}}