{"Industrials": {"Price": 63.55, "Volume": 1765816.0, "P/E": 58.474515877793564, "EV": 13958700262.824999, "EBITDA": 986000000.0, "EV/EBITDA": 16.957752493639852, "P/B": 3.655195901107064, "ROA": 0.024345243924649568, "CFROA": 0.06467731813908854, "MACD": 0.8392333850610285, "RSI": 61.532270439271926, "R&D": 25868500.0}, "Health Care": {"Price": 73.725, "Volume": 1959839.5, "P/E": 68.84662397932533, "EV": 21532884704.675, "EBITDA": 914729500.0, "EV/EBITDA": 16.326840005479852, "P/B": 3.3222243515346417, "ROA": 0.018315030260953553, "CFROA": 0.050121151068828904, "MACD": 0.09137155392109975, "RSI": 57.64296968883504, "R&D": 165236000.0}, "Information Technology": {"Price": 52.58, "Volume": 3604652.0, "P/E": 39.3849996192103, "EV": 11712587792.97, "EBITDA": 640200000, "EV/EBITDA": 17.139389642110025, "P/B": 2.9237769269578355, "ROA": 0.03240620264209285, "CFROA": 0.06790810316967229, "MACD": 0.22635378913065018, "RSI": 59.37972100654016, "R&D": 530616000}, "Communication Services": {"Price": 37.5, "Volume": 4224342.0, "P/E": 37.34675799086758, "EV": 27577289284.15, "EBITDA": 866600000, "EV/EBITDA": 12.241910455166337, "P/B": 3.6630711736662587, "ROA": 0.0047568710359408035, "CFROA": 0.07592421386290778, "MACD": -0.06949336265544304, "RSI": 60.03974929758099, "R&D": 0}, "Consumer Staples": {"Price": 66.46, "Volume": 2870054.0, "P/E": 60.67572912605285, "EV": 32282562802.55, "EBITDA": 1625000000, "EV/EBITDA": 20.291872848140827, "P/B": 3.6860216928048777, "ROA": 0.02042931775911293, "CFROA": 0.05763340793968665, "MACD": 0.7099460344678121, "RSI": 57.99284296804646, "R&D": 64700000}, "Financials": {"Price": 46.992999999999995, "Volume": 2997170.5, "P/E": 26.50716626340096, "EV": 24267337621.9, "EBITDA": 1241500000.0, "EV/EBITDA": 13.891628265811025, "P/B": 1.1179000412694053, "ROA": 0.007213875566146282, "CFROA": 0.00751613991035656, "MACD": 0.10029969896943136, "RSI": 57.364276427277666, "R&D": 0.0}, "Materials": {"Price": 60.004999999999995, "Volume": 1664044.0, "P/E": 40.72942997528064, "EV": 13027596716.9, "EBITDA": 1101516000.0, "EV/EBITDA": 13.97412045096868, "P/B": 2.9757363066334457, "ROA": 0.017376831664870092, "CFROA": 0.07403040314827153, "MACD": 0.6491727243577259, "RSI": 61.137948336633855, "R&D": 96950000.0}, "Real Estate": {"Price": 81.29, "Volume": 1311922.0, "P/E": 110.12100218111004, "EV": 20767889306.86, "EBITDA": 1265914000, "EV/EBITDA": 23.58741077316937, "P/B": 3.2217937476373004, "ROA": 0.015005119137188277, "CFROA": 0.057608243817985495, "MACD": 0.050105420673048684, "RSI": 62.063324262284496, "R&D": 0}, "Utilities": {"Price": 54.23, "Volume": 2446117.0, "P/E": 67.46263629802912, "EV": 26211791433.27, "EBITDA": 1196000000, "EV/EBITDA": 17.860798510552495, "P/B": 1.6519413392729219, "ROA": 0.005742126326779189, "CFROA": 0.04845258395684705, "MACD": 0.5814156422392003, "RSI": 53.68101872182909, "R&D": 0}, "Consumer Discretionary": {"Price": 66.59, "Volume": 3453912.0, "P/E": 59.76509470810553, "EV": 16780633556.33, "EBITDA": 924130000.0, "EV/EBITDA": 17.452391161163135, "P/B": 3.751093653966238, "ROA": 0.03297498401526004, "CFROA": 0.08916411408606105, "MACD": 0.5122420593820891, "RSI": 59.29475038068042, "R&D": 0.0}, "Energy": {"Price": 57.82, "Volume": 6202258.0, "P/E": -1.8715326566637245, "EV": 33611453401.340004, "EBITDA": 1964000000, "EV/EBITDA": 11.583009460883487, "P/B": 1.9045640588112551, "ROA": -0.009629174569402838, "CFROA": 0.02804503582395087, "MACD": 0.30164486075322117, "RSI": 55.055128019456106, "R&D": 0}}