{"Industrials": {"Price": 89.685, "Volume": 2031582.0, "P/E": 43.64441919455881, "EV": 21643327815.1, "EBITDA": 1057600000.0, "EV/EBITDA": 20.546483340194108, "P/B": 4.205712353244364, "ROA": 0.026800468388206607, "CFROA": 0.06409628181263416, "MACD": -0.5560135101604757, "RSI": 40.81707891136871, "R&D": 42200000.0}, "Health Care": {"Price": 89.2, "Volume": 1910289.0, "P/E": 31.281745772631577, "EV": 23791972000.0, "EBITDA": 1727943000, "EV/EBITDA": 18.82552643499257, "P/B": 3.923345066700184, "ROA": 0.010363928016441927, "CFROA": 0.04048981508722758, "MACD": 0.2192711600933137, "RSI": 50.88776968420696, "R&D": 151700000}, "Information Technology": {"Price": 83.945, "Volume": 2474192.0, "P/E": 57.870748227673964, "EV": 28525567572.86, "EBITDA": 872500000.0, "EV/EBITDA": 23.85055586947141, "P/B": 3.937121050501467, "ROA": 0.019085609041918583, "CFROA": 0.03908459382482753, "MACD": -0.18784348295871034, "RSI": 49.03481230943254, "R&D": 594700000.0}, "Communication Services": {"Price": 39.75, "Volume": 4360295.0, "P/E": 10.667979751966362, "EV": 30302539030.0, "EBITDA": 910590000, "EV/EBITDA": 20.16677531159388, "P/B": 2.2509282894627423, "ROA": 0.03152592728078716, "CFROA": 0.07534390009389841, "MACD": -0.012767378123868411, "RSI": 47.213717966657505, "R&D": 0}, "Consumer Staples": {"Price": 63.09, "Volume": 4114133.0, "P/E": 47.45967056950934, "EV": 42458395674.85, "EBITDA": 2537900000, "EV/EBITDA": 13.111749141897736, "P/B": 3.816469322762354, "ROA": 0.0229588407667285, "CFROA": 0.05805155858805403, "MACD": -0.5673937822225952, "RSI": 39.60110676630824, "R&D": 66100000}, "Consumer Discretionary": {"Price": 81.6, "Volume": 2988753.5, "P/E": 38.24266638607796, "EV": 24322047113.43, "EBITDA": 1016988500.0, "EV/EBITDA": 20.922985775265445, "P/B": 3.8094174363879887, "ROA": 0.025859010952303807, "CFROA": 0.06199992158355949, "MACD": 0.039119601004824034, "RSI": 52.57636001569086, "R&D": 0.0}, "Financials": {"Price": 70.52, "Volume": 1547272.0, "P/E": 24.305992300656932, "EV": 34344975217.399994, "EBITDA": 1411000000, "EV/EBITDA": 13.902680410952943, "P/B": 1.499367542257385, "ROA": 0.00814892924155256, "CFROA": 0.01619264329185103, "MACD": 0.03166375125385912, "RSI": 49.72118287677408, "R&D": 0}, "Materials": {"Price": 102.965, "Volume": 1933136.0, "P/E": 18.97550995509785, "EV": 17330334515.015, "EBITDA": 1121600000.0, "EV/EBITDA": 15.788541182666778, "P/B": 3.2041013227989374, "ROA": 0.032918036602644724, "CFROA": 0.06795608072839304, "MACD": 0.023161008512339265, "RSI": 44.098404505326734, "R&D": 65237000.0}, "Real Estate": {"Price": 88.32499999999999, "Volume": 1979486.5, "P/E": 81.87885370309658, "EV": 24551963005.6, "EBITDA": 1232278500.0, "EV/EBITDA": 22.247058401648594, "P/B": 2.81288834655303, "ROA": 0.015362598773235609, "CFROA": 0.057892269039803296, "MACD": 0.21139725819430488, "RSI": 57.43832456993378, "R&D": 0.0}, "Utilities": {"Price": 59.04, "Volume": 2482153.5, "P/E": 19.14717541065586, "EV": 31800216122.559998, "EBITDA": 1593500000.0, "EV/EBITDA": 19.88821667631394, "P/B": 1.9130506898343063, "ROA": 0.00565239427939253, "CFROA": 0.0410868869683505, "MACD": 0.5337668422995527, "RSI": 60.27694380395668, "R&D": 0.0}, "Energy": {"Price": 67.055, "Volume": 4332482.5, "P/E": 17.372713969048597, "EV": 47766514764.93001, "EBITDA": 3075500000.0, "EV/EBITDA": 15.0989098519189, "P/B": 2.229596622694145, "ROA": 0.030444879882463523, "CFROA": 0.08933473823179183, "MACD": 1.2327326675012031, "RSI": 62.38336699857737, "R&D": 0.0}}