{"Industrials": {"Price": 54.66, "Volume": 1668381.0, "P/E": 42.9855041087026, "EV": 13595100708.130001, "EBITDA": 1387000000.0, "EV/EBITDA": 10.826117845945861, "P/B": 2.516101932514834, "ROA": 0.021048904353864993, "CFROA": 0.0478113320410678, "MACD": 0.2851369278977458, "RSI": 56.22414536741125, "R&D": 31498500.0}, "Health Care": {"Price": 44.207499999999996, "Volume": 1541837.0, "P/E": 41.40953608947876, "EV": 13177729445.4, "EBITDA": 1517550000.0, "EV/EBITDA": 10.021033742537035, "P/B": 2.5888723044097954, "ROA": 0.022079300395172995, "CFROA": 0.05859075437957031, "MACD": 0.329372341694393, "RSI": 62.442257170118566, "R&D": 116417500.0}, "Information Technology": {"Price": 30.91, "Volume": 3397099.5, "P/E": 18.24017302588968, "EV": 14945977013.185001, "EBITDA": 708000000.0, "EV/EBITDA": 11.077446940699755, "P/B": 3.0256094869588233, "ROA": 0.03995409511158313, "CFROA": 0.1028205990279962, "MACD": 0.30223388274701257, "RSI": 59.87298928849862, "R&D": 312000000.0}, "Consumer Staples": {"Price": 42.64, "Volume": 4104536.5, "P/E": 54.606103639321745, "EV": 26017331092.940002, "EBITDA": 1855900000.0, "EV/EBITDA": 10.652219365839589, "P/B": 3.1227137795492057, "ROA": 0.022480210951722777, "CFROA": 0.04389970272433089, "MACD": 0.2785212836665032, "RSI": 67.42124293889651, "R&D": 59050000.0}, "Consumer Discretionary": {"Price": 37.504999999999995, "Volume": 3806606.5, "P/E": 34.507131943584454, "EV": 11869636211.130001, "EBITDA": 718509500.0, "EV/EBITDA": 13.780601711755992, "P/B": 2.5313517054925527, "ROA": 0.03056607192770905, "CFROA": 0.1024601561268397, "MACD": 0.5504540135176477, "RSI": 57.625268214756986, "R&D": 0.0}, "Financials": {"Price": 33.8681, "Volume": 2466804.0, "P/E": 34.84381532661307, "EV": 16231159526, "EBITDA": 1107000000, "EV/EBITDA": 12.31013994766125, "P/B": 1.0415941357074339, "ROA": 0.009474824038982133, "CFROA": 0.008737882640867287, "MACD": 0.4596391354958307, "RSI": 59.71454820721484, "R&D": 0}, "Materials": {"Price": 46.8, "Volume": 1517487.0, "P/E": 58.29433663747072, "EV": 8090920956.040001, "EBITDA": 636900000, "EV/EBITDA": 12.703597041984615, "P/B": 2.7750644247832823, "ROA": 0.015018773466833541, "CFROA": 0.052994059854430405, "MACD": 0.11795766932746687, "RSI": 53.8130666334165, "R&D": 92400000}, "Utilities": {"Price": 32.5, "Volume": 2425231.0, "P/E": 43.038111111111114, "EV": 17371095744.9, "EBITDA": 1217500000, "EV/EBITDA": 14.720387029067078, "P/B": 1.3755949326739667, "ROA": 0.005767234418855012, "CFROA": 0.05990364704390821, "MACD": 0.07319855483213722, "RSI": 58.97119381331001, "R&D": 0}, "Real Estate": {"Price": 65.4219, "Volume": 1189913.0, "P/E": 145.41991859357077, "EV": 16876806114.619999, "EBITDA": 654837000, "EV/EBITDA": 30.128597886795916, "P/B": 3.7916314823646204, "ROA": 0.007318032786885246, "CFROA": 0.06331500106241869, "MACD": 0.8701281695292948, "RSI": 64.88257550542687, "R&D": 0}, "Communication Services": {"Price": 28.6669, "Volume": 11309171.5, "P/E": 20.705503919321863, "EV": 50394997360.0, "EBITDA": 5455526500.0, "EV/EBITDA": 12.011180893291279, "P/B": 1.3013023404561723, "ROA": 0.01070744254443622, "CFROA": 0.05761445716491352, "MACD": 0.18456511284716015, "RSI": 54.813041205897235, "R&D": 0.0}, "Energy": {"Price": 58.5994, "Volume": 4644794.0, "P/E": 13.976817257747292, "EV": 27009523441.659996, "EBITDA": 5277000000, "EV/EBITDA": 5.462667586794967, "P/B": 1.7638980672504982, "ROA": 0.07241212614089651, "CFROA": 0.12168851164089083, "MACD": -0.237856449957917, "RSI": 47.98753239372867, "R&D": 0}}