{"Industrials": {"Price": 120.7, "Volume": 1569683.0, "P/E": 72.54505452896198, "EV": 28841086446.28, "EBITDA": 1247181000, "EV/EBITDA": 23.245343668994114, "P/B": 4.916566069201561, "ROA": 0.022749014966030517, "CFROA": 0.05904587715287304, "MACD": 2.4373321825301986, "RSI": 57.868226671809566, "R&D": 54700000}, "Health Care": {"Price": 146.77499999999998, "Volume": 1601732.5, "P/E": 72.12392542460327, "EV": 38192618503.595, "EBITDA": 1424500000.0, "EV/EBITDA": 22.999388349667107, "P/B": 5.388968977418287, "ROA": 0.026973066342879513, "CFROA": 0.0543262042882004, "MACD": 0.8039606289179915, "RSI": 55.31426828894719, "R&D": 202328000.0}, "Information Technology": {"Price": 137.315, "Volume": 2222848.5, "P/E": 105.4053323173251, "EV": 32211139318.699997, "EBITDA": 1003296000.0, "EV/EBITDA": 38.18822588219079, "P/B": 7.474955602224051, "ROA": 0.03397770094321243, "CFROA": 0.061572977456824024, "MACD": 2.670472858427182, "RSI": 64.40096152608885, "R&D": 466900000.0}, "Communication Services": {"Price": 65.74, "Volume": 4342182.5, "P/E": 58.54841948395142, "EV": 38843631519.649994, "EBITDA": 1015714500.0, "EV/EBITDA": 30.271768729448155, "P/B": 3.98402105054652, "ROA": 0.012224278548468501, "CFROA": 0.03778415691188657, "MACD": 1.3580774921661547, "RSI": 64.6967378852145, "R&D": 0.0}, "Consumer Staples": {"Price": 73.43, "Volume": 2998441.0, "P/E": 74.16577720785891, "EV": 39674181053.86, "EBITDA": 2108000000, "EV/EBITDA": 18.351854672322297, "P/B": 5.926306723273507, "ROA": 0.019073435189748644, "CFROA": 0.03438852197677067, "MACD": 0.41963951805799127, "RSI": 55.24312491522137, "R&D": 67300000}, "Consumer Discretionary": {"Price": 111.025, "Volume": 2400761.5, "P/E": 66.21281722464337, "EV": 23938390096.88, "EBITDA": 1056866000.0, "EV/EBITDA": 21.305764176211493, "P/B": 4.32521933945481, "ROA": 0.025285754186814138, "CFROA": 0.06555346356451376, "MACD": 1.9111363783620696, "RSI": 61.27587548642943, "R&D": 0.0}, "Utilities": {"Price": 68.41, "Volume": 2259206.0, "P/E": 66.57493166699703, "EV": 37895607931.84, "EBITDA": 1832000000, "EV/EBITDA": 20.990535048447686, "P/B": 2.106264789610036, "ROA": 0.006375053722362829, "CFROA": 0.04586214121097842, "MACD": 0.1253507487766896, "RSI": 46.37961215970014, "R&D": 0}, "Financials": {"Price": 84.92500000000001, "Volume": 2583275.5, "P/E": 33.34852833287125, "EV": 35802566054.0, "EBITDA": 1594000000.0, "EV/EBITDA": 14.098817438275217, "P/B": 1.2692268247255054, "ROA": 0.009338216050412476, "CFROA": 0.016073664142057093, "MACD": 1.9179053348749768, "RSI": 61.06221624008054, "R&D": 0.0}, "Materials": {"Price": 98.78, "Volume": 1744114.0, "P/E": 91.69230845154185, "EV": 19886521892.49, "EBITDA": 1411689000, "EV/EBITDA": 15.913201390127453, "P/B": 3.2021234007045676, "ROA": 0.012129077585113338, "CFROA": 0.05323460249161955, "MACD": 1.6606057146809405, "RSI": 60.22977121713335, "R&D": 77300000}, "Real Estate": {"Price": 87.6, "Volume": 1980276.0, "P/E": 109.9655267198773, "EV": 21427785500.88, "EBITDA": 964862000, "EV/EBITDA": 23.727061604552155, "P/B": 2.6138895553694748, "ROA": 0.01314670479608239, "CFROA": 0.05644400645985634, "MACD": 0.9081526288634478, "RSI": 55.72271284574969, "R&D": 0}, "Energy": {"Price": 36.47, "Volume": 6043039.0, "P/E": 9.716002071125, "EV": 28565939654.399998, "EBITDA": 3033000000, "EV/EBITDA": 7.895909461886497, "P/B": 1.1181549852910095, "ROA": 0.012534059945504087, "CFROA": 0.07313694986379363, "MACD": 1.9268089636366597, "RSI": 57.67927290715494, "R&D": 0}}