{"Industrials": {"Price": 71.75999999999999, "Volume": 1445453.5, "P/E": 67.05165860185626, "EV": 15452026400.045, "EBITDA": 949000000.0, "EV/EBITDA": 18.575853890793535, "P/B": 4.122611042778973, "ROA": 0.023175306828340243, "CFROA": 0.055762052018877614, "MACD": -0.06527632868256461, "RSI": 46.20092833020167, "R&D": 28501000.0}, "Health Care": {"Price": 79.37, "Volume": 1958464.5, "P/E": 85.19549986757497, "EV": 25091261135.3196, "EBITDA": 963058500.0, "EV/EBITDA": 17.300857703314378, "P/B": 3.985166319578217, "ROA": 0.018272180381331708, "CFROA": 0.04537430411745316, "MACD": 0.6840242690909548, "RSI": 49.96868359479738, "R&D": 202331500.0}, "Information Technology": {"Price": 55.7175, "Volume": 2647586.0, "P/E": 29.78618882498181, "EV": 12129607760.92, "EBITDA": 510628500.0, "EV/EBITDA": 14.425393506221962, "P/B": 3.6599237840928387, "ROA": 0.03201094669039059, "CFROA": 0.05866073399582347, "MACD": -0.018659435641810163, "RSI": 47.639441859745105, "R&D": 311517500.0}, "Communication Services": {"Price": 31.64, "Volume": 2296667.0, "P/E": 38.282072727272734, "EV": 21277649061.440002, "EBITDA": 873800000, "EV/EBITDA": 18.803207896272635, "P/B": 3.9322760271142996, "ROA": 0.011814527882985853, "CFROA": 0.03539280085610913, "MACD": 0.021132386588757157, "RSI": 44.15967164056396, "R&D": 0}, "Consumer Staples": {"Price": 66.18, "Volume": 3601823.0, "P/E": 52.43163847018123, "EV": 31830392000.0, "EBITDA": 2120000000, "EV/EBITDA": 14.106877973198774, "P/B": 4.181241870497533, "ROA": 0.024378270644949095, "CFROA": 0.0524283283152245, "MACD": -0.08271580482274032, "RSI": 52.181028557712395, "R&D": 79000000}, "Consumer Discretionary": {"Price": 68.68, "Volume": 2710934.5, "P/E": 60.134781329292565, "EV": 18493249020.714996, "EBITDA": 800900000.0, "EV/EBITDA": 22.497847371397448, "P/B": 3.9944253866134445, "ROA": 0.028237258865641303, "CFROA": 0.07143752208285069, "MACD": 0.3675345037267448, "RSI": 52.56690122141092, "R&D": 0.0}, "Financials": {"Price": 46.456999999999994, "Volume": 1851852.0, "P/E": 38.36421702004644, "EV": 24029814834.55, "EBITDA": 1283500000.0, "EV/EBITDA": 12.27377646382945, "P/B": 1.3087988666519346, "ROA": 0.005942207764665169, "CFROA": 0.008208749225257283, "MACD": 0.08902742923694085, "RSI": 49.19515480473957, "R&D": 0.0}, "Materials": {"Price": 57.02, "Volume": 1608115.0, "P/E": 70.21466842002215, "EV": 12990206817.22, "EBITDA": 1048000000, "EV/EBITDA": 14.535159059390471, "P/B": 4.337020456319214, "ROA": 0.014324501451174984, "CFROA": 0.06663357224966536, "MACD": -0.15422254392259305, "RSI": 46.49052108957629, "R&D": 88310000}, "Real Estate": {"Price": 83.72, "Volume": 1303914.6729, "P/E": 56.55375678392318, "EV": 23255303165.72, "EBITDA": 990957000, "EV/EBITDA": 26.12759591034307, "P/B": 3.2525297853393664, "ROA": 0.02230684354073239, "CFROA": 0.06639070790419224, "MACD": 0.37967452778872257, "RSI": 49.40861561166712, "R&D": 0}, "Utilities": {"Price": 49.93, "Volume": 2220862.0, "P/E": 71.96666815049196, "EV": 27228851812.809998, "EBITDA": 1687000000, "EV/EBITDA": 17.00683832803641, "P/B": 1.6129142415139501, "ROA": 0.006201163824131455, "CFROA": 0.03799215859517367, "MACD": -0.20926844332193184, "RSI": 48.85771178599622, "R&D": 0}, "Energy": {"Price": 71.71000000000001, "Volume": 4912073.5, "P/E": 18.736026079454714, "EV": 36801439986.240005, "EBITDA": 5855846500.0, "EV/EBITDA": 9.41913252484796, "P/B": 2.1601488050307056, "ROA": 0.04208133328926894, "CFROA": 0.0895992288308964, "MACD": 0.20322581240795046, "RSI": 56.2019175093741, "R&D": 0.0}}