{"Industrials": {"Price": 132.87, "Volume": 1310307.5, "P/E": 26.651722839630327, "EV": 33006334369.759995, "EBITDA": 1601702500.0, "EV/EBITDA": 17.005078839496427, "P/B": 4.806767875645685, "ROA": 0.06622447982731344, "CFROA": 0.11544213686950142, "MACD": 2.5943525535018352, "RSI": 61.95477921530937, "R&D": 67200000.0}, "Health Care": {"Price": 186.89499999999998, "Volume": 1428685.5, "P/E": 26.97276183336838, "EV": 48233843940.385, "EBITDA": 2723000000.0, "EV/EBITDA": 16.525431312411282, "P/B": 4.2997167130898735, "ROA": 0.07253084642937721, "CFROA": 0.11026690982083706, "MACD": 2.8410254727435955, "RSI": 61.93379164595367, "R&D": 273313000.0}, "Information Technology": {"Price": 148.31, "Volume": 1943059.0, "P/E": 31.696230041382723, "EV": 43342835388.4, "EBITDA": 2406000000, "EV/EBITDA": 18.964113825132962, "P/B": 7.097036004008253, "ROA": 0.08913590048961229, "CFROA": 0.11805476217677749, "MACD": 2.550814688039651, "RSI": 60.28230275024641, "R&D": 623636000}, "Communication Services": {"Price": 61.754999999999995, "Volume": 3822240.0, "P/E": 14.956140978198519, "EV": 34404623511.130005, "EBITDA": 4116000000.0, "EV/EBITDA": 8.376550387443238, "P/B": 1.9131352330157496, "ROA": 0.048694836599976865, "CFROA": 0.1085547760969234, "MACD": 0.5065732865346622, "RSI": 58.423106609759415, "R&D": 0.0}, "Consumer Staples": {"Price": 85.42, "Volume": 3507146.0, "P/E": 28.304149249546615, "EV": 52362373944.8, "EBITDA": 3438000000, "EV/EBITDA": 16.29674933970544, "P/B": 5.069372175173627, "ROA": 0.06365623948873192, "CFROA": 0.11662449114314007, "MACD": 1.4503138403617015, "RSI": 64.62748504834524, "R&D": 87000000}, "Consumer Discretionary": {"Price": 105.93, "Volume": 2556424.0, "P/E": 16.88619145671168, "EV": 29165468987.8, "EBITDA": 1899139000, "EV/EBITDA": 14.452493633830972, "P/B": 2.849556262873821, "ROA": 0.08653495745014697, "CFROA": 0.13005381061422094, "MACD": 2.622685141167679, "RSI": 62.69122618531047, "R&D": 0}, "Utilities": {"Price": 66.62, "Volume": 2744992.0, "P/E": 21.24173861219986, "EV": 38997413786.305, "EBITDA": 2624000000.0, "EV/EBITDA": 12.856704571234829, "P/B": 2.1344472243468724, "ROA": 0.024474440658036375, "CFROA": 0.05073062769912859, "MACD": 0.8305200799276236, "RSI": 62.66092892142393, "R&D": 0.0}, "Financials": {"Price": 106.53, "Volume": 1925563.0, "P/E": 12.473361127930092, "EV": 45112397191.049995, "EBITDA": 4399000000, "EV/EBITDA": 9.968933310529012, "P/B": 1.4053317150708207, "ROA": 0.020971359469152774, "CFROA": 0.02220549722201826, "MACD": 1.8015358805989763, "RSI": 61.66417618567243, "R&D": 0}, "Materials": {"Price": 105.935, "Volume": 1456082.0, "P/E": 22.516586444591663, "EV": 28000967509.184998, "EBITDA": 2674500000.0, "EV/EBITDA": 10.093097575208466, "P/B": 3.5094973622488563, "ROA": 0.06067164508691829, "CFROA": 0.09767650029405872, "MACD": 2.199552401465347, "RSI": 65.34045145468156, "R&D": 97900000.0}, "Real Estate": {"Price": 109.02, "Volume": 1392308.0, "P/E": 35.0696204513115, "EV": 27311564680.0, "EBITDA": 1617508000, "EV/EBITDA": 20.52598297626349, "P/B": 2.39512624347325, "ROA": 0.03348704103001298, "CFROA": 0.07581339849016171, "MACD": 1.3497385186154531, "RSI": 58.730062851986894, "R&D": 0}, "Energy": {"Price": 91.495, "Volume": 5251251.0, "P/E": 22.99503533977964, "EV": 61509819867.475, "EBITDA": 5163500000.0, "EV/EBITDA": 11.547546323517244, "P/B": 2.857396673530044, "ROA": 0.05660192755894935, "CFROA": 0.10494879530417964, "MACD": 0.7065732470802608, "RSI": 52.40664653693942, "R&D": 0.0}}