{"Industrials": {"Price": 57.89, "Volume": 2163753.0, "P/E": 43.95275952016803, "EV": 13805203661.630001, "EBITDA": 1156650000.0, "EV/EBITDA": 12.287712117863297, "P/B": 2.8318350781605393, "ROA": 0.02129082890788099, "CFROA": 0.05489076415158385, "MACD": 0.4860609827430977, "RSI": 64.64128129736206, "R&D": 31950000.0}, "Health Care": {"Price": 49.51, "Volume": 1972801.0, "P/E": 42.73060084392125, "EV": 12647429353.599998, "EBITDA": 1414100000, "EV/EBITDA": 10.236317383019237, "P/B": 2.3894632369253763, "ROA": 0.024275153358150264, "CFROA": 0.06101782113038681, "MACD": 0.1459822842993077, "RSI": 58.20177195996549, "R&D": 116139000}, "Information Technology": {"Price": 32.135, "Volume": 4138097.0, "P/E": 18.331405826520125, "EV": 9311801619.8, "EBITDA": 399216000.0, "EV/EBITDA": 12.473759731032196, "P/B": 2.3825504950548284, "ROA": 0.041484894307190726, "CFROA": 0.12160755274601148, "MACD": 0.28600965348074325, "RSI": 64.69887048866539, "R&D": 422652000.0}, "Consumer Staples": {"Price": 43.54, "Volume": 3367898.0, "P/E": 56.8178650723735, "EV": 25664054818.719997, "EBITDA": 1857000000, "EV/EBITDA": 11.437297752336475, "P/B": 3.3054791211430974, "ROA": 0.022617823710838158, "CFROA": 0.05979579841492549, "MACD": -0.0009944874287839411, "RSI": 57.47155882524231, "R&D": 58100000}, "Consumer Discretionary": {"Price": 37.5, "Volume": 4380017.0, "P/E": 38.74223412698413, "EV": 9776156102.400002, "EBITDA": 694000000, "EV/EBITDA": 16.978692989696842, "P/B": 3.2054396627002535, "ROA": 0.0254365600080751, "CFROA": 0.09617723943370345, "MACD": 0.1436048605424176, "RSI": 61.3708838879718, "R&D": 0}, "Financials": {"Price": 34.235, "Volume": 2637821.0, "P/E": 37.75494415151935, "EV": 16038833806.595001, "EBITDA": 1064000000.0, "EV/EBITDA": 12.315241563615798, "P/B": 1.1348638653546423, "ROA": 0.010252245924868987, "CFROA": 0.00957544922473351, "MACD": 0.1645250584144078, "RSI": 60.03665225383934, "R&D": 0.0}, "Materials": {"Price": 53.05335, "Volume": 1890290.5, "P/E": 55.61212083193292, "EV": 8644296563.39, "EBITDA": 660746500.0, "EV/EBITDA": 12.956790634396597, "P/B": 2.9806987574484536, "ROA": 0.011684706335570347, "CFROA": 0.0542791375110396, "MACD": 0.8150134954840418, "RSI": 67.49015376537193, "R&D": 84741500.0}, "Utilities": {"Price": 34.489999999999995, "Volume": 2954486.5, "P/E": 33.378494545442905, "EV": 19979578588.7, "EBITDA": 1235177000.0, "EV/EBITDA": 14.653872353006692, "P/B": 1.468470140452942, "ROA": 0.008383508300693026, "CFROA": 0.061336883703970294, "MACD": 0.05292820177924895, "RSI": 57.60981856842727, "R&D": 0.0}, "Real Estate": {"Price": 75.1, "Volume": 1322513.0, "P/E": 155.58286122446972, "EV": 17090329346.300003, "EBITDA": 654837000, "EV/EBITDA": 38.59881659927349, "P/B": 3.7839912500357467, "ROA": 0.007318032786885246, "CFROA": 0.06331500106241869, "MACD": 0.763726392318361, "RSI": 64.56982660652648, "R&D": 0}, "Communication Services": {"Price": 22.8475, "Volume": 10092955.0, "P/E": 10.653593483098035, "EV": 19382978470.0, "EBITDA": 1142576500.0, "EV/EBITDA": 9.666336232158395, "P/B": 1.6067195300174362, "ROA": 0.01070744254443622, "CFROA": 0.05761445716491352, "MACD": 0.06714592684677889, "RSI": 59.15690442063421, "R&D": 0.0}, "Energy": {"Price": 58.32, "Volume": 5447691.0, "P/E": 15.250575725083241, "EV": 26601246569.3, "EBITDA": 5277000000, "EV/EBITDA": 4.830721261637849, "P/B": 1.792312481708213, "ROA": 0.07241212614089651, "CFROA": 0.12168851164089083, "MACD": 0.11993134304202613, "RSI": 58.38197181487403, "R&D": 0}}