{"Industrials": {"Price": 65.115, "Volume": 1276534.5, "P/E": 68.14223212111105, "EV": 13903397318.335, "EBITDA": 781850000.0, "EV/EBITDA": 16.060059789091156, "P/B": 3.419634857938334, "ROA": 0.01981394033354155, "CFROA": 0.04619511271527979, "MACD": 0.6505397841284903, "RSI": 59.77826559645159, "R&D": 22249500.0}, "Health Care": {"Price": 53.41, "Volume": 1366132.0, "P/E": 63.866769878719346, "EV": 15041845485.759998, "EBITDA": 1253300000, "EV/EBITDA": 13.837257030448955, "P/B": 2.8025622480861343, "ROA": 0.02044525215810995, "CFROA": 0.04033848417954378, "MACD": 0.4050293456160077, "RSI": 56.58537838148041, "R&D": 132639000}, "Information Technology": {"Price": 41.315, "Volume": 2606480.5, "P/E": 23.111983331027368, "EV": 12599287315.240002, "EBITDA": 571573000.0, "EV/EBITDA": 14.647770807167511, "P/B": 2.8404818580317204, "ROA": 0.031648803874959386, "CFROA": 0.0763999020737991, "MACD": 0.33254746236169197, "RSI": 59.304799295974405, "R&D": 570619500.0}, "Consumer Staples": {"Price": 49.459999999999994, "Volume": 2224264.0, "P/E": 49.680391263609614, "EV": 27495736433.75, "EBITDA": 1672000000.0, "EV/EBITDA": 13.052734284147483, "P/B": 3.8184430464081363, "ROA": 0.025020345521192477, "CFROA": 0.08208407988625843, "MACD": -0.05692673020202221, "RSI": 43.32812449081374, "R&D": 75450000.0}, "Financials": {"Price": 43.305, "Volume": 1954118.75, "P/E": 30.2867406637194, "EV": 18383682539.5, "EBITDA": 1171800000.0, "EV/EBITDA": 15.206912208085162, "P/B": 1.2996116077699043, "ROA": 0.0070649120633925425, "CFROA": 0.005684221840086489, "MACD": 0.23245528354260614, "RSI": 54.55767015933031, "R&D": 0.0}, "Materials": {"Price": 55.805, "Volume": 1416584.5, "P/E": 76.32597087065592, "EV": 9906968455.735, "EBITDA": 780992500.0, "EV/EBITDA": 14.274277081536223, "P/B": 3.2055860068312145, "ROA": 0.012160185155477506, "CFROA": 0.036919083075022625, "MACD": 0.5168233408892355, "RSI": 58.17904220032159, "R&D": 91459500.0}, "Real Estate": {"Price": 72.13, "Volume": 1433583.06, "P/E": 56.40470466797859, "EV": 15205731581.300001, "EBITDA": 580675000, "EV/EBITDA": 23.521427226308216, "P/B": 3.471901831644442, "ROA": 0.012059338410046047, "CFROA": 0.04757007570330418, "MACD": 0.3600472833565149, "RSI": 54.20023983971175, "R&D": 0}, "Utilities": {"Price": 38.71, "Volume": 2278781.0, "P/E": 24.03284817751517, "EV": 23877961826.54, "EBITDA": 1272549500.0, "EV/EBITDA": 15.94587450666683, "P/B": 1.389893105521705, "ROA": 0.006395835018275873, "CFROA": 0.04098475899793741, "MACD": -0.009179836084781456, "RSI": 49.561255962179075, "R&D": 0.0}, "Consumer Discretionary": {"Price": 48.19, "Volume": 2179187.0, "P/E": 41.2113462134322, "EV": 14351009000.0, "EBITDA": 764000000, "EV/EBITDA": 15.63704201750309, "P/B": 3.785479110018041, "ROA": 0.030124240906073838, "CFROA": 0.06384920803131137, "MACD": 0.5210731941133417, "RSI": 58.65760992847217, "R&D": 0}, "Communication Services": {"Price": 26.07255, "Volume": 3798519.5, "P/E": 32.49296207369996, "EV": 15075803811.02, "EBITDA": 796820500.0, "EV/EBITDA": 16.380162204623744, "P/B": 2.8838037033598702, "ROA": 0.010450969344059473, "CFROA": 0.013023026002365722, "MACD": 0.14457187501935387, "RSI": 52.7628697043829, "R&D": 0.0}, "Energy": {"Price": 74.73, "Volume": 4143116.0, "P/E": 17.18638225548387, "EV": 30810133206.239998, "EBITDA": 5787000000, "EV/EBITDA": 7.596029881063965, "P/B": 1.900054360547531, "ROA": 0.03531056028281333, "CFROA": 0.11703251173899622, "MACD": 0.6023948829349806, "RSI": 58.04356848446627, "R&D": 0}}