{"Industrials": {"Price": 68.31, "Volume": 1276764.0, "P/E": 68.4972664007328, "EV": 15565631808.6, "EBITDA": 796000000, "EV/EBITDA": 17.190761458815274, "P/B": 3.403937607557849, "ROA": 0.020080623893305203, "CFROA": 0.04710660423726621, "MACD": 0.8911097332747566, "RSI": 60.63572497758411, "R&D": 23499000}, "Health Care": {"Price": 59.19, "Volume": 1346639.0, "P/E": 66.00461737579617, "EV": 16472575143.66, "EBITDA": 1253300000, "EV/EBITDA": 14.690856904300123, "P/B": 2.9245042214369072, "ROA": 0.02044525215810995, "CFROA": 0.024465926141194732, "MACD": 0.5417847861009193, "RSI": 57.166173289156006, "R&D": 197646000}, "Information Technology": {"Price": 42.795, "Volume": 2177260.5, "P/E": 24.62058192807119, "EV": 14516085452.0, "EBITDA": 571573000.0, "EV/EBITDA": 15.321110549612964, "P/B": 2.8982588478322837, "ROA": 0.0344483191602578, "CFROA": 0.07391757484236158, "MACD": 0.4410008036359514, "RSI": 60.25167033464656, "R&D": 578814000.0}, "Consumer Staples": {"Price": 52.55, "Volume": 2458735.0, "P/E": 55.72797780730198, "EV": 28872088000.0, "EBITDA": 1900000000, "EV/EBITDA": 14.170622674218906, "P/B": 3.8121594806820744, "ROA": 0.022350298844428202, "CFROA": 0.08032990898221126, "MACD": 0.26512026756283547, "RSI": 51.76578229893293, "R&D": 93100000}, "Financials": {"Price": 46.533, "Volume": 1399367.0, "P/E": 42.33713484816994, "EV": 20313389582.5, "EBITDA": 1134000000, "EV/EBITDA": 17.697811177731364, "P/B": 1.5128572111040477, "ROA": 0.006810774673389231, "CFROA": 0.004063889139138886, "MACD": 0.6268692790132135, "RSI": 61.66156508466024, "R&D": 0}, "Materials": {"Price": 58.47, "Volume": 1064227.5, "P/E": 80.20054936093828, "EV": 10481437836.97, "EBITDA": 824742500.0, "EV/EBITDA": 14.926541278555135, "P/B": 3.2528288253074433, "ROA": 0.012160185155477506, "CFROA": 0.036919083075022625, "MACD": 0.23767191388255782, "RSI": 51.644646621537746, "R&D": 91459500.0}, "Real Estate": {"Price": 75, "Volume": 1161346.0, "P/E": 51.844741483859856, "EV": 16032205473.95, "EBITDA": 580675000, "EV/EBITDA": 22.368093952169794, "P/B": 3.334352478189916, "ROA": 0.012059338410046047, "CFROA": 0.04757007570330418, "MACD": -0.5354713118264698, "RSI": 40.16238895653973, "R&D": 0}, "Utilities": {"Price": 40.74, "Volume": 2881588.0, "P/E": 28.816944016405966, "EV": 23617444207.88, "EBITDA": 1260099000, "EV/EBITDA": 17.206815652868215, "P/B": 1.464502995341328, "ROA": 0.006134211044326541, "CFROA": 0.03817102304665542, "MACD": -0.15670839819527416, "RSI": 39.51692702771016, "R&D": 0}, "Consumer Discretionary": {"Price": 53.01, "Volume": 2421589.0, "P/E": 44.74897563476702, "EV": 14717120652.46, "EBITDA": 688244000, "EV/EBITDA": 17.59806292345058, "P/B": 3.693230288418219, "ROA": 0.024851523707526045, "CFROA": 0.07148638309697482, "MACD": 0.49794650477413427, "RSI": 55.03578665506926, "R&D": 0}, "Communication Services": {"Price": 25.421999999999997, "Volume": 4220263.0, "P/E": 31.923511903848144, "EV": 16185518987.795, "EBITDA": 796820500.0, "EV/EBITDA": 16.518170279589576, "P/B": 2.741123858170367, "ROA": 0.010450969344059473, "CFROA": 0.013023026002365722, "MACD": 0.04906490858797419, "RSI": 52.025209958211036, "R&D": 0.0}, "Energy": {"Price": 80.91, "Volume": 3688014.0, "P/E": 19.18585395474172, "EV": 31815080385.260002, "EBITDA": 5787000000, "EV/EBITDA": 8.778227052897874, "P/B": 1.9075023964984008, "ROA": 0.03531056028281333, "CFROA": 0.11703251173899622, "MACD": 0.11093585207181889, "RSI": 47.106089829289715, "R&D": 0}}