{"Industrials": {"Price": 59.56, "Volume": 2013253.0, "P/E": 58.40747492242838, "EV": 13511210788.3, "EBITDA": 955000000, "EV/EBITDA": 17.16320311501276, "P/B": 3.7604293079623883, "ROA": 0.021533516150737012, "CFROA": 0.054593410968448296, "MACD": -0.9600404119120469, "RSI": 49.512750520076196, "R&D": 31494000}, "Health Care": {"Price": 72.58, "Volume": 1852008.0, "P/E": 73.65838816063116, "EV": 21773632992.76, "EBITDA": 946500000, "EV/EBITDA": 15.539433237578203, "P/B": 3.6843055787455476, "ROA": 0.01832819458718739, "CFROA": 0.05683977757172555, "MACD": -0.9365335740439917, "RSI": 45.335343714625544, "R&D": 201463000}, "Information Technology": {"Price": 48.42, "Volume": 3308576.5, "P/E": 25.077368680084057, "EV": 10511868871.195, "EBITDA": 584170500.0, "EV/EBITDA": 12.256169569890961, "P/B": 2.868595878063383, "ROA": 0.03191383849600636, "CFROA": 0.053721914187041614, "MACD": -0.829835054716682, "RSI": 46.26534263027005, "R&D": 448608000.0}, "Communication Services": {"Price": 34.67, "Volume": 3721151.658, "P/E": 19.41995333114651, "EV": 29390116880.0, "EBITDA": 873800000, "EV/EBITDA": 18.02815499712131, "P/B": 4.378046465193971, "ROA": 0.0042319460865476, "CFROA": 0.03539280085610913, "MACD": -0.2670193850563862, "RSI": 51.976775192081675, "R&D": 0}, "Consumer Staples": {"Price": 66.2, "Volume": 3710024.0, "P/E": 85.80092863199752, "EV": 32339123471.760002, "EBITDA": 2167743000, "EV/EBITDA": 17.23771614926395, "P/B": 4.880155428276438, "ROA": 0.022936602870813397, "CFROA": 0.05442350868218376, "MACD": -0.0026204075081679434, "RSI": 60.69739374847681, "R&D": 60800000}, "Consumer Discretionary": {"Price": 63.33, "Volume": 3953064.0, "P/E": 53.97220185479456, "EV": 14393357561.1, "EBITDA": 841000000, "EV/EBITDA": 20.50711423332939, "P/B": 3.881262635785012, "ROA": 0.028696285506190824, "CFROA": 0.0748210517537644, "MACD": -0.43381534322939785, "RSI": 54.92196960273032, "R&D": 0}, "Financials": {"Price": 42.97, "Volume": 2514284.0, "P/E": 36.68164899358963, "EV": 22255581539.66, "EBITDA": 1283500000.0, "EV/EBITDA": 10.883455405181655, "P/B": 1.1143665876389997, "ROA": 0.005942207764665169, "CFROA": 0.008208749225257283, "MACD": -1.1986468751901178, "RSI": 45.51475419409758, "R&D": 0.0}, "Materials": {"Price": 60.46, "Volume": 1771787.0, "P/E": 60.72865484846659, "EV": 11252263857.56, "EBITDA": 1048000000, "EV/EBITDA": 13.369155660272424, "P/B": 3.1071161872394644, "ROA": 0.016260721985230035, "CFROA": 0.08238042114070562, "MACD": -1.2715946775807794, "RSI": 50.02235055031615, "R&D": 88310000}, "Real Estate": {"Price": 86.82, "Volume": 1525447.0, "P/E": 44.50875343221778, "EV": 20498687560.46, "EBITDA": 990957000, "EV/EBITDA": 22.483246257798537, "P/B": 3.241098626621661, "ROA": 0.02230684354073239, "CFROA": 0.06639070790419224, "MACD": -0.506974079832144, "RSI": 50.4034531971523, "R&D": 0}, "Utilities": {"Price": 54.57, "Volume": 3032818.0, "P/E": 65.82867321227273, "EV": 26134494348.4, "EBITDA": 1687000000, "EV/EBITDA": 15.867803185305185, "P/B": 1.7031264456497126, "ROA": 0.006201163824131455, "CFROA": 0.04049471555243801, "MACD": 0.5180840676849954, "RSI": 68.3904716177106, "R&D": 0}, "Energy": {"Price": 59.88, "Volume": 6181862.0, "P/E": 17.765372629601362, "EV": 32401623264.600006, "EBITDA": 6488000000, "EV/EBITDA": 7.308346468299596, "P/B": 1.7107331579822993, "ROA": 0.03187679071523941, "CFROA": 0.0750575645428552, "MACD": -0.9758905464118612, "RSI": 50.04232177966346, "R&D": 0}}