{"Industrials": {"Price": 52.74, "Volume": 1477384.311, "P/E": 43.09194863103953, "EV": 11615900000.0, "EBITDA": 1343000000, "EV/EBITDA": 11.325081230220418, "P/B": 2.6420714140955517, "ROA": 0.02089276966081669, "CFROA": 0.05288965257114119, "MACD": 0.17472985811141228, "RSI": 48.38523153037448, "R&D": 26997000}, "Health Care": {"Price": 46.8225, "Volume": 1507335.5, "P/E": 39.945621072683, "EV": 12017255102.1025, "EBITDA": 1345125000.0, "EV/EBITDA": 9.758886553198682, "P/B": 2.510894053755278, "ROA": 0.022079300395172995, "CFROA": 0.0635561215197382, "MACD": 0.22597996889916416, "RSI": 56.43342304994593, "R&D": 115980000.0}, "Information Technology": {"Price": 30.200000000000003, "Volume": 3062987.0, "P/E": 16.37986308406596, "EV": 10354655595.53, "EBITDA": 520216000.0, "EV/EBITDA": 11.154159185591059, "P/B": 2.516622393250895, "ROA": 0.041484894307190726, "CFROA": 0.1028205990279962, "MACD": 0.24485155840981587, "RSI": 53.77502670530647, "R&D": 379372500.0}, "Consumer Staples": {"Price": 47.585, "Volume": 3702314.5, "P/E": 56.22816986047086, "EV": 23302555252.4, "EBITDA": 1659500000.0, "EV/EBITDA": 11.622007099806972, "P/B": 3.5266508375114833, "ROA": 0.024093935251918053, "CFROA": 0.053334142501513415, "MACD": 0.1992101768895722, "RSI": 58.36094066599846, "R&D": 57050000.0}, "Consumer Discretionary": {"Price": 36.40365, "Volume": 2349891.0, "P/E": 38.62411566200069, "EV": 10050573987.26, "EBITDA": 707109500.0, "EV/EBITDA": 15.588464971594869, "P/B": 2.7619236457649183, "ROA": 0.026521679556700525, "CFROA": 0.1024601561268397, "MACD": 0.22898084380259753, "RSI": 54.25498853775352, "R&D": 0.0}, "Financials": {"Price": 35.6, "Volume": 1631424.0, "P/E": 40.06521792006696, "EV": 16286778209.119999, "EBITDA": 1107000000, "EV/EBITDA": 11.014063315706549, "P/B": 1.0183641223588675, "ROA": 0.009474824038982133, "CFROA": 0.008737882640867287, "MACD": 0.2783040908833314, "RSI": 57.057664942264225, "R&D": 0}, "Materials": {"Price": 48.59165, "Volume": 1556984.0, "P/E": 48.25443324256764, "EV": 7302615983.120001, "EBITDA": 660746500.0, "EV/EBITDA": 11.349827418891046, "P/B": 2.482943394768162, "ROA": 0.013993856189869492, "CFROA": 0.0542791375110396, "MACD": 0.10901112685693803, "RSI": 47.13878888225749, "R&D": 84741500.0}, "Utilities": {"Price": 35.58, "Volume": 2324418.0, "P/E": 44.528, "EV": 17694912190.1, "EBITDA": 1217500000, "EV/EBITDA": 14.945923352044199, "P/B": 1.425522459168377, "ROA": 0.005767234418855012, "CFROA": 0.05990364704390821, "MACD": -0.26159958244362613, "RSI": 41.586075522916566, "R&D": 0}, "Real Estate": {"Price": 70.78, "Volume": 912483, "P/E": 163.83642039469427, "EV": 17996320280.72, "EBITDA": 654837000, "EV/EBITDA": 33.96416862452162, "P/B": 3.9116132146237987, "ROA": 0.007318032786885246, "CFROA": 0.06331500106241869, "MACD": 0.08625301810289443, "RSI": 57.20611805730224, "R&D": 0}, "Communication Services": {"Price": 22.2823, "Volume": 5038240.5, "P/E": 9.665128816219893, "EV": 18083227915.0, "EBITDA": 1142576500.0, "EV/EBITDA": 9.288899138608809, "P/B": 1.5341370983862688, "ROA": 0.01070744254443622, "CFROA": 0.05761445716491352, "MACD": 0.1549274088874606, "RSI": 51.209916391234714, "R&D": 0.0}, "Energy": {"Price": 54.66, "Volume": 4144218.0, "P/E": 13.479891156744015, "EV": 27001918748.07, "EBITDA": 5277000000, "EV/EBITDA": 5.213859965798974, "P/B": 1.8114565377617768, "ROA": 0.07241212614089651, "CFROA": 0.12168851164089083, "MACD": 0.3321918522524676, "RSI": 51.9611231413703, "R&D": 0}}