{"Information Technology": {"Price": 35.355000000000004, "Volume": 3976156.5, "P/E": 54.11508341615688, "EV": 17632683901.875, "EBITDA": 1660906000.0, "EV/EBITDA": 11.287804993644269, "P/B": 2.799587497524694, "ROA": 0.042499646600481715, "CFROA": 0.017629358167060818, "MACD": 0.4840705079558383, "RSI": 61.890226498707065, "R&D": 581166000.0}, "Health Care": {"Price": 33.18435, "Volume": 4820896.709, "P/E": 14.95740932576931, "EV": 9772480878.6937, "EBITDA": 557691000.0, "EV/EBITDA": 18.63789757321023, "P/B": 3.316799147984775, "ROA": 0.04016419049619407, "CFROA": 0.02848636571158368, "MACD": 0.35582685671491987, "RSI": 55.372775460263995, "R&D": 52152500.0}, "Materials": {"Price": 89.62, "Volume": 1149712.0, "P/E": 70.57459986019846, "EV": 22671348621.96, "EBITDA": 1230400000, "EV/EBITDA": 18.425998554908972, "P/B": 3.4619965425661183, "ROA": 0.020146750679332737, "CFROA": 0.06219504068592245, "MACD": -0.36181724615235566, "RSI": 59.93502581703749, "R&D": 114700000}, "Consumer Discretionary": {"Price": 16.125, "Volume": 21051474.0, "P/E": 12.637730012690355, "EV": 11335637500.0, "EBITDA": 1974000000, "EV/EBITDA": 5.8739960099492174, "P/B": 1.2077104572584778, "ROA": 0.05276073619631902, "CFROA": 0.11885836222992797, "MACD": 0.018730944714818065, "RSI": 47.25073068109275, "R&D": 0}, "Financials": {"Price": 31.04335, "Volume": 3231247.0, "P/E": 20.670189839824687, "EV": 15069290327.76555, "EBITDA": 1625431000.0, "EV/EBITDA": 13.088344588612774, "P/B": 1.4791393050001544, "ROA": 0.07038059135174302, "CFROA": 0.10875097232765533, "MACD": 0.6044896403781923, "RSI": 66.19855922800632, "R&D": 0.0}, "Industrials": {"Price": 59.76, "Volume": 8034148.0, "P/E": 60.05178733554072, "EV": 12210419287.285, "EBITDA": 2677000000, "EV/EBITDA": 17.946876620963764, "P/B": 4.593422050073529, "ROA": 0.03278903821739702, "CFROA": 0.07652234820295058, "MACD": 0.4197772922264136, "RSI": 62.852279597091936, "R&D": 198900000}, "Consumer Staples": {"Price": 62.92, "Volume": 14631882.0, "P/E": 90.84274602978637, "EV": 197641838694.56, "EBITDA": 6058000000, "EV/EBITDA": 32.62493210540772, "P/B": 2.9068969009026837, "ROA": 0.01704740504946478, "CFROA": 0.014020222825578129, "MACD": -0.06187444988341895, "RSI": 33.4395605720605, "R&D": 0}}