{"Industrials": {"Price": 78.22, "Volume": 1719090.0, "P/E": 71.57578347444444, "EV": 16777277694.880001, "EBITDA": 1047000000, "EV/EBITDA": 19.31741100359786, "P/B": 4.403382547338421, "ROA": 0.024211209343823505, "CFROA": 0.06994444580406745, "MACD": 0.3870881594375284, "RSI": 52.95091501581526, "R&D": 29000000}, "Health Care": {"Price": 81.92, "Volume": 1790253.0, "P/E": 74.07157004777537, "EV": 23491675299.469997, "EBITDA": 882959000, "EV/EBITDA": 18.540923305984283, "P/B": 3.662752244636863, "ROA": 0.01803476874311107, "CFROA": 0.044709003267445244, "MACD": 0.5761163876748512, "RSI": 60.528806697533874, "R&D": 192972000}, "Information Technology": {"Price": 64.55, "Volume": 2795901.0, "P/E": 46.3234354526148, "EV": 18155365459.66, "EBITDA": 686919000, "EV/EBITDA": 23.014765189508342, "P/B": 3.649730115934355, "ROA": 0.030053320407174018, "CFROA": 0.08214219417115277, "MACD": 0.2501340950454818, "RSI": 53.38680038089077, "R&D": 481258000}, "Communication Services": {"Price": 40.47, "Volume": 4875264.0, "P/E": 36.56708653721202, "EV": 22267486932.37, "EBITDA": 437321000, "EV/EBITDA": 18.23442478305348, "P/B": 3.6868336284147247, "ROA": 0.0049127780954925475, "CFROA": 0.06751634869806358, "MACD": 0.18685180912171262, "RSI": 62.12961550412601, "R&D": 0}, "Consumer Staples": {"Price": 71.39, "Volume": 3400989.0, "P/E": 57.57663474833631, "EV": 43304338824.32, "EBITDA": 2346000000, "EV/EBITDA": 19.099063983029374, "P/B": 4.238598104409031, "ROA": 0.02291801323773305, "CFROA": 0.05763340793968665, "MACD": 0.22616212905425925, "RSI": 46.97037242597601, "R&D": 61000000}, "Consumer Discretionary": {"Price": 72.18, "Volume": 2174841.0, "P/E": 65.2596789030086, "EV": 19083284565.33, "EBITDA": 892000000, "EV/EBITDA": 20.507857477875934, "P/B": 3.756570880882136, "ROA": 0.03273720906965194, "CFROA": 0.0851293941954373, "MACD": 0.16854572761690179, "RSI": 50.62642050738958, "R&D": 0}, "Financials": {"Price": 64.27, "Volume": 1940562.0, "P/E": 39.695912531709006, "EV": 25804720536.0, "EBITDA": 1231000000, "EV/EBITDA": 17.194566996969698, "P/B": 1.4567616006636155, "ROA": 0.008019706435065265, "CFROA": 0.00795536213367404, "MACD": 0.21501165032839253, "RSI": 51.538538896996286, "R&D": 0}, "Materials": {"Price": 82.82, "Volume": 1648165.0, "P/E": 49.451704533519916, "EV": 15227808077.105, "EBITDA": 1002716000.0, "EV/EBITDA": 16.52555228958177, "P/B": 4.2996890662808465, "ROA": 0.017376831664870092, "CFROA": 0.06464098014185768, "MACD": 0.9842884684051718, "RSI": 58.195650165628116, "R&D": 96950000.0}, "Real Estate": {"Price": 94.965, "Volume": 1248888.0, "P/E": 119.70978192366007, "EV": 21961581174.245003, "EBITDA": 1039423000.0, "EV/EBITDA": 30.109851877180702, "P/B": 2.8172161266242224, "ROA": 0.011935512251459009, "CFROA": 0.043490488992763615, "MACD": -0.1559830414715151, "RSI": 41.938145815437736, "R&D": 0.0}, "Utilities": {"Price": 54.7, "Volume": 2779743.0, "P/E": 75.27693553039676, "EV": 27293614249.18, "EBITDA": 1583976000, "EV/EBITDA": 19.560274062272725, "P/B": 1.742462081685091, "ROA": 0.005742126326779189, "CFROA": 0.04854368932038835, "MACD": 0.10738932923190703, "RSI": 49.21688810374496, "R&D": 0}, "Energy": {"Price": 59.915, "Volume": 5199427.5, "P/E": -5.30743835874331, "EV": 38607914111.565, "EBITDA": 1817000000.0, "EV/EBITDA": 18.13030036598503, "P/B": 2.0686616957167714, "ROA": -0.011093725759853222, "CFROA": 0.027124924154223365, "MACD": -0.23883417158268472, "RSI": 41.53936325886674, "R&D": 0.0}}