{"Industrials": {"Price": 73.2, "Volume": 1611069.0, "P/E": 64.88546331863331, "EV": 14997756774.640001, "EBITDA": 955000000, "EV/EBITDA": 19.704085117512275, "P/B": 4.236630299762732, "ROA": 0.023672461591820418, "CFROA": 0.05586735571759987, "MACD": 0.5928357105827402, "RSI": 59.111167481494746, "R&D": 31494000}, "Health Care": {"Price": 78.21, "Volume": 1669126.0, "P/E": 79.42673224796157, "EV": 23403809000.0, "EBITDA": 1035000000, "EV/EBITDA": 16.39694527631541, "P/B": 3.816182288499303, "ROA": 0.01832819458718739, "CFROA": 0.05443803030449912, "MACD": 0.6768741266104996, "RSI": 57.60131143989394, "R&D": 201463000}, "Information Technology": {"Price": 55.22, "Volume": 2089656.0, "P/E": 29.831999275366233, "EV": 13205044000.0, "EBITDA": 628117000, "EV/EBITDA": 14.353616646760848, "P/B": 3.4955572141051716, "ROA": 0.030963358727035845, "CFROA": 0.057281249246933515, "MACD": 0.2759281576680621, "RSI": 58.8173759661409, "R&D": 530616000}, "Communication Services": {"Price": 37.375, "Volume": 4764728.5, "P/E": 30.800248550063834, "EV": 34262432998.32, "EBITDA": 1243318000.0, "EV/EBITDA": 17.73381317808566, "P/B": 4.315176941922262, "ROA": 0.006798655394725765, "CFROA": 0.030931086883289532, "MACD": 0.27805628217640077, "RSI": 56.89434019240274, "R&D": 0.0}, "Consumer Staples": {"Price": 62.41, "Volume": 3586157.0, "P/E": 84.03006405896438, "EV": 30207613697.46, "EBITDA": 1847371500.0, "EV/EBITDA": 18.080716146297938, "P/B": 5.408955616906063, "ROA": 0.02363364049002519, "CFROA": 0.053425918498704136, "MACD": 0.30054875528237446, "RSI": 56.83480479757583, "R&D": 70500000.0}, "Consumer Discretionary": {"Price": 66.655, "Volume": 2767323.0, "P/E": 56.111678522670665, "EV": 16101771788.1, "EBITDA": 841000000, "EV/EBITDA": 20.07660533259917, "P/B": 3.4921769887135605, "ROA": 0.028696285506190824, "CFROA": 0.0748210517537644, "MACD": 0.22809703912678714, "RSI": 55.16184932731633, "R&D": 0}, "Financials": {"Price": 54.099999999999994, "Volume": 2081851.0, "P/E": 53.430315695090485, "EV": 24500452340.08, "EBITDA": 1283500000.0, "EV/EBITDA": 12.85048298314107, "P/B": 1.4300386432311925, "ROA": 0.005942207764665169, "CFROA": 0.008208749225257283, "MACD": 0.51203934151496, "RSI": 60.33424894001363, "R&D": 0.0}, "Materials": {"Price": 68.85, "Volume": 1511297.0, "P/E": 68.75790805736041, "EV": 13416981517.300001, "EBITDA": 1048000000, "EV/EBITDA": 14.947496730750391, "P/B": 3.6558919646324726, "ROA": 0.016260721985230035, "CFROA": 0.08238042114070562, "MACD": 0.5102361422767245, "RSI": 56.2755730041242, "R&D": 88310000}, "Real Estate": {"Price": 87.28, "Volume": 1499913.0, "P/E": 47.06106041907765, "EV": 21812005673.010002, "EBITDA": 990957000, "EV/EBITDA": 25.647293238322742, "P/B": 3.5297907577522634, "ROA": 0.02230684354073239, "CFROA": 0.06639070790419224, "MACD": 0.7370473811306368, "RSI": 61.293028332168554, "R&D": 0}, "Utilities": {"Price": 49.91, "Volume": 2285096.0, "P/E": 66.19898968015873, "EV": 25377968088.11, "EBITDA": 1687000000, "EV/EBITDA": 15.956307116332901, "P/B": 1.608184804930426, "ROA": 0.006201163824131455, "CFROA": 0.04049471555243801, "MACD": -0.15188104115141243, "RSI": 51.150953420629, "R&D": 0}, "Energy": {"Price": 59.55, "Volume": 4562295.0, "P/E": 18.33232265919088, "EV": 39861741932.0, "EBITDA": 6488000000, "EV/EBITDA": 8.786470421512698, "P/B": 1.8971690325705928, "ROA": 0.04235343848685028, "CFROA": 0.10414082777893435, "MACD": 0.2045777083353073, "RSI": 53.664145765652016, "R&D": 0}}