{"Industrials": {"Price": 66.13499999999999, "Volume": 1427023.0, "P/E": 62.44942796054153, "EV": 15258063512.07, "EBITDA": 986000000.0, "EV/EBITDA": 17.504866912285152, "P/B": 3.7243171976378617, "ROA": 0.024345243924649568, "CFROA": 0.06467731813908854, "MACD": 0.6551951055166576, "RSI": 56.95302859595073, "R&D": 25868500.0}, "Health Care": {"Price": 79.4, "Volume": 1554818.0, "P/E": 74.62248539745762, "EV": 20302048000.0, "EBITDA": 882959000, "EV/EBITDA": 17.428190737935484, "P/B": 3.610929233746792, "ROA": 0.018595291778796035, "CFROA": 0.048464130724658765, "MACD": 0.9440526130616433, "RSI": 58.39737677141374, "R&D": 192972000}, "Information Technology": {"Price": 51.11, "Volume": 2330575.0, "P/E": 34.55441767597783, "EV": 12975033491.84, "EBITDA": 640200000, "EV/EBITDA": 18.45797182245717, "P/B": 2.8849314933618038, "ROA": 0.03240620264209285, "CFROA": 0.07519038935964818, "MACD": 0.11820586364829211, "RSI": 47.56801636343078, "R&D": 530616000}, "Communication Services": {"Price": 35.43, "Volume": 4642765.0, "P/E": 38.61435312024353, "EV": 29319234816.699997, "EBITDA": 866600000, "EV/EBITDA": 12.219770874681883, "P/B": 3.584506644472344, "ROA": 0.0047568710359408035, "CFROA": 0.07592421386290778, "MACD": 0.10380306786084148, "RSI": 54.62914485798443, "R&D": 0}, "Consumer Staples": {"Price": 67.59, "Volume": 2848568.0, "P/E": 61.002995488443645, "EV": 37457309000.0, "EBITDA": 1625000000, "EV/EBITDA": 20.571017379446154, "P/B": 4.254432655943438, "ROA": 0.02042931775911293, "CFROA": 0.0704924856818867, "MACD": 0.03784842135206645, "RSI": 52.767601475729556, "R&D": 64700000}, "Consumer Discretionary": {"Price": 66.75, "Volume": 2587591.0, "P/E": 62.82629611218183, "EV": 17617461601.95, "EBITDA": 939191000, "EV/EBITDA": 18.517406341633308, "P/B": 3.4831765815450777, "ROA": 0.032388364509434164, "CFROA": 0.0882606153550372, "MACD": 0.1960885590335799, "RSI": 50.85647647386129, "R&D": 0}, "Financials": {"Price": 47.918, "Volume": 1812855.0, "P/E": 27.6530772387487, "EV": 23249664343.32, "EBITDA": 1241500000.0, "EV/EBITDA": 14.511573549053782, "P/B": 1.2353844919022021, "ROA": 0.007692828325700867, "CFROA": 0.008863658008276402, "MACD": 0.7125829443198981, "RSI": 60.180729449799514, "R&D": 0.0}, "Materials": {"Price": 71.25, "Volume": 2031568.0, "P/E": 43.74022048756973, "EV": 12782220000.0, "EBITDA": 1028732000, "EV/EBITDA": 15.69670481570248, "P/B": 3.8155425481417993, "ROA": 0.018122906529309264, "CFROA": 0.08246603338000984, "MACD": 1.1833691209237216, "RSI": 61.7687175015261, "R&D": 102000000}, "Real Estate": {"Price": 90.845, "Volume": 1152810.5, "P/E": 127.98401262880353, "EV": 22186182439.07, "EBITDA": 1039423000.0, "EV/EBITDA": 25.703273221669605, "P/B": 2.865544430398999, "ROA": 0.014420111076633397, "CFROA": 0.043490488992763615, "MACD": 0.24362863396564904, "RSI": 54.20496406447744, "R&D": 0.0}, "Utilities": {"Price": 57.07, "Volume": 2407398.0, "P/E": 74.51241555063754, "EV": 27672396791.98, "EBITDA": 1583976000, "EV/EBITDA": 19.53065486172727, "P/B": 1.766413706532079, "ROA": 0.005742126326779189, "CFROA": 0.04854368932038835, "MACD": -0.11988780268949029, "RSI": 53.61854802351163, "R&D": 0}, "Energy": {"Price": 59.4, "Volume": 6131855.0, "P/E": -3.76334670606683, "EV": 34881165147.695, "EBITDA": 1817000000.0, "EV/EBITDA": 13.525853107807212, "P/B": 2.1652720856547405, "ROA": -0.010084159637781896, "CFROA": 0.027124924154223365, "MACD": 1.8077769356901783, "RSI": 62.500844881120116, "R&D": 0.0}}