{"Industrials": {"Price": 77.7, "Volume": 1263132.0, "P/E": 68.49171042107297, "EV": 16710730615.279999, "EBITDA": 939800000, "EV/EBITDA": 19.83674390303665, "P/B": 4.102182752128894, "ROA": 0.020054844021658264, "CFROA": 0.059927332934737614, "MACD": 0.536122147001663, "RSI": 54.09914096565067, "R&D": 27400000}, "Health Care": {"Price": 83.13, "Volume": 1708971.0, "P/E": 85.22987966473505, "EV": 27644842000.0, "EBITDA": 1526000000, "EV/EBITDA": 19.078298913805906, "P/B": 4.008275274195816, "ROA": 0.018795897900423797, "CFROA": 0.048446293124541226, "MACD": 0.40395836551161324, "RSI": 66.30224270852284, "R&D": 232100000}, "Information Technology": {"Price": 69.00999999999999, "Volume": 2402357.0, "P/E": 48.833882554616665, "EV": 19195238059.075, "EBITDA": 727000000.0, "EV/EBITDA": 24.299160571016017, "P/B": 4.168446799399814, "ROA": 0.027222856874096982, "CFROA": 0.06897271678722514, "MACD": 0.47391571721632353, "RSI": 63.31284810579987, "R&D": 523629000.0}, "Communication Services": {"Price": 42.535, "Volume": 5437136.5, "P/E": 41.37331210476415, "EV": 30847170124.64, "EBITDA": 666060500.0, "EV/EBITDA": 21.99360105002514, "P/B": 4.475568715313228, "ROA": 0.013637213714165264, "CFROA": 0.044160371205634465, "MACD": 0.18717080222543014, "RSI": 59.25588084550394, "R&D": 0.0}, "Consumer Staples": {"Price": 71.8, "Volume": 2350292.0, "P/E": 61.59315146186321, "EV": 39524254260.520004, "EBITDA": 2446000000, "EV/EBITDA": 16.353219600669192, "P/B": 4.152921781130691, "ROA": 0.023490034074118746, "CFROA": 0.07143446341664604, "MACD": -0.08123389259593239, "RSI": 43.655372878639454, "R&D": 61000000}, "Consumer Discretionary": {"Price": 63.315, "Volume": 2768809.0, "P/E": 67.23521344700289, "EV": 21792061894.708252, "EBITDA": 995381500.0, "EV/EBITDA": 19.665550485150142, "P/B": 3.4547706159321008, "ROA": 0.026989914384985242, "CFROA": 0.05925032768006405, "MACD": 0.4865977064055542, "RSI": 58.04386380957555, "R&D": 0.0}, "Financials": {"Price": 63.47, "Volume": 1473213.0, "P/E": 40.519280685293666, "EV": 25076802711.14, "EBITDA": 1301800000.0, "EV/EBITDA": 16.064764407097293, "P/B": 1.5229151956237112, "ROA": 0.008438863000932759, "CFROA": 0.01042856661955594, "MACD": 0.06188675129414278, "RSI": 54.75699097008855, "R&D": 0.0}, "Materials": {"Price": 83.53, "Volume": 1349521.0, "P/E": 80.08336624010241, "EV": 15173480487.82, "EBITDA": 1108050000.0, "EV/EBITDA": 15.461054415941316, "P/B": 4.567459962005618, "ROA": 0.018414117671451954, "CFROA": 0.042690899878263286, "MACD": 0.8380006675901868, "RSI": 59.61913522719208, "R&D": 79237500.0}, "Real Estate": {"Price": 94.69, "Volume": 1096785.0, "P/E": 115.25767801936824, "EV": 21207289789.47, "EBITDA": 1095193000, "EV/EBITDA": 25.84574838788008, "P/B": 2.6250791838671304, "ROA": 0.010701459393846417, "CFROA": 0.062042917622160555, "MACD": 0.3979331461043216, "RSI": 53.14524506894332, "R&D": 0}, "Utilities": {"Price": 54.27, "Volume": 1694566.0, "P/E": 87.74560616993243, "EV": 28320451137.82, "EBITDA": 1277000000, "EV/EBITDA": 20.902847436183674, "P/B": 1.948374498688698, "ROA": 0.0054647765393355694, "CFROA": 0.04556086311974963, "MACD": 0.18826929698116146, "RSI": 49.65270995300912, "R&D": 0}, "Energy": {"Price": 56.985, "Volume": 3950927.5, "P/E": -6.3761440028272105, "EV": 42824757430.09, "EBITDA": 2339500000.0, "EV/EBITDA": 15.251317203430823, "P/B": 2.04885881751796, "ROA": -0.006942597530081061, "CFROA": 0.05796595144774825, "MACD": -0.38321598828222747, "RSI": 40.79768955023685, "R&D": 0.0}}