{"Industrials": {"Price": 68.42, "Volume": 1946192.0, "P/E": 65.18000372429378, "EV": 15778144965.36, "EBITDA": 1047000000, "EV/EBITDA": 18.1105517926183, "P/B": 3.69531168398175, "ROA": 0.024479278505475627, "CFROA": 0.0753652058432935, "MACD": -0.3212102408617028, "RSI": 43.26777941840711, "R&D": 29000000}, "Health Care": {"Price": 74.83000000000001, "Volume": 2552300.0, "P/E": 71.16217779332257, "EV": 20188119500.0, "EBITDA": 914729500.0, "EV/EBITDA": 17.554377614011546, "P/B": 3.363179787539644, "ROA": 0.018315030260953553, "CFROA": 0.050121151068828904, "MACD": -1.0449816642899066, "RSI": 34.209249405272914, "R&D": 203936000.0}, "Information Technology": {"Price": 59.8, "Volume": 2895929.0, "P/E": 40.470970435283846, "EV": 15018113384.32, "EBITDA": 640200000, "EV/EBITDA": 22.5033391217684, "P/B": 3.3530037810061537, "ROA": 0.024039925691314412, "CFROA": 0.08082856967238305, "MACD": 0.011586435900653669, "RSI": 48.37132559176092, "R&D": 481258000}, "Communication Services": {"Price": 42.6, "Volume": 3042041.0, "P/E": 36.01544419019476, "EV": 20873069762.59, "EBITDA": 368109000, "EV/EBITDA": 17.405958184325364, "P/B": 3.8808775035944474, "ROA": 0.0047568710359408035, "CFROA": 0.06751634869806358, "MACD": -0.0661393127866674, "RSI": 40.16959371420543, "R&D": 0}, "Consumer Staples": {"Price": 70.99, "Volume": 3450751.0, "P/E": 53.764732549631205, "EV": 40753766220.119995, "EBITDA": 2346000000, "EV/EBITDA": 19.259342532189194, "P/B": 3.997396395603021, "ROA": 0.02291801323773305, "CFROA": 0.0704924856818867, "MACD": -0.3442400923930933, "RSI": 45.3043028813703, "R&D": 60800000}, "Consumer Discretionary": {"Price": 64.34, "Volume": 2738477.0, "P/E": 61.543360770710294, "EV": 17977658266.38, "EBITDA": 912400000, "EV/EBITDA": 20.271606727037515, "P/B": 3.496176136585808, "ROA": 0.032388364509434164, "CFROA": 0.0882606153550372, "MACD": -0.6387922414522293, "RSI": 39.44866413578913, "R&D": 0}, "Financials": {"Price": 53.379999999999995, "Volume": 2260464.0, "P/E": 27.148018694009743, "EV": 26669976120.21, "EBITDA": 1241500000.0, "EV/EBITDA": 15.025986193831265, "P/B": 1.2890902554742012, "ROA": 0.007692828325700867, "CFROA": 0.00751613991035656, "MACD": -0.1529892069787966, "RSI": 41.85659958960717, "R&D": 0.0}, "Materials": {"Price": 72.42, "Volume": 2046245.0, "P/E": 42.966035678550654, "EV": 12943866040.400002, "EBITDA": 1028732000, "EV/EBITDA": 17.07769755991645, "P/B": 3.9305170390315904, "ROA": 0.018122906529309264, "CFROA": 0.08246603338000984, "MACD": -0.10941460006660009, "RSI": 50.19083862747163, "R&D": 102000000}, "Real Estate": {"Price": 98.645, "Volume": 1588626.0, "P/E": 119.52212514882692, "EV": 21470322597.735, "EBITDA": 1039423000.0, "EV/EBITDA": 25.374346519024414, "P/B": 2.812456158024562, "ROA": 0.014420111076633397, "CFROA": 0.043490488992763615, "MACD": -0.7906966995398719, "RSI": 42.04570178200722, "R&D": 0.0}, "Utilities": {"Price": 54.08, "Volume": 2530801.0, "P/E": 70.81374729146341, "EV": 27703962003.88, "EBITDA": 1583976000, "EV/EBITDA": 19.72688206534091, "P/B": 1.739516791796196, "ROA": 0.005742126326779189, "CFROA": 0.04854368932038835, "MACD": -0.11386825342296447, "RSI": 48.899791252554124, "R&D": 0}, "Energy": {"Price": 54.025000000000006, "Volume": 6848113.5, "P/E": -3.872740943337659, "EV": 37055073426.76, "EBITDA": 1817000000.0, "EV/EBITDA": 15.354636398006058, "P/B": 2.099094199996574, "ROA": -0.010084159637781896, "CFROA": 0.027124924154223365, "MACD": -0.26812517794188295, "RSI": 40.38114978447448, "R&D": 0.0}}