{"Industrials": {"Price": 70.61, "Volume": 1348143.0, "P/E": 69.36770131311678, "EV": 16373985026.080002, "EBITDA": 859000000, "EV/EBITDA": 16.32737445325715, "P/B": 3.277906408285129, "ROA": 0.023081024487989082, "CFROA": 0.036036036036036036, "MACD": 0.2886963046455975, "RSI": 54.96580126332322, "R&D": 29271000}, "Health Care": {"Price": 59.62, "Volume": 2064728.0, "P/E": 62.20141551805523, "EV": 15087781937.78, "EBITDA": 1012916000, "EV/EBITDA": 15.031967695426504, "P/B": 3.2340606360649944, "ROA": 0.01881218905472637, "CFROA": 0.042204753883586, "MACD": -0.3138192763623451, "RSI": 49.40850700749316, "R&D": 197646000}, "Information Technology": {"Price": 40.485, "Volume": 2793793.0, "P/E": 30.541369477616957, "EV": 14296120918.63, "EBITDA": 670500000.0, "EV/EBITDA": 15.329143541662567, "P/B": 3.0074580192956435, "ROA": 0.035805975809525055, "CFROA": 0.07641119307346178, "MACD": -0.017257161197122173, "RSI": 51.33877510462622, "R&D": 531916000.0}, "Communication Services": {"Price": 28.74, "Volume": 3557533.0, "P/E": 35.75241766858338, "EV": 18600174581.06, "EBITDA": 836000000, "EV/EBITDA": 14.583404513871429, "P/B": 2.9846974630081147, "ROA": 0.01359808495522361, "CFROA": 0.045084099969681476, "MACD": -0.07918751439282445, "RSI": 54.096857617630235, "R&D": 0}, "Consumer Staples": {"Price": 62.925, "Volume": 2447587.0, "P/E": 65.08107477986898, "EV": 28909432570.72, "EBITDA": 2092950000.0, "EV/EBITDA": 12.904009967167077, "P/B": 4.381544375960367, "ROA": 0.021997507804259783, "CFROA": 0.048443601053661495, "MACD": 0.5235710342214723, "RSI": 58.38764659807049, "R&D": 77450000.0}, "Consumer Discretionary": {"Price": 56.155, "Volume": 2794549.5, "P/E": 53.9967487064723, "EV": 15346187377.789997, "EBITDA": 842741000.0, "EV/EBITDA": 20.381257564788257, "P/B": 3.6680288321261614, "ROA": 0.02526249141563526, "CFROA": 0.05074424098688041, "MACD": -0.19487668915494005, "RSI": 49.913508769500694, "R&D": 0.0}, "Financials": {"Price": 46.231300000000005, "Volume": 2559533.0, "P/E": 35.78773240127241, "EV": 21917507672.120003, "EBITDA": 1234300000.0, "EV/EBITDA": 17.151077781320183, "P/B": 1.2764712850100262, "ROA": 0.007444944312421532, "CFROA": 0.012664858767249994, "MACD": -0.04311322068677459, "RSI": 50.63722302741631, "R&D": 0.0}, "Materials": {"Price": 66.26, "Volume": 1183762.0, "P/E": 52.525244015118105, "EV": 11260590060.08, "EBITDA": 803100000, "EV/EBITDA": 14.201375818041718, "P/B": 3.453405590231823, "ROA": 0.016012103637395195, "CFROA": 0.06200837350926161, "MACD": 0.1342073185050907, "RSI": 51.88490552434328, "R&D": 85000000}, "Real Estate": {"Price": 81.16455, "Volume": 1330984.0632, "P/E": 70.72898452101866, "EV": 21003793866.32, "EBITDA": 950913000.0, "EV/EBITDA": 31.9790045039707, "P/B": 3.4892183651724724, "ROA": 0.010338277528764081, "CFROA": 0.03520421624829442, "MACD": 0.8566741354903655, "RSI": 62.94049743529306, "R&D": 0.0}, "Utilities": {"Price": 45.22, "Volume": 2110376.0, "P/E": 79.16687832980392, "EV": 25494282474.559998, "EBITDA": 1335000000, "EV/EBITDA": 16.474290772827143, "P/B": 1.5801467265588915, "ROA": 0.005994127845686058, "CFROA": 0.037644249102484435, "MACD": 0.623300463240362, "RSI": 67.6932082950858, "R&D": 0}, "Energy": {"Price": 86.475, "Volume": 3658781.5, "P/E": 21.014820458833952, "EV": 32934298806.515, "EBITDA": 4809650000.0, "EV/EBITDA": 8.713425512623196, "P/B": 2.0080882963090505, "ROA": 0.04696259097052209, "CFROA": 0.12245443725759333, "MACD": 1.551675014771856, "RSI": 63.00065175849968, "R&D": 0.0}}