{"Industrials": {"Price": 102.34, "Volume": 1281797.0, "P/E": 59.79928749163467, "EV": 25819403060.36, "EBITDA": 1137400000, "EV/EBITDA": 19.803396894061038, "P/B": 4.668720249533922, "ROA": 0.029789001782839736, "CFROA": 0.08059270567152292, "MACD": 0.9303918343557882, "RSI": 62.56798458085875, "R&D": 48000000}, "Health Care": {"Price": 113.57, "Volume": 1472496.0, "P/E": 77.75533960542334, "EV": 30114439277.440002, "EBITDA": 1230000000, "EV/EBITDA": 24.661711964902878, "P/B": 4.33066381962626, "ROA": 0.01564291249236665, "CFROA": 0.05823644526303672, "MACD": 1.5730304737114267, "RSI": 66.10334550195705, "R&D": 193998000}, "Information Technology": {"Price": 98.63499999999999, "Volume": 2636774.5, "P/E": 52.665487242983225, "EV": 30020415103.18, "EBITDA": 1150150000.0, "EV/EBITDA": 33.33673601116715, "P/B": 5.720041259033955, "ROA": 0.03527513318453684, "CFROA": 0.10957339100962933, "MACD": 1.029809939278934, "RSI": 63.836906358242466, "R&D": 607856000.0}, "Communication Services": {"Price": 45.105000000000004, "Volume": 4062333.371, "P/E": 48.824047624094646, "EV": 35555880483.75, "EBITDA": 1198888000.0, "EV/EBITDA": 18.348273550832356, "P/B": 2.642212419926292, "ROA": 0.008982699087102702, "CFROA": 0.03412718403005517, "MACD": 0.48361993426785155, "RSI": 61.4737259876589, "R&D": 0.0}, "Consumer Staples": {"Price": 66.605, "Volume": 2878633.0, "P/E": 82.44765832515716, "EV": 44593223744.595, "EBITDA": 2070404000.0, "EV/EBITDA": 16.071963206324376, "P/B": 4.127742213555195, "ROA": 0.021529921036702787, "CFROA": 0.07392800216249433, "MACD": 0.08631560705526553, "RSI": 50.99483350946952, "R&D": 58350000.0}, "Consumer Discretionary": {"Price": 102.2, "Volume": 2549785.0, "P/E": 70.1614398920511, "EV": 28244265182.36, "EBITDA": 1031000000, "EV/EBITDA": 19.162958995247045, "P/B": 4.31479218593351, "ROA": 0.03128777466841086, "CFROA": 0.08590330037873199, "MACD": 0.8913718420213641, "RSI": 59.87374607452387, "R&D": 0}, "Financials": {"Price": 89.44, "Volume": 1527339.0, "P/E": 49.55603325415677, "EV": 40109670368.28, "EBITDA": 1262000000, "EV/EBITDA": 21.2681054997846, "P/B": 1.7420577604734866, "ROA": 0.011224559882205977, "CFROA": 0.014503902513949535, "MACD": 0.7453050626715907, "RSI": 61.65948298871606, "R&D": 0}, "Materials": {"Price": 86.155, "Volume": 1335687.5, "P/E": 45.12862736055423, "EV": 17138134760.599998, "EBITDA": 1512300000.0, "EV/EBITDA": 13.435737346250015, "P/B": 3.0185647090861902, "ROA": 0.023471892104794084, "CFROA": 0.07511694042443862, "MACD": 1.287832715895476, "RSI": 61.78626883533048, "R&D": 67277000.0}, "Real Estate": {"Price": 81.74, "Volume": 1815065.0, "P/E": 56.83760940863114, "EV": 22399108785.6, "EBITDA": 1037949000, "EV/EBITDA": 23.584288389201348, "P/B": 2.7789035505810817, "ROA": 0.012928425640336912, "CFROA": 0.07311164397614414, "MACD": 0.2991162226601247, "RSI": 47.458337806500175, "R&D": 0}, "Utilities": {"Price": 63.245000000000005, "Volume": 2171501.0, "P/E": 100.03315893063147, "EV": 38753243538.79, "EBITDA": 1565500000.0, "EV/EBITDA": 23.740075725866312, "P/B": 2.0699429717754514, "ROA": 0.00527037073705684, "CFROA": 0.046153499988279834, "MACD": 0.3640622666235629, "RSI": 50.14780379153387, "R&D": 0.0}, "Energy": {"Price": 55.12, "Volume": 5519424.0, "P/E": 16.00133803011333, "EV": 40705020529.75, "EBITDA": 4073000000, "EV/EBITDA": 9.241572216691832, "P/B": 1.6238528882517191, "ROA": 0.030323230317557123, "CFROA": 0.10589798630277011, "MACD": 0.317477926908623, "RSI": 57.64751569217034, "R&D": 0}}