{"Industrials": {"Price": 62.875, "Volume": 1547091.0, "P/E": 63.46954602158904, "EV": 13359062613.6, "EBITDA": 781850000.0, "EV/EBITDA": 15.347665376270264, "P/B": 3.3581302287365595, "ROA": 0.01981394033354155, "CFROA": 0.04316847306223379, "MACD": 0.8836350698783164, "RSI": 67.26021154182502, "R&D": 22249500.0}, "Health Care": {"Price": 53.5, "Volume": 1752816.0, "P/E": 65.80218443292269, "EV": 14201822000.0, "EBITDA": 1253300000, "EV/EBITDA": 13.174456800204783, "P/B": 2.774603277587067, "ROA": 0.02044525215810995, "CFROA": 0.04033848417954378, "MACD": 0.7201017534365235, "RSI": 63.853745194423496, "R&D": 132639000}, "Information Technology": {"Price": 41.48, "Volume": 2923675.0, "P/E": 25.01002491755543, "EV": 14616384099.724998, "EBITDA": 512146000, "EV/EBITDA": 14.35172486849453, "P/B": 2.7312686504579102, "ROA": 0.03469952593439767, "CFROA": 0.06158069920367241, "MACD": 0.3085564026430525, "RSI": 60.579924413171874, "R&D": 452937000}, "Consumer Staples": {"Price": 52.73, "Volume": 2799998.0, "P/E": 63.19035794143678, "EV": 29496469150.0, "EBITDA": 1857000000, "EV/EBITDA": 14.266659546706142, "P/B": 3.5115011028193956, "ROA": 0.02745682223768186, "CFROA": 0.08383825079030559, "MACD": 0.42321415587196043, "RSI": 61.653119691788014, "R&D": 57800000}, "Financials": {"Price": 44.835, "Volume": 2233924.0, "P/E": 30.134578576029483, "EV": 18302548787.02, "EBITDA": 1171800000.0, "EV/EBITDA": 16.08277135533178, "P/B": 1.3458049268605152, "ROA": 0.0070649120633925425, "CFROA": 0.005684221840086489, "MACD": 0.41890465163453783, "RSI": 62.1740262623374, "R&D": 0.0}, "Materials": {"Price": 52.379999999999995, "Volume": 1405562.0, "P/E": 75.84391791393558, "EV": 9578687112.635, "EBITDA": 780992500.0, "EV/EBITDA": 14.858674065218345, "P/B": 3.3875544847015, "ROA": 0.012160185155477506, "CFROA": 0.036919083075022625, "MACD": 0.6004459020202937, "RSI": 62.99675013519604, "R&D": 91459500.0}, "Real Estate": {"Price": 71.28, "Volume": 1577749.0, "P/E": 54.970243086483684, "EV": 14556994009.65, "EBITDA": 580675000, "EV/EBITDA": 24.108974365963636, "P/B": 3.6074676465979207, "ROA": 0.012059338410046047, "CFROA": 0.04757007570330418, "MACD": -0.0031885927424752936, "RSI": 39.05978757263608, "R&D": 0}, "Utilities": {"Price": 40.769999999999996, "Volume": 2452367.0, "P/E": 25.098216500503298, "EV": 24662591364.065002, "EBITDA": 1272549500.0, "EV/EBITDA": 16.503916496380743, "P/B": 1.4998222230881368, "ROA": 0.006395835018275873, "CFROA": 0.04098475899793741, "MACD": 0.37994765481684745, "RSI": 60.223863859687526, "R&D": 0.0}, "Consumer Discretionary": {"Price": 47.3329, "Volume": 2858480.0, "P/E": 39.236488744161015, "EV": 15108913823.02, "EBITDA": 764000000, "EV/EBITDA": 14.858409422595797, "P/B": 3.538036503739626, "ROA": 0.030124240906073838, "CFROA": 0.06384920803131137, "MACD": 0.45622379678976976, "RSI": 64.28168619461258, "R&D": 0}, "Communication Services": {"Price": 25.380000000000003, "Volume": 4381422.0, "P/E": 32.64593363318115, "EV": 14831359998.965, "EBITDA": 796820500.0, "EV/EBITDA": 16.1298906649541, "P/B": 2.724498125722972, "ROA": 0.010450969344059473, "CFROA": 0.013023026002365722, "MACD": 0.3696105501881206, "RSI": 62.1239076057424, "R&D": 0.0}, "Energy": {"Price": 69.55, "Volume": 4225024.0, "P/E": 16.78460949628319, "EV": 32565252223.120003, "EBITDA": 5787000000, "EV/EBITDA": 7.876524369780542, "P/B": 1.808664946447671, "ROA": 0.03531056028281333, "CFROA": 0.11703251173899622, "MACD": 0.7171646505684492, "RSI": 62.02631369531301, "R&D": 0}}