{"Industrials": {"Price": 76.71, "Volume": 1529031.0, "P/E": 67.79201021033118, "EV": 17971173053.73, "EBITDA": 939800000, "EV/EBITDA": 19.918130084053228, "P/B": 3.9359962440469136, "ROA": 0.020054844021658264, "CFROA": 0.059927332934737614, "MACD": -0.04311203080847825, "RSI": 47.46328137728013, "R&D": 27400000}, "Health Care": {"Price": 84.45, "Volume": 1589017.0, "P/E": 83.45322901740994, "EV": 26334305936.120003, "EBITDA": 1526000000, "EV/EBITDA": 18.518306959776904, "P/B": 4.034170933113363, "ROA": 0.018795897900423797, "CFROA": 0.048446293124541226, "MACD": 0.3453524197426816, "RSI": 52.69801398449989, "R&D": 232100000}, "Information Technology": {"Price": 65.55, "Volume": 3170168.0, "P/E": 46.51791631453337, "EV": 18737218994.52, "EBITDA": 756000000, "EV/EBITDA": 22.997595410106097, "P/B": 4.049058775008677, "ROA": 0.027698353865885372, "CFROA": 0.06899888884906269, "MACD": 0.23445144970090936, "RSI": 50.202237699567085, "R&D": 566000000}, "Communication Services": {"Price": 43.370000000000005, "Volume": 4046609.5, "P/E": 42.014310457490254, "EV": 31233847286.1, "EBITDA": 666060500.0, "EV/EBITDA": 21.933956341995767, "P/B": 4.415945861580918, "ROA": 0.013637213714165264, "CFROA": 0.044160371205634465, "MACD": 0.09789993503256689, "RSI": 54.51896387574957, "R&D": 0.0}, "Consumer Staples": {"Price": 72.37, "Volume": 2300459.0, "P/E": 61.68743356556604, "EV": 39871665584.399994, "EBITDA": 2446000000, "EV/EBITDA": 16.530592426716485, "P/B": 4.127651223462049, "ROA": 0.023490034074118746, "CFROA": 0.07143446341664604, "MACD": 0.0024645605067803444, "RSI": 42.84279283924823, "R&D": 61000000}, "Consumer Discretionary": {"Price": 65.18, "Volume": 3273408.0, "P/E": 70.62856171555556, "EV": 20643332327.48, "EBITDA": 990000000, "EV/EBITDA": 19.518362406797383, "P/B": 3.4075657456016324, "ROA": 0.026838930262718358, "CFROA": 0.058743149586456045, "MACD": 0.29714242884567454, "RSI": 53.06370869212482, "R&D": 0}, "Financials": {"Price": 65.52000000000001, "Volume": 1672649.0, "P/E": 40.57499076234094, "EV": 24423610917.38, "EBITDA": 1301800000.0, "EV/EBITDA": 15.916653809803332, "P/B": 1.4968786167878307, "ROA": 0.008438863000932759, "CFROA": 0.01042856661955594, "MACD": -0.15216148271489782, "RSI": 45.72196319326859, "R&D": 0.0}, "Materials": {"Price": 85.35499999999999, "Volume": 1592153.5, "P/E": 75.89317804612622, "EV": 15053196095.66, "EBITDA": 1108050000.0, "EV/EBITDA": 15.124727639192946, "P/B": 4.449217434369158, "ROA": 0.018414117671451954, "CFROA": 0.042690899878263286, "MACD": -0.28603598295187993, "RSI": 50.66735780981945, "R&D": 79237500.0}, "Real Estate": {"Price": 94.23, "Volume": 1052683.0, "P/E": 115.42575894979554, "EV": 22137999108.02, "EBITDA": 1095193000, "EV/EBITDA": 25.90813815347102, "P/B": 2.4779594333414345, "ROA": 0.010701459393846417, "CFROA": 0.062042917622160555, "MACD": 0.12618172438727981, "RSI": 51.13877163887546, "R&D": 0}, "Utilities": {"Price": 54.57, "Volume": 1991872.0, "P/E": 86.25221893333332, "EV": 28402503893.8, "EBITDA": 1277000000, "EV/EBITDA": 20.977123394755104, "P/B": 1.9356263905007516, "ROA": 0.0054647765393355694, "CFROA": 0.04556086311974963, "MACD": 0.46115852166273186, "RSI": 54.8207206062072, "R&D": 0}, "Energy": {"Price": 60.195, "Volume": 4311752.5, "P/E": -6.838094417297088, "EV": 42210532593.689995, "EBITDA": 2339500000.0, "EV/EBITDA": 15.964030296571966, "P/B": 2.116051704136816, "ROA": -0.006942597530081061, "CFROA": 0.05796595144774825, "MACD": -0.1620573808303707, "RSI": 50.07378139420432, "R&D": 0.0}}