{"Industrials": {"Price": 93.08, "Volume": 1910409.0, "P/E": 47.34864614417241, "EV": 22522697366.59, "EBITDA": 1229250000, "EV/EBITDA": 18.32230820955054, "P/B": 4.096185241012924, "ROA": 0.030259931338891613, "CFROA": 0.0641878429329001, "MACD": 0.17289672574885984, "RSI": 57.49185284596308, "R&D": 42000000}, "Health Care": {"Price": 108.64, "Volume": 1880641.0, "P/E": 26.242747073050765, "EV": 24606179122.0, "EBITDA": 1435000000, "EV/EBITDA": 22.072892759819563, "P/B": 4.540862780631054, "ROA": 0.009317263406800896, "CFROA": 0.04048981508722758, "MACD": 0.8389598714817055, "RSI": 59.92640105521035, "R&D": 151700000}, "Information Technology": {"Price": 77.83, "Volume": 3413244.0, "P/E": 35.78005878089272, "EV": 24847333769.75, "EBITDA": 1073700000, "EV/EBITDA": 24.81102983743213, "P/B": 4.217674577576154, "ROA": 0.024976853976799995, "CFROA": 0.04415424869970325, "MACD": -0.016643820517766805, "RSI": 58.766051691152356, "R&D": 608712000}, "Communication Services": {"Price": 46.6, "Volume": 3641209.0, "P/E": 12.30018018018018, "EV": 30283898190.0, "EBITDA": 910590000, "EV/EBITDA": 17.052187904967603, "P/B": 2.686619246130076, "ROA": 0.024306277340314902, "CFROA": 0.053736845421891735, "MACD": 0.021354125457506257, "RSI": 52.83378499630709, "R&D": 0}, "Consumer Staples": {"Price": 67.04, "Volume": 4878903.0, "P/E": 77.6198309387697, "EV": 42620660463.68, "EBITDA": 2427000000, "EV/EBITDA": 15.621294160409956, "P/B": 4.390469960380463, "ROA": 0.02484327411827649, "CFROA": 0.05366830981026155, "MACD": 0.1704298570903262, "RSI": 55.17113894134824, "R&D": 47300000}, "Consumer Discretionary": {"Price": 87.644, "Volume": 4027609.5, "P/E": 40.6297131125591, "EV": 23427920685.635, "EBITDA": 1015348000.0, "EV/EBITDA": 19.83468176756502, "P/B": 3.822052569088539, "ROA": 0.03043784252566574, "CFROA": 0.07795870082605191, "MACD": 0.07631734577225302, "RSI": 56.983316116779704, "R&D": 0.0}, "Financials": {"Price": 71.69, "Volume": 2210951.0, "P/E": 24.432771526874763, "EV": 32507699999.999996, "EBITDA": 1411000000, "EV/EBITDA": 14.760564221187604, "P/B": 1.395135493423795, "ROA": 0.00814892924155256, "CFROA": 0.01619264329185103, "MACD": 0.026402604077702563, "RSI": 53.824150707171405, "R&D": 0}, "Materials": {"Price": 95.255, "Volume": 1859275.5, "P/E": 19.41048036990457, "EV": 16696081094.3, "EBITDA": 1121600000.0, "EV/EBITDA": 15.019852724193413, "P/B": 3.182205624345672, "ROA": 0.032918036602644724, "CFROA": 0.06795608072839304, "MACD": 0.1758289007286571, "RSI": 53.2798972360561, "R&D": 68250000.0}, "Real Estate": {"Price": 95.87, "Volume": 1501745.0, "P/E": 76.44694231390707, "EV": 24093741614.25, "EBITDA": 1232278500.0, "EV/EBITDA": 23.330775535650645, "P/B": 2.6788618266906825, "ROA": 0.015362598773235609, "CFROA": 0.057892269039803296, "MACD": 1.1696712655853148, "RSI": 62.41428594064986, "R&D": 0.0}, "Utilities": {"Price": 62.87, "Volume": 2597222.5, "P/E": 20.538805505351174, "EV": 33325739065.985, "EBITDA": 1593500000.0, "EV/EBITDA": 21.457496054156667, "P/B": 2.105493485655839, "ROA": 0.00565239427939253, "CFROA": 0.04181650483647488, "MACD": 0.5335066842257135, "RSI": 64.12459693971977, "R&D": 0.0}, "Energy": {"Price": 63.705, "Volume": 7462731.0, "P/E": 15.061091777390464, "EV": 39433125926.270004, "EBITDA": 3075500000.0, "EV/EBITDA": 12.894120128368634, "P/B": 1.8369092590789258, "ROA": 0.030444879882463523, "CFROA": 0.08933473823179183, "MACD": -1.8148370005582208, "RSI": 48.8580911078545, "R&D": 0.0}}