{"Industrials": {"Price": 81.305, "Volume": 1547616.592, "P/E": 82.91678644410877, "EV": 18609529829.894997, "EBITDA": 1007492500.0, "EV/EBITDA": 21.209762160982983, "P/B": 4.671764009307898, "ROA": 0.020320508857130153, "CFROA": 0.05661700947078883, "MACD": 0.8599367487494902, "RSI": 54.127898896308686, "R&D": 32314500.0}, "Health Care": {"Price": 85.77, "Volume": 2186394.225, "P/E": 90.9575682112996, "EV": 30706901000.0, "EBITDA": 1526000000, "EV/EBITDA": 20.966962152206992, "P/B": 4.3243028819153135, "ROA": 0.018070758611928608, "CFROA": 0.039779992375973426, "MACD": 0.3833573377068724, "RSI": 52.26388238594457, "R&D": 232100000}, "Information Technology": {"Price": 84.80000000000001, "Volume": 2437375.0, "P/E": 64.58175785061357, "EV": 23389383939.6, "EBITDA": 690822000.0, "EV/EBITDA": 27.772136952337114, "P/B": 4.9731243094259945, "ROA": 0.025782812153784918, "CFROA": 0.06799665110698247, "MACD": 1.3314847540055794, "RSI": 63.935742380197, "R&D": 498853000.0}, "Communication Services": {"Price": 45.15, "Volume": 4184713.5, "P/E": 40.625378323329414, "EV": 25791496463.489998, "EBITDA": 666060500.0, "EV/EBITDA": 21.243673591979025, "P/B": 4.337512691780036, "ROA": 0.013637213714165264, "CFROA": 0.05463951528423812, "MACD": -0.02471133983677909, "RSI": 44.79675664735943, "R&D": 0.0}, "Consumer Staples": {"Price": 67.01, "Volume": 3326612.0, "P/E": 67.718049110437, "EV": 36654498918.96001, "EBITDA": 2151000000, "EV/EBITDA": 15.258511307442468, "P/B": 3.8584366033819664, "ROA": 0.025355412140281575, "CFROA": 0.09346620936603464, "MACD": -0.3060375955900838, "RSI": 48.48079949540879, "R&D": 58100000}, "Consumer Discretionary": {"Price": 73.44999999999999, "Volume": 2287798.5, "P/E": 67.46583028218734, "EV": 21831286929.659996, "EBITDA": 1010339500.0, "EV/EBITDA": 21.276104473532357, "P/B": 3.9335656418411586, "ROA": 0.02470103924615501, "CFROA": 0.05841386392713692, "MACD": 0.37944141134891396, "RSI": 51.204157709611394, "R&D": 0.0}, "Financials": {"Price": 67.015, "Volume": 1742269.0, "P/E": 46.06338753705819, "EV": 28423039932.0, "EBITDA": 1301800000.0, "EV/EBITDA": 17.18157025160582, "P/B": 1.6816601148656074, "ROA": 0.008438863000932759, "CFROA": 0.01042856661955594, "MACD": 0.5104442102969529, "RSI": 53.84183558962057, "R&D": 0.0}, "Materials": {"Price": 104.39500000000001, "Volume": 1275860.0, "P/E": 87.43244077429819, "EV": 16634546901.82, "EBITDA": 1108050000.0, "EV/EBITDA": 17.015680575875898, "P/B": 5.189248703810391, "ROA": 0.018414117671451954, "CFROA": 0.042690899878263286, "MACD": 0.9302555202250034, "RSI": 57.701111206315744, "R&D": 79237500.0}, "Real Estate": {"Price": 105.14, "Volume": 880831, "P/E": 124.68549020788078, "EV": 20439646896.98, "EBITDA": 1095193000, "EV/EBITDA": 27.9046106523811, "P/B": 2.7791033072854168, "ROA": 0.010701459393846417, "CFROA": 0.062042917622160555, "MACD": 0.22407438866088825, "RSI": 56.97622578121526, "R&D": 0}, "Utilities": {"Price": 61.8, "Volume": 2024781.0, "P/E": 96.81520182635134, "EV": 30406484664.850002, "EBITDA": 1277000000, "EV/EBITDA": 22.0451634479699, "P/B": 2.1110559645783473, "ROA": 0.0054647765393355694, "CFROA": 0.04556086311974963, "MACD": 0.41042082873339325, "RSI": 58.40180909322707, "R&D": 0}, "Energy": {"Price": 61.475, "Volume": 5320019.5, "P/E": -6.181455204329292, "EV": 44666586573.015, "EBITDA": 2339500000.0, "EV/EBITDA": 16.14362094273196, "P/B": 2.156026867426069, "ROA": -0.006942597530081061, "CFROA": 0.05796595144774825, "MACD": 0.4029477916295141, "RSI": 59.63259560582425, "R&D": 0.0}}