{"Industrials": {"Price": 67.7, "Volume": 1712903.0, "P/E": 61.236711414371264, "EV": 16196777428.26, "EBITDA": 859000000, "EV/EBITDA": 16.21949452467974, "P/B": 3.2936716724635624, "ROA": 0.02339504712774759, "CFROA": 0.039974911143633704, "MACD": -0.2352152254324693, "RSI": 37.82818348637137, "R&D": 29271000}, "Health Care": {"Price": 63.912499999999994, "Volume": 2027577.025, "P/E": 67.94158504623735, "EV": 18854179041.1, "EBITDA": 1116958000.0, "EV/EBITDA": 15.187883750962285, "P/B": 3.266704847477251, "ROA": 0.018553723621659135, "CFROA": 0.0401416624405559, "MACD": 0.11516482572811881, "RSI": 44.567528700149694, "R&D": 204299000.0}, "Information Technology": {"Price": 40.52, "Volume": 2776611.0, "P/E": 33.069395218819714, "EV": 12493418516.841, "EBITDA": 641000000, "EV/EBITDA": 15.739307811158799, "P/B": 3.292662116244553, "ROA": 0.03532209654658634, "CFROA": 0.08376547181952383, "MACD": -0.01231899872382769, "RSI": 41.84258942160481, "R&D": 487832000}, "Communication Services": {"Price": 33.42, "Volume": 4587869.0, "P/E": 30.92858852314903, "EV": 20301597430.88, "EBITDA": 836000000, "EV/EBITDA": 15.197986695142626, "P/B": 2.7636882149048523, "ROA": 0.012417927490722238, "CFROA": 0.04443666899930021, "MACD": 0.06447549074654546, "RSI": 44.33847447760673, "R&D": 0}, "Consumer Staples": {"Price": 62.695, "Volume": 3607014.0, "P/E": 58.58464621356971, "EV": 28524303360.64, "EBITDA": 1900950000.0, "EV/EBITDA": 13.949044596573495, "P/B": 4.404532416667776, "ROA": 0.021997507804259783, "CFROA": 0.045543936882270625, "MACD": -0.5092950305214501, "RSI": 31.375620438065354, "R&D": 82650000.0}, "Consumer Discretionary": {"Price": 55.235, "Volume": 3004621.5, "P/E": 53.62278509693526, "EV": 15552703991.465, "EBITDA": 842741000.0, "EV/EBITDA": 20.350373065219856, "P/B": 3.378725803167569, "ROA": 0.02547363995473119, "CFROA": 0.05212632979116197, "MACD": -0.16578994754080867, "RSI": 44.8497807974923, "R&D": 0.0}, "Financials": {"Price": 47.81585, "Volume": 2684859.5, "P/E": 35.24082427954966, "EV": 22091290982.260002, "EBITDA": 1234300000.0, "EV/EBITDA": 16.50135232892456, "P/B": 1.2786382877015317, "ROA": 0.007444944312421532, "CFROA": 0.012664858767249994, "MACD": -0.05764123606151994, "RSI": 36.84384226223253, "R&D": 0.0}, "Materials": {"Price": 63.34, "Volume": 1518191.0, "P/E": 51.103364284219, "EV": 9766954915.720001, "EBITDA": 700028000, "EV/EBITDA": 12.105330368149719, "P/B": 3.151363138050579, "ROA": 0.014748045731163903, "CFROA": 0.06344288498171706, "MACD": -0.1876025264940182, "RSI": 41.904628965669225, "R&D": 85000000}, "Real Estate": {"Price": 86.21, "Volume": 1207249.5, "P/E": 70.33847603823014, "EV": 21865520387.91, "EBITDA": 950913000.0, "EV/EBITDA": 31.68708027239648, "P/B": 3.4835790932911115, "ROA": 0.010338277528764081, "CFROA": 0.03520421624829442, "MACD": 0.4362290999321061, "RSI": 49.119449606500964, "R&D": 0.0}, "Utilities": {"Price": 43.32, "Volume": 2601929.0, "P/E": 75.99705957470589, "EV": 25499639389.64, "EBITDA": 1335000000, "EV/EBITDA": 16.09564357664234, "P/B": 1.5475356990790834, "ROA": 0.005994127845686058, "CFROA": 0.037644249102484435, "MACD": -0.26310908165415015, "RSI": 37.740409007124505, "R&D": 0}, "Energy": {"Price": 87.75, "Volume": 4837946.5, "P/E": 20.25791142375193, "EV": 34983819952.44, "EBITDA": 4809650000.0, "EV/EBITDA": 8.154140361867674, "P/B": 2.0349694592383423, "ROA": 0.04696259097052209, "CFROA": 0.12245443725759333, "MACD": -0.20376674149303042, "RSI": 38.79865053973953, "R&D": 0.0}}