{"Industrials": {"Price": 139.58, "Volume": 1573438.0, "P/E": 25.014686875524117, "EV": 33333435001.34, "EBITDA": 1602623000, "EV/EBITDA": 16.13541323764223, "P/B": 4.695951314108632, "ROA": 0.07089188482297834, "CFROA": 0.11423583886858885, "MACD": 0.6912385539676507, "RSI": 52.061011454308, "R&D": 61100000}, "Health Care": {"Price": 191.11, "Volume": 1466879.0, "P/E": 28.929416467977457, "EV": 49433187039, "EBITDA": 2657000000, "EV/EBITDA": 17.05065142122651, "P/B": 4.693028338606537, "ROA": 0.07063353261380481, "CFROA": 0.10991882812366774, "MACD": 1.607370838865819, "RSI": 58.77125693957287, "R&D": 274969000}, "Information Technology": {"Price": 151.65, "Volume": 1933325.5, "P/E": 33.24975857747461, "EV": 44062745550.034996, "EBITDA": 1997000000.0, "EV/EBITDA": 22.156309529942437, "P/B": 7.339909942549594, "ROA": 0.0894059487110638, "CFROA": 0.11524551104027445, "MACD": 0.9403488073643693, "RSI": 52.16985128535414, "R&D": 633500000.0}, "Communication Services": {"Price": 80.82, "Volume": 3163821.0, "P/E": 23.333739773308633, "EV": 35985404800.0, "EBITDA": 3375000000, "EV/EBITDA": 9.92133853426595, "P/B": 2.3640003818274433, "ROA": 0.04785727201494786, "CFROA": 0.054912998976458544, "MACD": 0.148924986557617, "RSI": 49.66890758749112, "R&D": 0}, "Consumer Staples": {"Price": 76.42, "Volume": 2568196.0, "P/E": 29.653755080904894, "EV": 49781721808.36, "EBITDA": 3438000000, "EV/EBITDA": 15.062865181290324, "P/B": 4.991366578685332, "ROA": 0.06409109878972158, "CFROA": 0.12602976651040007, "MACD": 0.2935698378443874, "RSI": 60.40033642282323, "R&D": 84000000}, "Consumer Discretionary": {"Price": 119.07, "Volume": 2160662.0, "P/E": 19.088676945050505, "EV": 29324327069.14, "EBITDA": 1888000000, "EV/EBITDA": 14.401936896901107, "P/B": 3.6610935140548357, "ROA": 0.07263227285678663, "CFROA": 0.1078058288472248, "MACD": -0.28441833085948076, "RSI": 48.27661353408957, "R&D": 0}, "Utilities": {"Price": 73.435, "Volume": 2146401.5, "P/E": 24.106277401313804, "EV": 41041498168.97, "EBITDA": 2624000000.0, "EV/EBITDA": 13.226068976483358, "P/B": 2.376324199231956, "ROA": 0.024474440658036375, "CFROA": 0.05073062769912859, "MACD": 1.4318078284764582, "RSI": 75.12623172513656, "R&D": 0.0}, "Financials": {"Price": 110.12, "Volume": 2163997.0, "P/E": 11.640247975678601, "EV": 45041979135.0, "EBITDA": 4399000000, "EV/EBITDA": 9.046390667804781, "P/B": 1.3609642210406678, "ROA": 0.020971359469152774, "CFROA": 0.02220549722201826, "MACD": 0.489320550231092, "RSI": 51.946671006149266, "R&D": 0}, "Materials": {"Price": 121.255, "Volume": 1475556.0, "P/E": 20.870064861782698, "EV": 28573502213.190002, "EBITDA": 2674500000.0, "EV/EBITDA": 12.021012684643079, "P/B": 3.713280799150417, "ROA": 0.06101422480229412, "CFROA": 0.09761546619787026, "MACD": 1.3493612804219914, "RSI": 57.81902705427374, "R&D": 96650000.0}, "Real Estate": {"Price": 130.24, "Volume": 1532978.0, "P/E": 44.74649104626608, "EV": 31595504620.000004, "EBITDA": 1617508000, "EV/EBITDA": 24.648913730093508, "P/B": 3.574491122758362, "ROA": 0.03348704103001298, "CFROA": 0.07581339849016171, "MACD": 2.041541957492157, "RSI": 62.35543902798565, "R&D": 0}, "Energy": {"Price": 80.23, "Volume": 7172971.5, "P/E": 20.180138255052, "EV": 56198341364.815, "EBITDA": 5163500000.0, "EV/EBITDA": 11.321488202798294, "P/B": 2.4960978393171587, "ROA": 0.05660192755894935, "CFROA": 0.10494879530417964, "MACD": 2.184686285730997, "RSI": 60.145547717035136, "R&D": 0.0}}