{"Industrials": {"Price": 70.33, "Volume": 3642966.0, "P/E": 57.368750652376505, "EV": 26210818919.36, "EBITDA": 1922000000, "EV/EBITDA": 15.454932398839016, "P/B": 3.0607811708071617, "ROA": 0.02127279606904055, "CFROA": 0.060352831940575676, "MACD": 0.3216915127671527, "RSI": 66.19636853729631, "R&D": 131000000}, "Health Care": {"Price": 42.12, "Volume": 4463938.0, "P/E": 53.17353730778865, "EV": 21590252710.96, "EBITDA": 2117532000, "EV/EBITDA": 12.12501794902368, "P/B": 2.844721491716278, "ROA": 0.021330387858377747, "CFROA": 0.047842718984278054, "MACD": 0.07413684527476505, "RSI": 60.52257667838268, "R&D": 612000000}, "Information Technology": {"Price": 31.53, "Volume": 5539139.0, "P/E": 19.367800873438224, "EV": 14249021045.0, "EBITDA": 1285812000, "EV/EBITDA": 10.075031765483992, "P/B": 2.3858879949772986, "ROA": 0.04696163856512391, "CFROA": 0.03001412429378531, "MACD": -0.013645460873709325, "RSI": 61.032292270559495, "R&D": 282000000}, "Materials": {"Price": 43.765, "Volume": 1578472.0, "P/E": 25.41577112359551, "EV": 10047056254.5, "EBITDA": 803000000, "EV/EBITDA": 9.174614189923929, "P/B": 2.027228217289719, "ROA": 0.02517185354961257, "CFROA": 0.06941816461684011, "MACD": 0.0062083721264514224, "RSI": 60.588205092302424, "R&D": 70000000}, "Consumer Staples": {"Price": 54.455, "Volume": 5840404.0, "P/E": 57.68879901444279, "EV": 48471111222.69, "EBITDA": 4961500000.0, "EV/EBITDA": 10.864349111016839, "P/B": 4.908405391928602, "ROA": 0.028242099356415966, "CFROA": 0.06775409171109442, "MACD": -0.13704520168498036, "RSI": 54.6872267047258, "R&D": 87250000.0}, "Consumer Discretionary": {"Price": 32, "Volume": 5909113.0, "P/E": 19.146924485407066, "EV": 14277804500.0, "EBITDA": 1974000000, "EV/EBITDA": 8.640215657980335, "P/B": 1.888010881551045, "ROA": 0.038851985288598664, "CFROA": 0.0636123136123136, "MACD": 0.17615802781058143, "RSI": 65.47047700584602, "R&D": 0}, "Utilities": {"Price": 38.18, "Volume": 1893756.0, "P/E": 48.19550539657895, "EV": 25117884060.93, "EBITDA": 1916000000, "EV/EBITDA": 12.416067562020203, "P/B": 1.4409177113977683, "ROA": 0.00616577992143603, "CFROA": 0.0408250053157559, "MACD": 0.09810851060562698, "RSI": 63.27306572412772, "R&D": 0}, "Real Estate": {"Price": 57.824, "Volume": 3789164.0, "P/E": 191.15274033584652, "EV": 17175620838.27, "EBITDA": 680545000.0, "EV/EBITDA": 27.03960024416494, "P/B": 4.547697999313506, "ROA": 0.00597948101920194, "CFROA": 0.07951449695605661, "MACD": 0.09555050678472199, "RSI": 63.571512831619714, "R&D": 0.0}, "Financials": {"Price": 31.54, "Volume": 3095316.0, "P/E": 23.2909856771312, "EV": 17194412136.559998, "EBITDA": 789000000, "EV/EBITDA": 16.635321919370814, "P/B": 1.312418269467367, "ROA": 0.010438447134381357, "CFROA": 0.017570215545395167, "MACD": -0.193058499172011, "RSI": 59.37637415540161, "R&D": 0}, "Energy": {"Price": 57.8448, "Volume": 6683746.0, "P/E": 13.350448180748852, "EV": 29428884427.600002, "EBITDA": 4135000000, "EV/EBITDA": 7.11492871985543, "P/B": 1.9885176872552603, "ROA": 0.06003503220702904, "CFROA": 0.08791538369256609, "MACD": -0.08316694055879381, "RSI": 59.37150642794133, "R&D": 0}, "Communication Services": {"Price": 34.4525, "Volume": 8362821.0, "P/E": 37.99718327274002, "EV": 40649407412.5, "EBITDA": 5776896500.0, "EV/EBITDA": 6.941897628969815, "P/B": 1.022230466720154, "ROA": 0.012294195805889967, "CFROA": 0.05966110550761035, "MACD": 0.21111136624133664, "RSI": 68.24538974126897, "R&D": 0.0}}