{"Industrials": {"Price": 80.86, "Volume": 1582393.0, "P/E": 73.48792427555557, "EV": 18518221093.2, "EBITDA": 939800000, "EV/EBITDA": 20.739587647747815, "P/B": 4.2916936823978205, "ROA": 0.020054844021658264, "CFROA": 0.059927332934737614, "MACD": 0.8649816894349271, "RSI": 64.41216564088396, "R&D": 37229000}, "Health Care": {"Price": 84.145, "Volume": 1893483.5, "P/E": 83.16285438934008, "EV": 26484526257.559998, "EBITDA": 1532000000.0, "EV/EBITDA": 18.53924739399247, "P/B": 3.9673230256661602, "ROA": 0.018433328256176204, "CFROA": 0.0517820747442082, "MACD": 1.4392703079626017, "RSI": 69.34764316311768, "R&D": 180300000.0}, "Information Technology": {"Price": 64.16, "Volume": 2706094.5, "P/E": 47.18738246189001, "EV": 19281773420.795, "EBITDA": 774948000.0, "EV/EBITDA": 23.430151833248672, "P/B": 4.24531903289295, "ROA": 0.02836716800925136, "CFROA": 0.06902750868622007, "MACD": 0.9528938241452458, "RSI": 65.51817108901933, "R&D": 601500000.0}, "Communication Services": {"Price": 42.365, "Volume": 3973975.5, "P/E": 42.31574388548773, "EV": 31056728533.59, "EBITDA": 666060500.0, "EV/EBITDA": 21.502424028089433, "P/B": 4.316446628448267, "ROA": 0.013637213714165264, "CFROA": 0.044160371205634465, "MACD": 0.2569482864449544, "RSI": 54.57187446852025, "R&D": 0.0}, "Consumer Staples": {"Price": 74.83, "Volume": 3180423.0, "P/E": 62.64372347455189, "EV": 41976116109.68, "EBITDA": 2446000000, "EV/EBITDA": 16.762808936602063, "P/B": 4.524503828398827, "ROA": 0.023490034074118746, "CFROA": 0.07143446341664604, "MACD": 0.9289383044657029, "RSI": 63.458386973218126, "R&D": 61000000}, "Consumer Discretionary": {"Price": 69.36, "Volume": 3594068.578, "P/E": 65.43484575674361, "EV": 20606083609.3637, "EBITDA": 961130000.0, "EV/EBITDA": 19.782063263064522, "P/B": 3.561230069542229, "ROA": 0.028801977207189543, "CFROA": 0.06831808477285886, "MACD": 0.4065271186000743, "RSI": 61.19408506228697, "R&D": 0.0}, "Financials": {"Price": 68.515, "Volume": 2611228.0, "P/E": 43.5980830621595, "EV": 24759440856.39, "EBITDA": 1301800000.0, "EV/EBITDA": 16.621086753173493, "P/B": 1.6133330915354582, "ROA": 0.008438863000932759, "CFROA": 0.01042856661955594, "MACD": 0.9842447329437825, "RSI": 69.00697918917578, "R&D": 0.0}, "Materials": {"Price": 86.065, "Volume": 2374072.5, "P/E": 78.23565894381537, "EV": 15338469522.7, "EBITDA": 1108050000.0, "EV/EBITDA": 16.084932384982864, "P/B": 4.228008260957717, "ROA": 0.018414117671451954, "CFROA": 0.042690899878263286, "MACD": 0.33515489628340944, "RSI": 56.31535832872304, "R&D": 79237500.0}, "Real Estate": {"Price": 93.01, "Volume": 1334052.0, "P/E": 121.96563515187553, "EV": 22585406906.72, "EBITDA": 1095193000, "EV/EBITDA": 26.42062551368231, "P/B": 2.4749890684128935, "ROA": 0.010701459393846417, "CFROA": 0.062042917622160555, "MACD": 0.756933168390475, "RSI": 60.174817942910686, "R&D": 0}, "Utilities": {"Price": 54.76, "Volume": 2915883.0, "P/E": 86.65243251428572, "EV": 28261627274.84, "EBITDA": 1277000000, "EV/EBITDA": 20.901638703453877, "P/B": 1.9098983903396232, "ROA": 0.0054647765393355694, "CFROA": 0.04556086311974963, "MACD": 0.5968109222330895, "RSI": 64.07103358511692, "R&D": 0}, "Energy": {"Price": 59.150000000000006, "Volume": 5256189.0, "P/E": -7.370466974816409, "EV": 42054061074.465004, "EBITDA": 2339500000.0, "EV/EBITDA": 16.230433799756177, "P/B": 2.0868053796853934, "ROA": -0.006942597530081061, "CFROA": 0.05796595144774825, "MACD": -0.5441234190495834, "RSI": 49.76519176620538, "R&D": 0.0}}