{"Industrials": {"Price": 56.03, "Volume": 1752057.5, "P/E": 41.24602165250252, "EV": 12726440839.220001, "EBITDA": 1156650000.0, "EV/EBITDA": 11.671678936345735, "P/B": 2.5704219499129306, "ROA": 0.02129082890788099, "CFROA": 0.049429418535729824, "MACD": 0.19195834793416822, "RSI": 52.29732436511333, "R&D": 27448500.0}, "Health Care": {"Price": 46.08, "Volume": 1459296.0, "P/E": 42.474763753336944, "EV": 12110431244.8, "EBITDA": 1324000000, "EV/EBITDA": 10.072915624099323, "P/B": 2.475681647037861, "ROA": 0.02209426549066864, "CFROA": 0.0660944219090896, "MACD": 0.1402908524834352, "RSI": 54.193556046938006, "R&D": 116139000}, "Information Technology": {"Price": 27.59765, "Volume": 2324958.0, "P/E": 17.21867119719673, "EV": 8540503254.8472, "EBITDA": 636000000.0, "EV/EBITDA": 9.921188084126408, "P/B": 2.160945532744936, "ROA": 0.045280275599368966, "CFROA": 0.11077934970805174, "MACD": 0.09750651174909031, "RSI": 54.92662245054848, "R&D": 422652000.0}, "Consumer Staples": {"Price": 41.52, "Volume": 3125879.0, "P/E": 56.78293991552, "EV": 24565282696.11, "EBITDA": 1857000000, "EV/EBITDA": 11.720077622189885, "P/B": 3.40573195410671, "ROA": 0.022617823710838158, "CFROA": 0.05979579841492549, "MACD": 0.28240966234294973, "RSI": 60.22484854510673, "R&D": 58100000}, "Consumer Discretionary": {"Price": 37.6999, "Volume": 2496944.0, "P/E": 37.72929816897561, "EV": 9115506124.64, "EBITDA": 694000000, "EV/EBITDA": 16.3830276212932, "P/B": 3.3543821929573427, "ROA": 0.0254365600080751, "CFROA": 0.09617723943370345, "MACD": 0.1915429761264491, "RSI": 55.020525861676425, "R&D": 0}, "Financials": {"Price": 33.58, "Volume": 2112812.5, "P/E": 38.50502777880895, "EV": 15436840635.0075, "EBITDA": 1064000000.0, "EV/EBITDA": 11.262368003604589, "P/B": 1.0739635532426348, "ROA": 0.010252245924868987, "CFROA": 0.00957544922473351, "MACD": 0.07008471336004707, "RSI": 53.62586268443499, "R&D": 0.0}, "Materials": {"Price": 51.52335, "Volume": 1775998.0, "P/E": 51.354991467157575, "EV": 8065324127.539999, "EBITDA": 660746500.0, "EV/EBITDA": 12.099021549385352, "P/B": 2.75482858827339, "ROA": 0.011684706335570347, "CFROA": 0.0542791375110396, "MACD": 0.47853867133267514, "RSI": 53.72095705979976, "R&D": 84741500.0}, "Utilities": {"Price": 33.595, "Volume": 2144781.5, "P/E": 32.420374391218154, "EV": 19736163787.6, "EBITDA": 1235177000.0, "EV/EBITDA": 14.561454114899387, "P/B": 1.4322653902539932, "ROA": 0.008383508300693026, "CFROA": 0.061336883703970294, "MACD": -0.25178797478108805, "RSI": 51.953506315772884, "R&D": 0.0}, "Real Estate": {"Price": 73.2443, "Volume": 800186, "P/E": 149.6600631319114, "EV": 16488312456.980003, "EBITDA": 654837000, "EV/EBITDA": 35.624690102439445, "P/B": 3.6122120857002287, "ROA": 0.007318032786885246, "CFROA": 0.06331500106241869, "MACD": -0.1653021230906404, "RSI": 51.778187243934525, "R&D": 0}, "Communication Services": {"Price": 22.16275, "Volume": 8090666.0, "P/E": 10.223408383092309, "EV": 19020084910.0, "EBITDA": 1142576500.0, "EV/EBITDA": 9.557002478346787, "P/B": 1.6586617014520237, "ROA": 0.01070744254443622, "CFROA": 0.05761445716491352, "MACD": 0.0479327173436781, "RSI": 57.79135361796231, "R&D": 0.0}, "Energy": {"Price": 57.17, "Volume": 5739007.0, "P/E": 14.456480417276513, "EV": 26002909773.600002, "EBITDA": 5277000000, "EV/EBITDA": 4.787723731711951, "P/B": 1.7046128505857538, "ROA": 0.07241212614089651, "CFROA": 0.12168851164089083, "MACD": -0.0217533158280645, "RSI": 45.68187091016585, "R&D": 0}}