{"Industrials": {"Price": 54.55, "Volume": 4906317.0, "P/E": 39.41247819494681, "EV": 19865314066.550003, "EBITDA": 1969000000, "EV/EBITDA": 12.350579079859484, "P/B": 2.003010793280532, "ROA": 0.02127279606904055, "CFROA": 0.060352831940575676, "MACD": -0.9457761153993616, "RSI": 37.16905196311795, "R&D": 131000000}, "Health Care": {"Price": 36.33, "Volume": 6514614.0, "P/E": 45.006110715896455, "EV": 17007213492.05, "EBITDA": 1976000000, "EV/EBITDA": 9.407388847100286, "P/B": 2.2480366574335133, "ROA": 0.021299977374834352, "CFROA": 0.047842718984278054, "MACD": -0.3358444013238966, "RSI": 36.37892970680067, "R&D": 407000000}, "Consumer Staples": {"Price": 41.245000000000005, "Volume": 5863872.0, "P/E": 54.14622740878963, "EV": 24706401883.245, "EBITDA": 2559500000.0, "EV/EBITDA": 10.143208871377942, "P/B": 3.56164425912395, "ROA": 0.024669651927314608, "CFROA": 0.047151311563808626, "MACD": -0.09195154312215337, "RSI": 45.79776125547515, "R&D": 98200000.0}, "Information Technology": {"Price": 25.925, "Volume": 9061588.5, "P/E": 16.151194297766448, "EV": 12838609164.6, "EBITDA": 1353206000.0, "EV/EBITDA": 8.327265851582801, "P/B": 1.7234073711752207, "ROA": 0.03482754488987374, "CFROA": 0.023629875647754938, "MACD": -0.27664628191988694, "RSI": 37.54820919714894, "R&D": 382000000.0}, "Materials": {"Price": 31.61, "Volume": 4649982.0, "P/E": 14.465771011235956, "EV": 7408422127.7699995, "EBITDA": 803000000, "EV/EBITDA": 7.454136430712647, "P/B": 1.515841414953271, "ROA": 0.02517185354961257, "CFROA": 0.06941816461684011, "MACD": -0.7890179600887208, "RSI": 36.01680303692546, "R&D": 70000000}, "Consumer Discretionary": {"Price": 24.6748, "Volume": 9517463.0, "P/E": 15.730125204088347, "EV": 11402787679.472, "EBITDA": 1974000000, "EV/EBITDA": 7.157362763704491, "P/B": 1.3886926835163376, "ROA": 0.038851985288598664, "CFROA": 0.07882794554316769, "MACD": -0.04574268074539134, "RSI": 39.52359005788759, "R&D": 0}, "Utilities": {"Price": 37.15, "Volume": 3661859.0, "P/E": 45.59599808672368, "EV": 24814260300.33, "EBITDA": 1916000000, "EV/EBITDA": 11.198387677010102, "P/B": 1.360421869667153, "ROA": 0.00616577992143603, "CFROA": 0.0408250053157559, "MACD": 0.14900907266314078, "RSI": 45.62360112279284, "R&D": 0}, "Real Estate": {"Price": 53.665350000000004, "Volume": 3066702.0, "P/E": 180.8110085411093, "EV": 15200400331.37, "EBITDA": 680545000.0, "EV/EBITDA": 25.401624977578614, "P/B": 4.184017896401261, "ROA": 0.00597948101920194, "CFROA": 0.07951449695605661, "MACD": -0.4870240133831558, "RSI": 38.95703866257725, "R&D": 0.0}, "Financials": {"Price": 25.71, "Volume": 7984917.0, "P/E": 16.79439500509684, "EV": 10227223364.39, "EBITDA": 789000000, "EV/EBITDA": 11.673230892245371, "P/B": 0.8733253766330219, "ROA": 0.010438447134381357, "CFROA": 0.016786414108425865, "MACD": -0.6257893300548076, "RSI": 35.928967309915734, "R&D": 0}, "Energy": {"Price": 49.46, "Volume": 10678381.0, "P/E": 11.582543446656272, "EV": 20662691378.800003, "EBITDA": 4135000000, "EV/EBITDA": 5.85164281113196, "P/B": 1.531098188877703, "ROA": 0.06003503220702904, "CFROA": 0.08791538369256609, "MACD": -1.676416847905017, "RSI": 33.44687545244474, "R&D": 0}, "Communication Services": {"Price": 29.785000000000004, "Volume": 14126432.0, "P/E": 33.511797623042824, "EV": 35211017650.0, "EBITDA": 5776896500.0, "EV/EBITDA": 6.3929566825173385, "P/B": 0.9134845287503605, "ROA": 0.012294195805889967, "CFROA": 0.05966110550761035, "MACD": 0.06274939506001065, "RSI": 38.534853128047885, "R&D": 0.0}}