{"Industrials": {"Price": 76.17, "Volume": 987816.5, "P/E": 74.14879804475103, "EV": 18610834331.98, "EBITDA": 1007492500.0, "EV/EBITDA": 18.17946449369718, "P/B": 4.2130527022185875, "ROA": 0.020320508857130153, "CFROA": 0.05941112417844194, "MACD": -0.051810088245231256, "RSI": 55.92514924189883, "R&D": 32314500.0}, "Health Care": {"Price": 81.735, "Volume": 1363483.0, "P/E": 90.3273478490274, "EV": 32105450586.449997, "EBITDA": 1532000000.0, "EV/EBITDA": 19.60282572536522, "P/B": 4.388516290236993, "ROA": 0.018623133505787468, "CFROA": 0.03902650160958398, "MACD": 0.08751863936423376, "RSI": 58.352672345702544, "R&D": 240276000.0}, "Information Technology": {"Price": 74.77, "Volume": 1498264.0, "P/E": 55.97280545389095, "EV": 24991670264.28, "EBITDA": 698000000, "EV/EBITDA": 25.041445514294555, "P/B": 4.288260794841049, "ROA": 0.027015255966750456, "CFROA": 0.06843923206683268, "MACD": 0.33014934637870397, "RSI": 58.20101846214927, "R&D": 526870000}, "Communication Services": {"Price": 44.49, "Volume": 2365145.0, "P/E": 43.27982339243607, "EV": 28551223093.62, "EBITDA": 666060500.0, "EV/EBITDA": 22.765420507321657, "P/B": 4.649805094437507, "ROA": 0.013637213714165264, "CFROA": 0.05463951528423812, "MACD": 0.10748921226194952, "RSI": 53.28143927261597, "R&D": 0.0}, "Consumer Staples": {"Price": 71.3, "Volume": 2592089.0, "P/E": 63.26774594656109, "EV": 35287285145.020004, "EBITDA": 2151000000, "EV/EBITDA": 15.77625561821402, "P/B": 3.7150735608326717, "ROA": 0.023490034074118746, "CFROA": 0.09346620936603464, "MACD": -0.28534320843589, "RSI": 47.11585144200786, "R&D": 58100000}, "Consumer Discretionary": {"Price": 68.625, "Volume": 1824937.0, "P/E": 67.55803076505669, "EV": 22128447094.39, "EBITDA": 995381500.0, "EV/EBITDA": 20.924311993388926, "P/B": 3.59326963290719, "ROA": 0.02470103924615501, "CFROA": 0.05841386392713692, "MACD": 0.04327452104411478, "RSI": 57.26020946530922, "R&D": 0.0}, "Financials": {"Price": 62.005, "Volume": 1445219.0, "P/E": 43.62304424160419, "EV": 26582937174.9, "EBITDA": 1301800000.0, "EV/EBITDA": 16.523975226321433, "P/B": 1.5512765878003987, "ROA": 0.008438863000932759, "CFROA": 0.01042856661955594, "MACD": -0.16629379972304292, "RSI": 46.086480325279624, "R&D": 0.0}, "Materials": {"Price": 92.63, "Volume": 1252698.0, "P/E": 79.26212714525735, "EV": 15548244650.08, "EBITDA": 1108050000.0, "EV/EBITDA": 15.668705373916858, "P/B": 4.837066487798618, "ROA": 0.018414117671451954, "CFROA": 0.042690899878263286, "MACD": 0.03292686162737368, "RSI": 56.45831319068977, "R&D": 79237500.0}, "Real Estate": {"Price": 107.01, "Volume": 901972, "P/E": 118.84849789667852, "EV": 20335038246.3, "EBITDA": 1095193000, "EV/EBITDA": 27.739723414747896, "P/B": 2.8134014626033035, "ROA": 0.010701459393846417, "CFROA": 0.062042917622160555, "MACD": 0.3399207335094303, "RSI": 53.96166828038769, "R&D": 0}, "Utilities": {"Price": 59.8, "Volume": 1364263.0, "P/E": 96.37658631428572, "EV": 29832115372.989998, "EBITDA": 1277000000, "EV/EBITDA": 22.240978878213546, "P/B": 2.0828090941252246, "ROA": 0.0054647765393355694, "CFROA": 0.04556086311974963, "MACD": 0.49935693743984544, "RSI": 57.773554018172995, "R&D": 0}, "Energy": {"Price": 57.19, "Volume": 3740760.5, "P/E": -5.156711973302455, "EV": 41945379666.46, "EBITDA": 2339500000.0, "EV/EBITDA": 14.744695736557732, "P/B": 2.0328898259954644, "ROA": -0.006942597530081061, "CFROA": 0.05796595144774825, "MACD": -0.28219385484303494, "RSI": 53.509625779950206, "R&D": 0.0}}