{"Industrials": {"Price": 70.56, "Volume": 1171415.0, "P/E": 69.16864257613636, "EV": 16683172812.449997, "EBITDA": 859000000, "EV/EBITDA": 16.244012690265514, "P/B": 3.2693275430719155, "ROA": 0.023081024487989082, "CFROA": 0.036036036036036036, "MACD": 0.635976245743791, "RSI": 62.063367729991754, "R&D": 29271000}, "Health Care": {"Price": 62.3075, "Volume": 1179541.0, "P/E": 66.46934053756084, "EV": 18333338300.87, "EBITDA": 1116958000.0, "EV/EBITDA": 15.067494696611522, "P/B": 3.3485624995130787, "ROA": 0.018553723621659135, "CFROA": 0.0401416624405559, "MACD": 0.5040820974754716, "RSI": 59.87514849986758, "R&D": 204299000.0}, "Information Technology": {"Price": 41.55, "Volume": 1427741.0, "P/E": 31.91992426201582, "EV": 14162965132.74, "EBITDA": 641000000, "EV/EBITDA": 15.739307811158799, "P/B": 3.1212591303825907, "ROA": 0.03532209654658634, "CFROA": 0.08005070113034057, "MACD": 0.20763473495637186, "RSI": 58.002395498515476, "R&D": 487832000}, "Communication Services": {"Price": 34.55, "Volume": 3829332.0, "P/E": 30.453738136406724, "EV": 19782753032.22, "EBITDA": 836000000, "EV/EBITDA": 15.168910395010716, "P/B": 2.7040648530924343, "ROA": 0.012417927490722238, "CFROA": 0.04443666899930021, "MACD": 0.5706931660040624, "RSI": 63.7857750228863, "R&D": 0}, "Consumer Staples": {"Price": 66.99, "Volume": 1939512.0, "P/E": 66.73309088549667, "EV": 30471322030.72, "EBITDA": 2092950000.0, "EV/EBITDA": 13.5578068459362, "P/B": 4.4655563247150845, "ROA": 0.021997507804259783, "CFROA": 0.048443601053661495, "MACD": 0.2580178265001294, "RSI": 61.05016932757167, "R&D": 77450000.0}, "Consumer Discretionary": {"Price": 54.76, "Volume": 1635414.5, "P/E": 52.74428340478242, "EV": 15628341654.835, "EBITDA": 842741000.0, "EV/EBITDA": 19.638743813814813, "P/B": 3.5168334913076156, "ROA": 0.02526249141563526, "CFROA": 0.05074424098688041, "MACD": 0.1237050887372746, "RSI": 55.183508344111196, "R&D": 0.0}, "Financials": {"Price": 46.72, "Volume": 1737919.0, "P/E": 36.789761631973306, "EV": 21912282194.38, "EBITDA": 1234300000.0, "EV/EBITDA": 16.919232742878375, "P/B": 1.289030571647472, "ROA": 0.007444944312421532, "CFROA": 0.012664858767249994, "MACD": 0.17724449255026542, "RSI": 55.70175119854907, "R&D": 0.0}, "Materials": {"Price": 67.8567, "Volume": 953361, "P/E": 52.3355319547504, "EV": 11275207485.869999, "EBITDA": 803100000, "EV/EBITDA": 14.400634876310532, "P/B": 3.579524380105374, "ROA": 0.016012103637395195, "CFROA": 0.06200837350926161, "MACD": 0.2924780495274035, "RSI": 59.31283944993028, "R&D": 85000000}, "Real Estate": {"Price": 82.64, "Volume": 1074071.0, "P/E": 71.46123671761963, "EV": 21663017074.010002, "EBITDA": 950913000.0, "EV/EBITDA": 32.108514619795784, "P/B": 3.568375101855075, "ROA": 0.010338277528764081, "CFROA": 0.03520421624829442, "MACD": 0.7078425822166636, "RSI": 63.729521780694064, "R&D": 0.0}, "Utilities": {"Price": 43.67, "Volume": 1920221.0, "P/E": 77.8570358690196, "EV": 26137488087.77, "EBITDA": 1335000000, "EV/EBITDA": 16.30982784923172, "P/B": 1.55144212112052, "ROA": 0.005994127845686058, "CFROA": 0.037644249102484435, "MACD": 0.005873305122999994, "RSI": 56.466081708166826, "R&D": 0}, "Energy": {"Price": 88.275, "Volume": 2801868.0, "P/E": 20.64390956562117, "EV": 33532394999.614998, "EBITDA": 4809650000.0, "EV/EBITDA": 8.667552147206855, "P/B": 2.076389548815171, "ROA": 0.04696259097052209, "CFROA": 0.12245443725759333, "MACD": 0.8783368726266687, "RSI": 62.244470816476536, "R&D": 0.0}}