{"Health Care": {"Price": 36.99, "Volume": 4158004.0, "P/E": 48.42915855005871, "EV": 17852532983.68, "EBITDA": 1974200000, "EV/EBITDA": 11.3148606823629, "P/B": 2.583347113546399, "ROA": 0.021330387858377747, "CFROA": 0.04614372653241255, "MACD": 0.22879899064039222, "RSI": 61.94463626954439, "R&D": 809481000}, "Information Technology": {"Price": 33.379999999999995, "Volume": 6813000.0, "P/E": 20.26952025338593, "EV": 14224875941.705, "EBITDA": 1117906000.0, "EV/EBITDA": 10.894892360188791, "P/B": 1.9274674739521083, "ROA": 0.039992618355616516, "CFROA": 0.04444615168353184, "MACD": 0.006283934010507863, "RSI": 57.557218380885644, "R&D": 334943500.0}, "Materials": {"Price": 46.2, "Volume": 2229609.0, "P/E": 29.194837640449443, "EV": 9412722170.220001, "EBITDA": 803000000, "EV/EBITDA": 9.280608563668741, "P/B": 2.0989592102803734, "ROA": 0.02517185354961257, "CFROA": 0.06941816461684011, "MACD": 0.5432264361964201, "RSI": 65.19247265708933, "R&D": 70000000}, "Consumer Staples": {"Price": 53.065, "Volume": 6348125.5, "P/E": 56.43814885671417, "EV": 47588488399.02, "EBITDA": 4961500000.0, "EV/EBITDA": 10.622257785058897, "P/B": 4.670780906377391, "ROA": 0.028242099356415966, "CFROA": 0.06775409171109442, "MACD": 0.25455466313295716, "RSI": 59.36625603967208, "R&D": 87250000.0}, "Consumer Discretionary": {"Price": 30.057049999999997, "Volume": 7104440.5, "P/E": 22.53163191341328, "EV": 13895987545.562, "EBITDA": 1951900000.0, "EV/EBITDA": 8.97997984743548, "P/B": 1.9753527578094585, "ROA": 0.04040090120593118, "CFROA": 0.055297800329887695, "MACD": 0.11458695012200337, "RSI": 54.64907911347683, "R&D": 0.0}, "Utilities": {"Price": 35.52, "Volume": 2222044.0, "P/E": 46.82936782282895, "EV": 24394247431.5, "EBITDA": 1916000000, "EV/EBITDA": 11.62845120929293, "P/B": 1.3288611949385607, "ROA": 0.00616577992143603, "CFROA": 0.0408250053157559, "MACD": 0.03883230877887911, "RSI": 61.114029062677496, "R&D": 0}, "Real Estate": {"Price": 56.67, "Volume": 1732377.0, "P/E": 124.75268571723187, "EV": 17297387913.43, "EBITDA": 696923000, "EV/EBITDA": 26.87426482353017, "P/B": 4.05521522621365, "ROA": 0.008054965975161685, "CFROA": 0.08780834362271693, "MACD": 0.08169151286847409, "RSI": 63.722942219513286, "R&D": 0}, "Industrials": {"Price": 60.985, "Volume": 3287446.0, "P/E": 53.82942783419293, "EV": 23948267328.0, "EBITDA": 1857500000.0, "EV/EBITDA": 14.99624686858067, "P/B": 2.8683588270179294, "ROA": 0.019629621205704828, "CFROA": 0.06031929946172965, "MACD": 0.21562314002957095, "RSI": 58.54458384643024, "R&D": 93900000.0}, "Financials": {"Price": 30.27, "Volume": 3025705.0, "P/E": 25.703125110586218, "EV": 17462645550, "EBITDA": 789000000, "EV/EBITDA": 18.271403093504222, "P/B": 1.4483393466108463, "ROA": 0.010438447134381357, "CFROA": 0.017570215545395167, "MACD": 0.09214957539849422, "RSI": 57.06710135757332, "R&D": 0}, "Energy": {"Price": 60.7416, "Volume": 6393407.52, "P/E": 13.785098792169403, "EV": 33251430857.199997, "EBITDA": 4135000000, "EV/EBITDA": 7.904508636652746, "P/B": 2.0510842390916575, "ROA": 0.06003503220702904, "CFROA": 0.08791538369256609, "MACD": 0.988205471078679, "RSI": 63.34088779875669, "R&D": 0}, "Communication Services": {"Price": 31.455, "Volume": 8710245.0, "P/E": 37.99759903304929, "EV": 38798522300.0, "EBITDA": 5776896500.0, "EV/EBITDA": 6.919529630941982, "P/B": 1.0249010481277274, "ROA": 0.012294195805889967, "CFROA": 0.05966110550761035, "MACD": 0.22447201418924578, "RSI": 60.10574045259622, "R&D": 0.0}}