{"Industrials": {"Price": 69.73, "Volume": 1400014.0, "P/E": 67.47879608616766, "EV": 15905323599.08, "EBITDA": 859000000, "EV/EBITDA": 16.263796658965664, "P/B": 3.309657168047337, "ROA": 0.023081024487989082, "CFROA": 0.036036036036036036, "MACD": 0.09124319847897766, "RSI": 56.94066236085375, "R&D": 29271000}, "Health Care": {"Price": 60.825, "Volume": 2322231.0, "P/E": 63.570033410431904, "EV": 15327015315.539999, "EBITDA": 1012916000, "EV/EBITDA": 14.55230461788184, "P/B": 3.330913053884658, "ROA": 0.01881218905472637, "CFROA": 0.042204753883586, "MACD": 0.06634241082551462, "RSI": 54.57079530898234, "R&D": 197646000}, "Information Technology": {"Price": 41.455, "Volume": 2474789.5, "P/E": 30.815592165665695, "EV": 14711803369.335, "EBITDA": 670500000.0, "EV/EBITDA": 15.380656739610835, "P/B": 3.065563109552527, "ROA": 0.035805975809525055, "CFROA": 0.07641119307346178, "MACD": 0.17428548671912303, "RSI": 57.508091238647, "R&D": 531916000.0}, "Communication Services": {"Price": 29.47, "Volume": 3765435.0, "P/E": 34.25673026659697, "EV": 19976406708.72, "EBITDA": 836000000, "EV/EBITDA": 14.28557489071553, "P/B": 3.1678687154952923, "ROA": 0.01359808495522361, "CFROA": 0.045084099969681476, "MACD": 0.12005572452720514, "RSI": 56.846678117441, "R&D": 0}, "Consumer Staples": {"Price": 62.62, "Volume": 2782892.0, "P/E": 65.58575499362354, "EV": 28994784333.44, "EBITDA": 2285900000, "EV/EBITDA": 12.08107796128574, "P/B": 4.511594116017724, "ROA": 0.022350298844428202, "CFROA": 0.05008401189091379, "MACD": 0.3228475898301042, "RSI": 58.523953681077145, "R&D": 93100000}, "Consumer Discretionary": {"Price": 56.675, "Volume": 2396924.0, "P/E": 55.899381598978366, "EV": 15443829794.145, "EBITDA": 859636500.0, "EV/EBITDA": 20.955782753993148, "P/B": 3.5069774636338202, "ROA": 0.025055568150347568, "CFROA": 0.049994682247083075, "MACD": -0.04647317250803873, "RSI": 54.70639744543789, "R&D": 0.0}, "Financials": {"Price": 47.7596, "Volume": 2192195.0, "P/E": 33.852909490654355, "EV": 22208919797.98, "EBITDA": 1234300000.0, "EV/EBITDA": 16.427488271934152, "P/B": 1.3657535466328175, "ROA": 0.007444944312421532, "CFROA": 0.012664858767249994, "MACD": 0.13815642705430342, "RSI": 55.089467971870484, "R&D": 0.0}, "Materials": {"Price": 66.45, "Volume": 1196015.0, "P/E": 52.08277961207729, "EV": 11008582417.68, "EBITDA": 803100000, "EV/EBITDA": 13.94789660786302, "P/B": 3.2881269820332397, "ROA": 0.016012103637395195, "CFROA": 0.06200837350926161, "MACD": 0.1932131732200162, "RSI": 54.049783388603544, "R&D": 85000000}, "Real Estate": {"Price": 78.185, "Volume": 1163701.0886, "P/E": 68.68101379423706, "EV": 20625050136.769997, "EBITDA": 950913000.0, "EV/EBITDA": 31.275199852898282, "P/B": 3.4310521651305956, "ROA": 0.010338277528764081, "CFROA": 0.03520421624829442, "MACD": 0.09369247516663393, "RSI": 55.59495717973151, "R&D": 0.0}, "Utilities": {"Price": 43.5, "Volume": 2507320.0, "P/E": 76.33761861450981, "EV": 24852880230.72, "EBITDA": 1335000000, "EV/EBITDA": 16.154926723519754, "P/B": 1.5447968119275226, "ROA": 0.005994127845686058, "CFROA": 0.037644249102484435, "MACD": 0.39905660535156073, "RSI": 60.7964357020701, "R&D": 0}, "Energy": {"Price": 81.77, "Volume": 4218804.0, "P/E": 20.045000440341333, "EV": 31710515967.845, "EBITDA": 4809650000.0, "EV/EBITDA": 8.341582811319439, "P/B": 1.9418758252348902, "ROA": 0.04696259097052209, "CFROA": 0.12245443725759333, "MACD": 0.8370745870891625, "RSI": 64.15557573875728, "R&D": 0.0}}