{"Industrials": {"Price": 91.25, "Volume": 1653161.0, "P/E": 55.82310078266033, "EV": 23466683720.9125, "EBITDA": 1137400000, "EV/EBITDA": 18.64522007922912, "P/B": 4.23971027907008, "ROA": 0.029789001782839736, "CFROA": 0.08059270567152292, "MACD": -1.5448977193351396, "RSI": 37.29430077298492, "R&D": 48000000}, "Health Care": {"Price": 112.76, "Volume": 1659933.0, "P/E": 73.01316326776346, "EV": 28275611415.36, "EBITDA": 1230000000, "EV/EBITDA": 23.818098509467625, "P/B": 3.912853964842121, "ROA": 0.01596955470194907, "CFROA": 0.05823644526303672, "MACD": -0.47733723473762524, "RSI": 46.65631198940669, "R&D": 193998000}, "Information Technology": {"Price": 89.63, "Volume": 2980123.0, "P/E": 52.29103979084967, "EV": 27381768866.48, "EBITDA": 1139300000, "EV/EBITDA": 30.207344211027795, "P/B": 4.873744381079068, "ROA": 0.03427880454938806, "CFROA": 0.09539370326148432, "MACD": -0.9716556748607488, "RSI": 37.43810003775024, "R&D": 608712000}, "Communication Services": {"Price": 41.67, "Volume": 3384266.0, "P/E": 44.90065177600583, "EV": 32822328018.870003, "EBITDA": 1198888000.0, "EV/EBITDA": 18.008044078763838, "P/B": 2.587062957532323, "ROA": 0.008982699087102702, "CFROA": 0.03412718403005517, "MACD": -0.16689146450427472, "RSI": 40.41436026310008, "R&D": 0.0}, "Consumer Staples": {"Price": 69.82499999999999, "Volume": 3500275.0, "P/E": 79.60042450619937, "EV": 37935108930.36, "EBITDA": 2070404000.0, "EV/EBITDA": 15.871476734655943, "P/B": 3.933126740055815, "ROA": 0.022997647935464757, "CFROA": 0.07840284412960498, "MACD": -0.18953699415425618, "RSI": 44.27693939783823, "R&D": 42910500.0}, "Consumer Discretionary": {"Price": 93.84, "Volume": 2396538.0, "P/E": 65.4896264873254, "EV": 26420853456.83, "EBITDA": 1031000000, "EV/EBITDA": 17.453389300948942, "P/B": 3.9311340923012854, "ROA": 0.03128777466841086, "CFROA": 0.08590330037873199, "MACD": -0.8456859052912407, "RSI": 41.19552828829363, "R&D": 0}, "Financials": {"Price": 85.58, "Volume": 1905052.0, "P/E": 45.76719714964371, "EV": 38238415589.0, "EBITDA": 1262000000, "EV/EBITDA": 20.457743230331406, "P/B": 1.62502521854074, "ROA": 0.011224559882205977, "CFROA": 0.014503902513949535, "MACD": 0.12189969622545505, "RSI": 53.31566181359641, "R&D": 0}, "Materials": {"Price": 76.22, "Volume": 1893981.0, "P/E": 42.7959747350593, "EV": 15952548171.150002, "EBITDA": 1512300000.0, "EV/EBITDA": 12.23419340692595, "P/B": 2.7703348371278658, "ROA": 0.023471892104794084, "CFROA": 0.07511694042443862, "MACD": -1.276823657808679, "RSI": 42.14803101442015, "R&D": 67277000.0}, "Real Estate": {"Price": 82.01, "Volume": 1730859.0, "P/E": 59.586334014751905, "EV": 22551579347.800003, "EBITDA": 1037949000, "EV/EBITDA": 23.035932872374552, "P/B": 2.782553279436586, "ROA": 0.012928425640336912, "CFROA": 0.07311164397614414, "MACD": 0.28245956167971187, "RSI": 55.36667561343843, "R&D": 0}, "Utilities": {"Price": 59.974999999999994, "Volume": 2698631.0, "P/E": 98.76987522448194, "EV": 38340715734.520004, "EBITDA": 1565500000.0, "EV/EBITDA": 23.578675017997732, "P/B": 2.07517558089813, "ROA": 0.00527037073705684, "CFROA": 0.046153499988279834, "MACD": 0.20329708692239024, "RSI": 54.73187422360863, "R&D": 0.0}, "Energy": {"Price": 52.83, "Volume": 5507055.0, "P/E": 14.866991333810036, "EV": 35640598943.96, "EBITDA": 4073000000, "EV/EBITDA": 8.806451888334047, "P/B": 1.5060250997137874, "ROA": 0.030323230317557123, "CFROA": 0.10589798630277011, "MACD": -1.590317356493486, "RSI": 32.66597910644924, "R&D": 0}}