{"Industrials": {"Price": 56.07, "Volume": 1726563.0, "P/E": 54.868841910638295, "EV": 12438634304.0, "EBITDA": 796000000, "EV/EBITDA": 12.261380421662617, "P/B": 2.701587197875354, "ROA": 0.01984318651902823, "CFROA": 0.04710660423726621, "MACD": 0.35945119241777235, "RSI": 54.43978249354078, "R&D": 27900000}, "Health Care": {"Price": 46.067499999999995, "Volume": 2085010.0, "P/E": 54.100877080507566, "EV": 13073250045.224998, "EBITDA": 1336650000.0, "EV/EBITDA": 12.821756618853193, "P/B": 2.4853707859774063, "ROA": 0.021119574697516026, "CFROA": 0.052855132520166916, "MACD": 0.21886060147506825, "RSI": 57.79938458597662, "R&D": 131800500.0}, "Information Technology": {"Price": 34.675, "Volume": 2365415.0, "P/E": 21.306731700825495, "EV": 10293029859.1, "EBITDA": 461289000.0, "EV/EBITDA": 12.991152050238828, "P/B": 2.199112560364222, "ROA": 0.0383298394413385, "CFROA": 0.06681927247417663, "MACD": 0.31722516594584604, "RSI": 56.63100762025741, "R&D": 367279500.0}, "Consumer Staples": {"Price": 46.39, "Volume": 3516380.0, "P/E": 52.41469932289604, "EV": 26065202225.0, "EBITDA": 1857000000, "EV/EBITDA": 12.640648918728823, "P/B": 3.424827731814064, "ROA": 0.026695138723721083, "CFROA": 0.08032990898221126, "MACD": 0.6109341334022531, "RSI": 66.82323676483303, "R&D": 57800000}, "Financials": {"Price": 35.86, "Volume": 2483262.5, "P/E": 23.70471717838143, "EV": 16234007115.02, "EBITDA": 1171800000.0, "EV/EBITDA": 14.144027954815204, "P/B": 1.2143313740889043, "ROA": 0.0070649120633925425, "CFROA": 0.005684221840086489, "MACD": 0.21647776025977095, "RSI": 51.66862723957465, "R&D": 0.0}, "Materials": {"Price": 53.075, "Volume": 1680703.0, "P/E": 63.14013738276999, "EV": 9118713403.015, "EBITDA": 908850000.0, "EV/EBITDA": 12.509756158995533, "P/B": 3.057738766819411, "ROA": 0.012160185155477506, "CFROA": 0.036919083075022625, "MACD": -0.14668359247121643, "RSI": 49.41790869390669, "R&D": 90459500.0}, "Real Estate": {"Price": 71.63, "Volume": 1474900.0, "P/E": 62.36257771934417, "EV": 14216755909.449999, "EBITDA": 580675000, "EV/EBITDA": 24.268357926116902, "P/B": 3.3454201924953315, "ROA": 0.01136957926824291, "CFROA": 0.04757007570330418, "MACD": -0.12417150553925183, "RSI": 49.40075556508726, "R&D": 0}, "Utilities": {"Price": 36.695, "Volume": 2598399.5, "P/E": 17.946143182571525, "EV": 22561965250.260002, "EBITDA": 1166149500.0, "EV/EBITDA": 15.266558426984645, "P/B": 1.4030319464738255, "ROA": 0.006186935543365395, "CFROA": 0.050465093359540816, "MACD": 0.30960251925358406, "RSI": 67.40343761582903, "R&D": 0.0}, "Consumer Discretionary": {"Price": 38.38, "Volume": 3430540.368, "P/E": 34.299244731964244, "EV": 10455402730.2, "EBITDA": 688244000, "EV/EBITDA": 13.839188934052709, "P/B": 2.783173026744088, "ROA": 0.030124240906073838, "CFROA": 0.07148638309697482, "MACD": 0.03591379285065699, "RSI": 51.45583349945171, "R&D": 0}, "Communication Services": {"Price": 20.015, "Volume": 5916742.0, "P/E": 11.851138468278485, "EV": 16694362268.0, "EBITDA": 830700000, "EV/EBITDA": 13.68840775579264, "P/B": 2.220806462020355, "ROA": 0.009201617253941603, "CFROA": 0.008310551551484807, "MACD": 0.2572474885422835, "RSI": 63.80299267053675, "R&D": 0}, "Energy": {"Price": 59.89, "Volume": 5648810.5, "P/E": 16.686222962505592, "EV": 29366402943.635002, "EBITDA": 6064500000.0, "EV/EBITDA": 6.409871017759702, "P/B": 1.6635920136509816, "ROA": 0.0400594040863452, "CFROA": 0.11812368803400272, "MACD": 0.17942935161845952, "RSI": 51.258619202257975, "R&D": 0.0}}