{"Industrials": {"Price": 136.07, "Volume": 2216879.0, "P/E": 24.72071942888188, "EV": 31777828600.195, "EBITDA": 1601702500.0, "EV/EBITDA": 14.952546492062755, "P/B": 4.45246522734933, "ROA": 0.06914790511380511, "CFROA": 0.11544213686950142, "MACD": -2.2734311123655253, "RSI": 40.592146952018005, "R&D": 67200000.0}, "Health Care": {"Price": 201.44, "Volume": 1429399.5, "P/E": 27.56438165984129, "EV": 48626781173.45, "EBITDA": 2723000000.0, "EV/EBITDA": 16.740255709518138, "P/B": 4.3301864458305115, "ROA": 0.07253084642937721, "CFROA": 0.11026690982083706, "MACD": -0.6399261168373886, "RSI": 48.45571182482031, "R&D": 273978500.0}, "Information Technology": {"Price": 146.3, "Volume": 2460277.0, "P/E": 29.76365394186376, "EV": 40187487132.69, "EBITDA": 1889000000, "EV/EBITDA": 19.09144281838005, "P/B": 7.214504339544236, "ROA": 0.08967599693251534, "CFROA": 0.11727704780542354, "MACD": -2.481353614615273, "RSI": 42.35014094919524, "R&D": 612000000}, "Communication Services": {"Price": 81.255, "Volume": 4014449.5, "P/E": 26.322478695548433, "EV": 37387745787.04, "EBITDA": 2892500000.0, "EV/EBITDA": 10.728756332423837, "P/B": 2.4654649441858965, "ROA": 0.04213041186122886, "CFROA": 0.055013785093022814, "MACD": -0.22229517009176014, "RSI": 45.609835793318524, "R&D": 0.0}, "Consumer Staples": {"Price": 76.04, "Volume": 3474437.0, "P/E": 28.416185947564955, "EV": 47081895443.35, "EBITDA": 3327000000, "EV/EBITDA": 15.493516131151186, "P/B": 4.733933639827619, "ROA": 0.06409109878972158, "CFROA": 0.12602976651040007, "MACD": 0.030746709602553324, "RSI": 44.68506518110737, "R&D": 84000000}, "Consumer Discretionary": {"Price": 120.27, "Volume": 3386892.0, "P/E": 22.991892429138904, "EV": 29620457902.949997, "EBITDA": 1446461000, "EV/EBITDA": 18.04180493522126, "P/B": 3.694002020540134, "ROA": 0.04927879531322702, "CFROA": 0.08075318283941371, "MACD": -2.384641958677861, "RSI": 42.0225185601255, "R&D": 0}, "Utilities": {"Price": 65.485, "Volume": 2617916.0, "P/E": 21.820132381456375, "EV": 37724381661.560005, "EBITDA": 2624000000.0, "EV/EBITDA": 11.954129963370196, "P/B": 2.1345772433406722, "ROA": 0.024474440658036375, "CFROA": 0.05073062769912859, "MACD": -0.3705628610954079, "RSI": 47.919664297283276, "R&D": 0.0}, "Financials": {"Price": 105.78, "Volume": 3354772.0, "P/E": 11.791017765418191, "EV": 40908863970.0, "EBITDA": 4399000000, "EV/EBITDA": 8.998714194469539, "P/B": 1.3740402050305995, "ROA": 0.020971359469152774, "CFROA": 0.02220549722201826, "MACD": -0.7191773758623867, "RSI": 36.73779258196902, "R&D": 0}, "Materials": {"Price": 115.345, "Volume": 2814712.5, "P/E": 20.03352011455349, "EV": 27214465312.825, "EBITDA": 2674500000.0, "EV/EBITDA": 11.137535903581131, "P/B": 3.491876701724088, "ROA": 0.06101422480229412, "CFROA": 0.09761546619787026, "MACD": -0.44940949875125114, "RSI": 39.19853579209902, "R&D": 96650000.0}, "Real Estate": {"Price": 120.84, "Volume": 1960934.0, "P/E": 39.97803842324182, "EV": 30857271197.660004, "EBITDA": 1617508000, "EV/EBITDA": 23.573231781875002, "P/B": 3.2452342146033093, "ROA": 0.03348704103001298, "CFROA": 0.07581339849016171, "MACD": -1.5645739835870813, "RSI": 43.56389230146844, "R&D": 0}, "Energy": {"Price": 70.28, "Volume": 14629141.5, "P/E": 18.171828488670794, "EV": 53911106024.125, "EBITDA": 5163500000.0, "EV/EBITDA": 10.542636739118148, "P/B": 2.327136383597204, "ROA": 0.05660192755894935, "CFROA": 0.10494879530417964, "MACD": 1.1056416235753144, "RSI": 64.90699839955552, "R&D": 0.0}}