{"Industrials": {"Price": 68, "Volume": 2833149.0, "P/E": 47.99243326312977, "EV": 18090419993.4, "EBITDA": 1922000000, "EV/EBITDA": 12.646397793794492, "P/B": 2.5518021113325458, "ROA": 0.020376118312945043, "CFROA": 0.05429606182450737, "MACD": 0.4003990260923782, "RSI": 58.25159120784244, "R&D": 56800000}, "Health Care": {"Price": 41.8, "Volume": 2771565.0, "P/E": 59.67557045766066, "EV": 19245141544.41, "EBITDA": 1976000000, "EV/EBITDA": 10.974322074131287, "P/B": 2.443992309092774, "ROA": 0.021299977374834352, "CFROA": 0.04903289949385394, "MACD": 0.4185361323531893, "RSI": 59.83004456818828, "R&D": 407000000}, "Information Technology": {"Price": 26.765, "Volume": 4603021.0, "P/E": 18.43593757448276, "EV": 15843853102.65, "EBITDA": 1420600000, "EV/EBITDA": 9.101188190363226, "P/B": 2.1234613438997587, "ROA": 0.03663149163363835, "CFROA": 0.035382236034557396, "MACD": 0.07533251514470862, "RSI": 53.991455443252654, "R&D": 491000000}, "Consumer Staples": {"Price": 44.59, "Volume": 3892941.5, "P/E": 56.353520919440996, "EV": 26364848935.66, "EBITDA": 2195900000.0, "EV/EBITDA": 10.356594826564285, "P/B": 3.3912993144815466, "ROA": 0.024669651927314608, "CFROA": 0.043387692881697484, "MACD": 0.38559481342288393, "RSI": 60.37816114323992, "R&D": 70700000.0}, "Materials": {"Price": 40.52, "Volume": 2136071.0, "P/E": 21.72963247191011, "EV": 9506673798.400002, "EBITDA": 803000000, "EV/EBITDA": 9.188106993609308, "P/B": 1.928448286830553, "ROA": 0.02517185354961257, "CFROA": 0.07981414486344265, "MACD": 0.4990265618374323, "RSI": 61.973619838611214, "R&D": 70000000}, "Consumer Discretionary": {"Price": 30.2625, "Volume": 6933073.5, "P/E": 22.289132471348506, "EV": 13266725033.2668, "EBITDA": 1978500000.0, "EV/EBITDA": 8.975677978136254, "P/B": 1.7380099154800495, "ROA": 0.04040090120593118, "CFROA": 0.0852468487822669, "MACD": 0.028679204450456908, "RSI": 54.9990666166392, "R&D": 0.0}, "Utilities": {"Price": 37.66, "Volume": 2472964.5, "P/E": 53.99109163700768, "EV": 24537682478.144997, "EBITDA": 1739500000.0, "EV/EBITDA": 12.65160080823517, "P/B": 1.4831211760830398, "ROA": 0.006135589189509788, "CFROA": 0.04035546538281368, "MACD": 0.4710291439910188, "RSI": 54.26483639381334, "R&D": 0.0}, "Real Estate": {"Price": 61.145300000000006, "Volume": 2209908.99205, "P/E": 204.0687126436218, "EV": 17049828144.599998, "EBITDA": 680545000.0, "EV/EBITDA": 27.875727347360172, "P/B": 4.754401076459075, "ROA": 0.00597948101920194, "CFROA": 0.07951449695605661, "MACD": 0.8658873466950325, "RSI": 62.369987181801214, "R&D": 0.0}, "Financials": {"Price": 31.82, "Volume": 3361798.0, "P/E": 20.325240472063562, "EV": 11165808380.330002, "EBITDA": 789000000, "EV/EBITDA": 14.238337998996915, "P/B": 1.1453021910122692, "ROA": 0.010438447134381357, "CFROA": 0.016786414108425865, "MACD": 0.1541392078310153, "RSI": 57.15908386912085, "R&D": 0}, "Energy": {"Price": 56.5412, "Volume": 7669365.0, "P/E": 13.999982240512148, "EV": 25935283722.72, "EBITDA": 4135000000, "EV/EBITDA": 7.030865018720249, "P/B": 2.1084897410160734, "ROA": 0.06003503220702904, "CFROA": 0.08791538369256609, "MACD": 0.44326170283750344, "RSI": 58.87957591053796, "R&D": 0}, "Communication Services": {"Price": 34.4, "Volume": 12784188.0, "P/E": 38.17968064967173, "EV": 39328769775.0, "EBITDA": 5776896500.0, "EV/EBITDA": 6.9394511285812275, "P/B": 1.0340844739900366, "ROA": 0.012294195805889967, "CFROA": 0.05966110550761035, "MACD": 0.5748288071484957, "RSI": 64.60668588567239, "R&D": 0.0}}