{"Industrials": {"Price": 87.86335, "Volume": 1188278.5, "P/E": 91.289140914178, "EV": 20426314589.975002, "EBITDA": 1131092500.0, "EV/EBITDA": 21.191052693965265, "P/B": 5.091870934008531, "ROA": 0.020599413217938758, "CFROA": 0.05661700947078883, "MACD": 0.9957077561622434, "RSI": 62.96319447962519, "R&D": 38314500.0}, "Health Care": {"Price": 93.24000000000001, "Volume": 1504040.525, "P/E": 89.68623878103921, "EV": 31313233256.68, "EBITDA": 1532000000.0, "EV/EBITDA": 20.71907842403298, "P/B": 4.047266109348359, "ROA": 0.018153044525055832, "CFROA": 0.03902650160958398, "MACD": 0.30051479426195016, "RSI": 55.401173693075194, "R&D": 188633500.0}, "Information Technology": {"Price": 83.66499999999999, "Volume": 1919459.5, "P/E": 66.33703245978121, "EV": 22886743794.08, "EBITDA": 745318000.0, "EV/EBITDA": 27.017798062497583, "P/B": 4.792598601738707, "ROA": 0.022093906315059995, "CFROA": 0.05884301049056223, "MACD": 0.2072568034112976, "RSI": 54.05421478447856, "R&D": 536081500.0}, "Communication Services": {"Price": 46.425, "Volume": 4102063.0, "P/E": 45.82906109729693, "EV": 26726576200.71, "EBITDA": 666060500.0, "EV/EBITDA": 22.139732244431393, "P/B": 4.487053173253954, "ROA": 0.013637213714165264, "CFROA": 0.05463951528423812, "MACD": 0.2540272243490671, "RSI": 60.21380206634032, "R&D": 0.0}, "Consumer Staples": {"Price": 74.95, "Volume": 2978312.0, "P/E": 79.5912603403274, "EV": 39262234843.0, "EBITDA": 2151000000, "EV/EBITDA": 16.16941604158473, "P/B": 3.916682959246267, "ROA": 0.025355412140281575, "CFROA": 0.09346620936603464, "MACD": 0.8173762318130429, "RSI": 56.65236023002852, "R&D": 58100000}, "Consumer Discretionary": {"Price": 79.68, "Volume": 2107957.0, "P/E": 78.80605328335616, "EV": 23814062149.2, "EBITDA": 1006300000, "EV/EBITDA": 20.97522640646588, "P/B": 4.260562877857357, "ROA": 0.025704577909820593, "CFROA": 0.05808457826781779, "MACD": 0.8170948675297964, "RSI": 61.26529706654764, "R&D": 0}, "Financials": {"Price": 73.645, "Volume": 1887985.0, "P/E": 51.01074920340385, "EV": 30579929870.4, "EBITDA": 1301800000.0, "EV/EBITDA": 18.0647677980714, "P/B": 1.7694813189215197, "ROA": 0.008438863000932759, "CFROA": 0.01042856661955594, "MACD": 0.21158412500746238, "RSI": 50.05449190407591, "R&D": 0.0}, "Materials": {"Price": 109.495, "Volume": 1154669.5, "P/E": 82.69457081711116, "EV": 16585791176.880001, "EBITDA": 1108050000.0, "EV/EBITDA": 17.614572470032627, "P/B": 5.192421868089658, "ROA": 0.018414117671451954, "CFROA": 0.042690899878263286, "MACD": 0.9731040466373742, "RSI": 66.40619029905527, "R&D": 68020500.0}, "Real Estate": {"Price": 108.93, "Volume": 1135427.0, "P/E": 130.91976471827485, "EV": 21562651529.28, "EBITDA": 1095193000, "EV/EBITDA": 26.924200050237754, "P/B": 2.6563802924700313, "ROA": 0.010701459393846417, "CFROA": 0.062042917622160555, "MACD": -0.4750984753110856, "RSI": 44.71676286697649, "R&D": 0}, "Utilities": {"Price": 58.39, "Volume": 2285484.0, "P/E": 92.37146419549549, "EV": 30034091387.71, "EBITDA": 1277000000, "EV/EBITDA": 21.802105715271807, "P/B": 2.038049380804571, "ROA": 0.0054647765393355694, "CFROA": 0.041736607605429486, "MACD": -0.7154412342964065, "RSI": 34.220920176797975, "R&D": 0}, "Energy": {"Price": 62.900000000000006, "Volume": 3508707.0, "P/E": -7.171708473234387, "EV": 47296806988.37, "EBITDA": 2339500000.0, "EV/EBITDA": 17.274884579606574, "P/B": 2.35405239198391, "ROA": -0.006942597530081061, "CFROA": 0.05796595144774825, "MACD": 1.2096712006846033, "RSI": 69.41311905351144, "R&D": 0.0}}