{"Industrials": {"Price": 68.74000000000001, "Volume": 2847319.0, "P/E": 47.07057943478611, "EV": 20942451552.96, "EBITDA": 1945500000.0, "EV/EBITDA": 13.39754315936597, "P/B": 2.46801802946186, "ROA": 0.019181282327657076, "CFROA": 0.056125160586129305, "MACD": 0.29850277753119414, "RSI": 56.87587568178208, "R&D": 101900000.0}, "Health Care": {"Price": 38.48, "Volume": 4444790.016, "P/E": 53.28542451463344, "EV": 18642622453.39, "EBITDA": 1976000000, "EV/EBITDA": 10.185654377996643, "P/B": 2.496430909745922, "ROA": 0.021299977374834352, "CFROA": 0.04903289949385394, "MACD": 0.03690560999587689, "RSI": 58.148534538376026, "R&D": 476496000}, "Information Technology": {"Price": 29.4225, "Volume": 4885667.0, "P/E": 17.86991458528056, "EV": 15659086193.390001, "EBITDA": 1353206000.0, "EV/EBITDA": 9.540502923324848, "P/B": 2.377958665690624, "ROA": 0.03776502309535124, "CFROA": 0.04713020755391788, "MACD": -0.18937031100943624, "RSI": 53.96718910408971, "R&D": 386500000.0}, "Consumer Staples": {"Price": 45.055, "Volume": 4404933.0, "P/E": 58.60183983252032, "EV": 28251614774.28, "EBITDA": 2382000000, "EV/EBITDA": 10.743872479471094, "P/B": 3.618984680345878, "ROA": 0.02457087856264371, "CFROA": 0.049400246627555024, "MACD": -0.0030400692812335706, "RSI": 57.59147816940821, "R&D": 81400000}, "Materials": {"Price": 39.47, "Volume": 2146479.0, "P/E": 20.42864235955056, "EV": 9621495033.5, "EBITDA": 803000000, "EV/EBITDA": 8.87754510174722, "P/B": 1.910251521028037, "ROA": 0.02517185354961257, "CFROA": 0.07981414486344265, "MACD": 0.11318276345625122, "RSI": 56.131207232716584, "R&D": 70000000}, "Consumer Discretionary": {"Price": 31.53885, "Volume": 5796153.5, "P/E": 21.84178893784336, "EV": 12924450605.633198, "EBITDA": 1978500000.0, "EV/EBITDA": 8.75283965062015, "P/B": 1.6982442559992066, "ROA": 0.04040090120593118, "CFROA": 0.0852468487822669, "MACD": 0.1483301911753534, "RSI": 57.628356376840784, "R&D": 0.0}, "Utilities": {"Price": 36.879999999999995, "Volume": 2543160.0, "P/E": 52.6225570376163, "EV": 24572076376.185, "EBITDA": 1739500000.0, "EV/EBITDA": 12.716288913512022, "P/B": 1.4423325766302564, "ROA": 0.006135589189509788, "CFROA": 0.04035546538281368, "MACD": -0.03309609099383337, "RSI": 55.41880912447719, "R&D": 0.0}, "Real Estate": {"Price": 58.81355, "Volume": 1364480.2034999998, "P/E": 199.07391660607937, "EV": 16172853630.349998, "EBITDA": 680545000.0, "EV/EBITDA": 26.65982014880097, "P/B": 4.47446610426775, "ROA": 0.00597948101920194, "CFROA": 0.07951449695605661, "MACD": -0.31187823332186326, "RSI": 54.085472443947594, "R&D": 0.0}, "Financials": {"Price": 30.37, "Volume": 2732770.0, "P/E": 19.99900849950612, "EV": 11430537487.39, "EBITDA": 789000000, "EV/EBITDA": 14.402473431721525, "P/B": 1.1269194223822085, "ROA": 0.010438447134381357, "CFROA": 0.016786414108425865, "MACD": -0.2133127480267074, "RSI": 52.632698152107224, "R&D": 0}, "Energy": {"Price": 59.49, "Volume": 5931873.0, "P/E": 12.989053290354237, "EV": 24049629602.2, "EBITDA": 4135000000, "EV/EBITDA": 7.086563667325154, "P/B": 1.9453430309655408, "ROA": 0.06003503220702904, "CFROA": 0.08791538369256609, "MACD": 0.07120959463898657, "RSI": 57.338254591705414, "R&D": 0}, "Communication Services": {"Price": 31.175, "Volume": 7498073.0, "P/E": 35.8020123239674, "EV": 36976452850.0, "EBITDA": 5776896500.0, "EV/EBITDA": 6.661373245939918, "P/B": 0.9717283958967267, "ROA": 0.012294195805889967, "CFROA": 0.05966110550761035, "MACD": -0.09899585918767784, "RSI": 56.27627778297209, "R&D": 0.0}}