{"Industrials": {"Price": 93.305, "Volume": 1512041.5, "P/E": 44.299111349891575, "EV": 22512643268.275, "EBITDA": 1057600000.0, "EV/EBITDA": 20.513782906819557, "P/B": 4.319054986457129, "ROA": 0.026800468388206607, "CFROA": 0.06409628181263416, "MACD": -0.45811676991775485, "RSI": 41.35393418786394, "R&D": 42200000.0}, "Health Care": {"Price": 83.88499999999999, "Volume": 2046548.0, "P/E": 26.77094901593827, "EV": 26031251764.120003, "EBITDA": 1773671500.0, "EV/EBITDA": 17.56864002719825, "P/B": 3.755621569881047, "ROA": 0.009898945140296435, "CFROA": 0.04091935036067426, "MACD": -0.8345472222791805, "RSI": 38.56911544741281, "R&D": 168550000.0}, "Information Technology": {"Price": 80.77, "Volume": 2845894.0, "P/E": 61.049131619816684, "EV": 27307745060.5, "EBITDA": 854000000, "EV/EBITDA": 23.566583738875877, "P/B": 4.113619067195994, "ROA": 0.018672295059236777, "CFROA": 0.03744217321140398, "MACD": -0.3487160020371647, "RSI": 41.555120165873916, "R&D": 594400000}, "Communication Services": {"Price": 38.17, "Volume": 4466607.0, "P/E": 10.531342008675344, "EV": 32064098410.0, "EBITDA": 910590000, "EV/EBITDA": 19.413849623608954, "P/B": 2.4995829007754184, "ROA": 0.03152592728078716, "CFROA": 0.07534390009389841, "MACD": -0.597689402498986, "RSI": 38.05508120794456, "R&D": 0}, "Consumer Staples": {"Price": 63.11, "Volume": 3427289.0, "P/E": 66.05086149272327, "EV": 50232396530.325, "EBITDA": 2678950000.0, "EV/EBITDA": 13.567247674593254, "P/B": 3.6657288511968114, "ROA": 0.022540028197928212, "CFROA": 0.05937009557202197, "MACD": -1.0777792696399473, "RSI": 39.8372619919672, "R&D": 68450000.0}, "Consumer Discretionary": {"Price": 79.32499999999999, "Volume": 2703678.5, "P/E": 41.865101740874266, "EV": 22375382036.0, "EBITDA": 1004659500.0, "EV/EBITDA": 20.864586151568734, "P/B": 3.3494667804121834, "ROA": 0.025497672874478815, "CFROA": 0.05604369088429399, "MACD": -0.8154870992426169, "RSI": 39.73987522294931, "R&D": 0.0}, "Financials": {"Price": 67.1, "Volume": 2496644.0, "P/E": 25.402827547080292, "EV": 34025684117.300003, "EBITDA": 1411000000, "EV/EBITDA": 13.71260284754976, "P/B": 1.47278273697397, "ROA": 0.00814892924155256, "CFROA": 0.01619264329185103, "MACD": -0.626303941062325, "RSI": 40.074459349303545, "R&D": 0}, "Materials": {"Price": 100.625, "Volume": 1793220.5, "P/E": 18.993854734332803, "EV": 16895613388.52, "EBITDA": 1168600000.0, "EV/EBITDA": 13.851073042678607, "P/B": 3.238931501776805, "ROA": 0.032918036602644724, "CFROA": 0.06795608072839304, "MACD": -1.6768983060351346, "RSI": 37.5329426576342, "R&D": 65237000.0}, "Real Estate": {"Price": 97.28, "Volume": 1337291.0, "P/E": 83.78823641361305, "EV": 25056305934.135002, "EBITDA": 1017278500.0, "EV/EBITDA": 22.18235453772857, "P/B": 2.7169658536098513, "ROA": 0.014629244222935666, "CFROA": 0.05627412454967032, "MACD": 0.260764899087512, "RSI": 49.82903198747456, "R&D": 0.0}, "Utilities": {"Price": 57.68, "Volume": 2907902.5, "P/E": 18.31458286915487, "EV": 31234866226.980003, "EBITDA": 1593500000.0, "EV/EBITDA": 19.577315995102786, "P/B": 1.85351324057888, "ROA": 0.00565239427939253, "CFROA": 0.0410868869683505, "MACD": 0.279878660639973, "RSI": 56.12901748583889, "R&D": 0.0}, "Energy": {"Price": 60.785, "Volume": 4993234.5, "P/E": 16.234702022153954, "EV": 43354853362.34, "EBITDA": 3075500000.0, "EV/EBITDA": 14.534098028105209, "P/B": 1.9994911792204302, "ROA": 0.030444879882463523, "CFROA": 0.08933473823179183, "MACD": -0.44828011496086884, "RSI": 44.59504583731492, "R&D": 0.0}}