{"Industrials": {"Price": 146.29, "Volume": 1039206.0, "P/E": 66.33067951249402, "EV": 32504562481.070004, "EBITDA": 1168141000, "EV/EBITDA": 25.331671664283228, "P/B": 5.962055985179449, "ROA": 0.026687847498014297, "CFROA": 0.0186298516957185, "MACD": 1.0389910362244024, "RSI": 57.317273453910175, "R&D": 54400000}, "Health Care": {"Price": 184.66, "Volume": 1493682.0, "P/E": 45.56287314851352, "EV": 46089025446.04, "EBITDA": 1320200000, "EV/EBITDA": 22.927923857994013, "P/B": 5.101271357916365, "ROA": 0.04128047911022387, "CFROA": 0.05640403594861333, "MACD": 0.48403975519863707, "RSI": 49.53430317821781, "R&D": 222500000}, "Information Technology": {"Price": 153.85, "Volume": 1627735.0, "P/E": 94.81539917596155, "EV": 34266464500.0, "EBITDA": 1089000000, "EV/EBITDA": 33.80999041653471, "P/B": 7.608851592739958, "ROA": 0.038607538976716, "CFROA": 0.05844557397324324, "MACD": 0.05486925449190849, "RSI": 52.342431595653345, "R&D": 539000000}, "Communication Services": {"Price": 87.495, "Volume": 3047719.0, "P/E": 32.12246883453492, "EV": 44129060186.05, "EBITDA": 2376200000.0, "EV/EBITDA": 23.68750849533408, "P/B": 3.1259928512913415, "ROA": 0.01307194150736409, "CFROA": 0.015654357932364214, "MACD": 0.43107695778740407, "RSI": 54.625970165042695, "R&D": 0.0}, "Consumer Staples": {"Price": 81.45, "Volume": 2761416.0, "P/E": 71.92543845051613, "EV": 48263284493.35, "EBITDA": 2204500000, "EV/EBITDA": 19.07916921923991, "P/B": 6.036485316217112, "ROA": 0.017047633092464237, "CFROA": 0.0034594420644019387, "MACD": 0.44765180057740395, "RSI": 53.91495896886897, "R&D": 69000000}, "Consumer Discretionary": {"Price": 133.3, "Volume": 2155558.5, "P/E": 31.773510644260583, "EV": 33086893753.07, "EBITDA": 974494000.0, "EV/EBITDA": 26.73931199075721, "P/B": 5.127533041889823, "ROA": 0.02338966652923656, "CFROA": 0.0016691914673984437, "MACD": 0.19639440997010738, "RSI": 51.71789725250851, "R&D": 0.0}, "Financials": {"Price": 102.64500000000001, "Volume": 2114619.5, "P/E": 32.89953367065643, "EV": 45559481186.895004, "EBITDA": 2595000000.0, "EV/EBITDA": 16.011518254427134, "P/B": 1.3999815538521505, "ROA": 0.008368133303946543, "CFROA": 0.0034907626133931936, "MACD": 0.8434033832899708, "RSI": 59.71834803652668, "R&D": 0.0}, "Materials": {"Price": 116.87, "Volume": 1456321.0, "P/E": 69.10296496572734, "EV": 26428904033.04, "EBITDA": 1398900000, "EV/EBITDA": 19.37065470074813, "P/B": 4.044995226078028, "ROA": 0.01994941573209944, "CFROA": 0.03948268357893428, "MACD": 1.5414288733433779, "RSI": 61.91505018941017, "R&D": 83900000}, "Real Estate": {"Price": 118.27, "Volume": 1508461.5, "P/E": 63.88395433342217, "EV": 29065415717.72, "EBITDA": 1347562500.0, "EV/EBITDA": 23.601759561465354, "P/B": 3.1996558297483526, "ROA": 0.02533930358505611, "CFROA": 0.05842315617301537, "MACD": 1.4685617399498057, "RSI": 66.64099212739629, "R&D": 0.0}, "Utilities": {"Price": 70, "Volume": 2183302.0, "P/E": 24.31862341949829, "EV": 41345738703.36, "EBITDA": 2421000000, "EV/EBITDA": 13.600144544914832, "P/B": 1.9489650759316661, "ROA": 0.015110155663988493, "CFROA": 0.03892433174513446, "MACD": 0.0886472897367625, "RSI": 47.163008841327546, "R&D": 0}, "Energy": {"Price": 56.02, "Volume": 7249227.0, "P/E": -6.659715682370385, "EV": 47300863259.84, "EBITDA": 1126662500.0, "EV/EBITDA": 13.820501320109162, "P/B": 2.5380689925479816, "ROA": -0.033125310916388664, "CFROA": 0.0011211776941843475, "MACD": 0.5873544832386681, "RSI": 62.937412181794265, "R&D": 0.0}}