{"Industrials": {"Price": 55.01, "Volume": 1654616.0, "P/E": 56.285679902036364, "EV": 11795025338.0, "EBITDA": 767700000, "EV/EBITDA": 12.603197184821212, "P/B": 2.828979114523135, "ROA": 0.018893481371605125, "CFROA": 0.04528362119329338, "MACD": 0.4052365284600228, "RSI": 53.93110949941018, "R&D": 23499000}, "Health Care": {"Price": 47.165, "Volume": 1552242.5, "P/E": 57.35099055937006, "EV": 12862532290.630001, "EBITDA": 991662500.0, "EV/EBITDA": 12.897506339536104, "P/B": 2.442075324641152, "ROA": 0.02076509545052256, "CFROA": 0.044068964637241095, "MACD": 0.4136555099583994, "RSI": 63.22607173503067, "R&D": 131800500.0}, "Information Technology": {"Price": 36.72, "Volume": 2017606.0, "P/E": 21.98897469521887, "EV": 10347717705.740002, "EBITDA": 410432000, "EV/EBITDA": 13.822875824530652, "P/B": 2.2115734133296474, "ROA": 0.03469952593439767, "CFROA": 0.06158069920367241, "MACD": 0.33047017033155157, "RSI": 55.70246935384228, "R&D": 444559000}, "Consumer Staples": {"Price": 55.3775, "Volume": 2037332.5, "P/E": 58.72463437983872, "EV": 28444823755.43, "EBITDA": 1914200000.0, "EV/EBITDA": 13.419808317880655, "P/B": 3.5217904205597312, "ROA": 0.027529154576658315, "CFROA": 0.08481952465558314, "MACD": 0.7771237867402121, "RSI": 69.57952588814587, "R&D": 71900000.0}, "Financials": {"Price": 36.515, "Volume": 1420494.5, "P/E": 25.063943173139222, "EV": 16521196264.33, "EBITDA": 1171800000.0, "EV/EBITDA": 14.599031131233438, "P/B": 1.2775729632817048, "ROA": 0.0070649120633925425, "CFROA": 0.005684221840086489, "MACD": 0.31273746928564705, "RSI": 54.24471734173065, "R&D": 0.0}, "Materials": {"Price": 53.04835, "Volume": 1279357.0, "P/E": 66.6473458879278, "EV": 8732730655.970001, "EBITDA": 908850000.0, "EV/EBITDA": 12.629620656243958, "P/B": 3.0902036190702225, "ROA": 0.012160185155477506, "CFROA": 0.036919083075022625, "MACD": -0.053548214306452735, "RSI": 47.01215494490485, "R&D": 90459500.0}, "Real Estate": {"Price": 72.1, "Volume": 798021, "P/E": 52.61437552563439, "EV": 14276424531.5, "EBITDA": 580675000, "EV/EBITDA": 24.899275702510117, "P/B": 3.3960812058633256, "ROA": 0.012059338410046047, "CFROA": 0.04757007570330418, "MACD": 0.05964913063698418, "RSI": 54.17230220301802, "R&D": 0}, "Utilities": {"Price": 41.27, "Volume": 1561099.0, "P/E": 19.13825117939394, "EV": 23815126906.190002, "EBITDA": 1260099000, "EV/EBITDA": 16.18113403605782, "P/B": 1.5254449820830476, "ROA": 0.0062396600424042496, "CFROA": 0.04379849494921939, "MACD": 0.5146061799560542, "RSI": 70.03757689584054, "R&D": 0}, "Consumer Discretionary": {"Price": 43.56, "Volume": 2325568.0, "P/E": 43.040251663942165, "EV": 11239499508.6, "EBITDA": 688244000, "EV/EBITDA": 14.60821845286636, "P/B": 2.6895652568171613, "ROA": 0.024851523707526045, "CFROA": 0.06384920803131137, "MACD": 0.5383244041587503, "RSI": 58.34907456135721, "R&D": 0}, "Communication Services": {"Price": 20.69, "Volume": 4288548.0, "P/E": 11.962329759614953, "EV": 17123067616.0, "EBITDA": 830700000, "EV/EBITDA": 14.22604138324731, "P/B": 2.316727939489422, "ROA": 0.009201617253941603, "CFROA": 0.008310551551484807, "MACD": 0.3767701029691093, "RSI": 61.17075853074239, "R&D": 0}, "Energy": {"Price": 64.255, "Volume": 4193496.0, "P/E": 17.908468545985425, "EV": 29791031841.600002, "EBITDA": 5787000000, "EV/EBITDA": 6.833125550744772, "P/B": 1.7020163656431835, "ROA": 0.03531056028281333, "CFROA": 0.11703251173899622, "MACD": 0.2749506826698962, "RSI": 55.38191523206617, "R&D": 0}}