{"Industrials": {"Price": 73.44, "Volume": 1886655.0, "P/E": 63.608477003998516, "EV": 16052731303.900002, "EBITDA": 923000000, "EV/EBITDA": 17.677585164131894, "P/B": 3.780223019756739, "ROA": 0.023081024487989082, "CFROA": 0.039974911143633704, "MACD": -0.11332000200133052, "RSI": 49.383337012445786, "R&D": 29271000}, "Health Care": {"Price": 76.9725, "Volume": 1765242.5, "P/E": 76.41674553659122, "EV": 22197053637.42, "EBITDA": 1113958000.0, "EV/EBITDA": 15.822124582945058, "P/B": 3.616144272936613, "ROA": 0.01972562404192684, "CFROA": 0.04189064976700896, "MACD": 0.40800838995313615, "RSI": 50.15629836788527, "R&D": 207076000.0}, "Information Technology": {"Price": 44.355, "Volume": 2536001.0, "P/E": 40.208226331606795, "EV": 12947819025.06, "EBITDA": 700000000, "EV/EBITDA": 14.652703850180764, "P/B": 3.0192536137737314, "ROA": 0.03652103399341785, "CFROA": 0.07277168501658297, "MACD": -0.21872029286084071, "RSI": 44.66252251207948, "R&D": 539469000}, "Communication Services": {"Price": 30.165, "Volume": 3915909.5, "P/E": 34.44601938902974, "EV": 26419767256.012505, "EBITDA": 1170491500.0, "EV/EBITDA": 16.083042407573682, "P/B": 3.544162605881587, "ROA": 0.013008006222972924, "CFROA": 0.044760384484490844, "MACD": -0.0460082852991448, "RSI": 50.70883429977992, "R&D": 0.0}, "Consumer Staples": {"Price": 66.47, "Volume": 3631496.0, "P/E": 65.12304075087569, "EV": 30387275864.64, "EBITDA": 2120000000, "EV/EBITDA": 14.83716598939983, "P/B": 4.2815114597180965, "ROA": 0.021644716764091368, "CFROA": 0.04428468354813205, "MACD": 0.022298451790280893, "RSI": 45.483995974968366, "R&D": 62000000}, "Consumer Discretionary": {"Price": 64.08709999999999, "Volume": 3284003.5, "P/E": 60.61231990692026, "EV": 17979994514.31, "EBITDA": 861957500.0, "EV/EBITDA": 20.750921547844627, "P/B": 3.8313613773070276, "ROA": 0.027510207658631197, "CFROA": 0.05098226233274464, "MACD": 0.020940644250561746, "RSI": 48.54375061644471, "R&D": 0.0}, "Financials": {"Price": 44.7436, "Volume": 3005752.0, "P/E": 37.293898561032385, "EV": 22335300755.04, "EBITDA": 1208600000, "EV/EBITDA": 13.623955260979644, "P/B": 1.4632361682482808, "ROA": 0.007302290943975909, "CFROA": 0.013487588824514365, "MACD": -0.5886769300390498, "RSI": 43.47436752829651, "R&D": 0}, "Materials": {"Price": 60.954, "Volume": 2059284.0, "P/E": 61.00224690356299, "EV": 10309225432.84, "EBITDA": 700028000, "EV/EBITDA": 14.289073021910694, "P/B": 3.1416404528598947, "ROA": 0.014748045731163903, "CFROA": 0.06200837350926161, "MACD": -0.055213391945201806, "RSI": 46.766436540444495, "R&D": 85000000}, "Real Estate": {"Price": 97.4, "Volume": 1419873.5, "P/E": 84.53544700388582, "EV": 25719383072.935, "EBITDA": 950913000.0, "EV/EBITDA": 36.15607658189185, "P/B": 4.260663818386162, "ROA": 0.010338277528764081, "CFROA": 0.03520421624829442, "MACD": 1.8615363383640542, "RSI": 56.402796889235844, "R&D": 0.0}, "Utilities": {"Price": 50.78, "Volume": 2946753.0, "P/E": 89.33373769622094, "EV": 28206667143.4, "EBITDA": 1335000000, "EV/EBITDA": 19.208964967495167, "P/B": 1.8580021453299447, "ROA": 0.005994127845686058, "CFROA": 0.037644249102484435, "MACD": 0.6927008137406858, "RSI": 54.00022576677583, "R&D": 0}, "Energy": {"Price": 71.44, "Volume": 5949486.0, "P/E": 18.23529582621235, "EV": 30543446759.58, "EBITDA": 4809650000.0, "EV/EBITDA": 7.399676662332764, "P/B": 1.7939064148281618, "ROA": 0.04696259097052209, "CFROA": 0.12245443725759333, "MACD": -0.24640596252919345, "RSI": 54.425891504517566, "R&D": 0.0}}