{"Industrials": {"Price": 99.28, "Volume": 1250877.0, "P/E": 56.80814456288618, "EV": 22625237751.1264, "EBITDA": 1247181000, "EV/EBITDA": 19.502563426503023, "P/B": 4.02255340277308, "ROA": 0.023535034184479556, "CFROA": 0.056464229839283175, "MACD": 1.9132966759232772, "RSI": 62.27841661255081, "R&D": 54700000}, "Health Care": {"Price": 133.11, "Volume": 1149685.0, "P/E": 70.32527245500239, "EV": 28697270655.784996, "EBITDA": 1464000000.0, "EV/EBITDA": 22.81886389941718, "P/B": 4.550714633911263, "ROA": 0.02390112377273958, "CFROA": 0.050384214929068, "MACD": 2.7159358220743215, "RSI": 61.481703933125445, "R&D": 196023000.0}, "Information Technology": {"Price": 107.9, "Volume": 2181409.0, "P/E": 76.12592679976899, "EV": 26437244028.325, "EBITDA": 1003296000.0, "EV/EBITDA": 35.816131721972056, "P/B": 6.0300321772240135, "ROA": 0.03104451841017354, "CFROA": 0.07077655341594148, "MACD": 2.645306858368677, "RSI": 61.705918999875685, "R&D": 520850000.0}, "Communication Services": {"Price": 53.12, "Volume": 2812633.5, "P/E": 51.53574709921635, "EV": 29624112946.8, "EBITDA": 835450000.0, "EV/EBITDA": 15.007689687006707, "P/B": 3.3141156496346262, "ROA": 0.013679094518130416, "CFROA": 0.05775843793645454, "MACD": 1.279908098516513, "RSI": 61.938804242867135, "R&D": 0.0}, "Consumer Staples": {"Price": 69.35, "Volume": 2588771.0, "P/E": 74.16793497746406, "EV": 38167251203.505005, "EBITDA": 1886248000.0, "EV/EBITDA": 16.579537109000352, "P/B": 5.7941175582988205, "ROA": 0.019765378273149562, "CFROA": 0.060418188304589046, "MACD": 0.25558461462687276, "RSI": 57.97875863317266, "R&D": 61700000.0}, "Consumer Discretionary": {"Price": 82.16499999999999, "Volume": 2885095.0, "P/E": 50.727635977334145, "EV": 18856503184.809998, "EBITDA": 1077250000.0, "EV/EBITDA": 15.495622370856942, "P/B": 3.18913412063352, "ROA": 0.030253318219741202, "CFROA": 0.07919500179098707, "MACD": 2.5987550945504125, "RSI": 63.67347288101794, "R&D": 0.0}, "Utilities": {"Price": 63.9125, "Volume": 1948095.0, "P/E": 66.43422437756554, "EV": 36499988328.0, "EBITDA": 1832000000, "EV/EBITDA": 20.500558944463645, "P/B": 2.1366854742416077, "ROA": 0.006375053722362829, "CFROA": 0.04586214121097842, "MACD": 0.2624846757695458, "RSI": 59.90302558215508, "R&D": 0}, "Financials": {"Price": 64.935, "Volume": 2132682.0, "P/E": 28.93494399602346, "EV": 28402975139.5, "EBITDA": 1636900000.0, "EV/EBITDA": 11.381861227895971, "P/B": 1.0821193125208863, "ROA": 0.009338216050412476, "CFROA": 0.016073664142057093, "MACD": 1.0400579066616586, "RSI": 59.53987423438423, "R&D": 0.0}, "Materials": {"Price": 77.42, "Volume": 1599628.0, "P/E": 72.02861256244248, "EV": 16724001532.880001, "EBITDA": 1411689000, "EV/EBITDA": 11.891985018560968, "P/B": 2.250689922493737, "ROA": 0.013249576736067647, "CFROA": 0.05751955618486108, "MACD": 2.3220976922927434, "RSI": 62.76754847696671, "R&D": 67000000}, "Real Estate": {"Price": 84.87, "Volume": 2057798.0, "P/E": 97.84881430584706, "EV": 19523618154.77, "EBITDA": 964862000, "EV/EBITDA": 22.716810448137544, "P/B": 2.370992405029415, "ROA": 0.01314670479608239, "CFROA": 0.05644400645985634, "MACD": 1.1247984748613078, "RSI": 61.707545480170005, "R&D": 0}, "Energy": {"Price": 36.5, "Volume": 7303195.0, "P/E": 9.4341385298125, "EV": 33303712106.309998, "EBITDA": 3033000000, "EV/EBITDA": 8.00819976003914, "P/B": 1.0739317259406567, "ROA": 0.012534059945504087, "CFROA": 0.07313694986379363, "MACD": 1.4647984178643583, "RSI": 59.220300674137974, "R&D": 0}}