{"Industrials": {"Price": 108.155, "Volume": 2525533.5, "P/E": 62.691107859427774, "EV": 23564783864.839996, "EBITDA": 1226450000.0, "EV/EBITDA": 21.293261983558267, "P/B": 4.3374873976648916, "ROA": 0.024509957794630256, "CFROA": 0.05775505349607811, "MACD": -2.4978935237540014, "RSI": 36.198657889481524, "R&D": 37000000.0}, "Health Care": {"Price": 138.91, "Volume": 2804501.0, "P/E": 70.58035111558792, "EV": 33186117637.96, "EBITDA": 1560000000, "EV/EBITDA": 21.91241266119593, "P/B": 4.229886963924528, "ROA": 0.02542351389734226, "CFROA": 0.054586846811468845, "MACD": -2.01196058586698, "RSI": 41.13927419206698, "R&D": 189336000}, "Information Technology": {"Price": 106.25, "Volume": 3728364.0, "P/E": 76.74034903548386, "EV": 28223871503.0, "EBITDA": 1017000000, "EV/EBITDA": 34.27008878560976, "P/B": 6.1113721303994675, "ROA": 0.032622068118021715, "CFROA": 0.07765243269430411, "MACD": -1.568277629339775, "RSI": 39.67349057195212, "R&D": 469700000}, "Communication Services": {"Price": 49.92, "Volume": 6393756.5, "P/E": 43.17375362531602, "EV": 38503854474.58, "EBITDA": 1015714500.0, "EV/EBITDA": 14.46634962217642, "P/B": 2.9105882193376376, "ROA": 0.012224278548468501, "CFROA": 0.05775843793645454, "MACD": -0.46512668820171843, "RSI": 36.31132308325045, "R&D": 0.0}, "Consumer Staples": {"Price": 71.06, "Volume": 5005154.5, "P/E": 85.77863908934548, "EV": 40512196943.240005, "EBITDA": 1886248000.0, "EV/EBITDA": 16.750395866964602, "P/B": 5.4374297985959466, "ROA": 0.019765378273149562, "CFROA": 0.05506074984182893, "MACD": -0.9703050140922684, "RSI": 41.99620626347523, "R&D": 61700000.0}, "Consumer Discretionary": {"Price": 92.08000000000001, "Volume": 4831646.5, "P/E": 59.545469748802304, "EV": 20805655621.924995, "EBITDA": 1088568500.0, "EV/EBITDA": 15.45529724609385, "P/B": 3.0805984530854422, "ROA": 0.03045525762642287, "CFROA": 0.06555346356451376, "MACD": -1.9949970315302323, "RSI": 36.24914428173331, "R&D": 0.0}, "Utilities": {"Price": 69.39, "Volume": 4315303.0, "P/E": 69.91364455748267, "EV": 36562948610.880005, "EBITDA": 1832000000, "EV/EBITDA": 21.302010383235995, "P/B": 2.382641515807073, "ROA": 0.006375053722362829, "CFROA": 0.04586214121097842, "MACD": -0.5354833468142566, "RSI": 40.81672613785138, "R&D": 0}, "Financials": {"Price": 91.47, "Volume": 3792153.0, "P/E": 36.79003678006977, "EV": 32668345950.4, "EBITDA": 1623000000, "EV/EBITDA": 14.296399683107376, "P/B": 1.3300044629430077, "ROA": 0.010038147294813823, "CFROA": 0.017245673755500467, "MACD": -1.5769263388474712, "RSI": 35.89827952431288, "R&D": 0}, "Materials": {"Price": 84.3, "Volume": 2562308.0, "P/E": 85.02553690986302, "EV": 17487511592.300003, "EBITDA": 1533500000, "EV/EBITDA": 12.237440793726813, "P/B": 2.7537773028892873, "ROA": 0.013249576736067647, "CFROA": 0.05323460249161955, "MACD": -2.82639221430496, "RSI": 35.674314119490646, "R&D": 67000000}, "Real Estate": {"Price": 83.66999999999999, "Volume": 2386527.5, "P/E": 115.05380848825263, "EV": 23862343795.375, "EBITDA": 962825500.0, "EV/EBITDA": 24.983137074728152, "P/B": 2.874492195611009, "ROA": 0.013153113231393964, "CFROA": 0.053422334184792884, "MACD": -0.6547123906026435, "RSI": 39.955907268597116, "R&D": 0.0}, "Energy": {"Price": 47.73, "Volume": 11136713.0, "P/E": 13.827893732625, "EV": 39735413789.86, "EBITDA": 3033000000, "EV/EBITDA": 9.630445960762398, "P/B": 1.3250412361549577, "ROA": 0.012534059945504087, "CFROA": 0.07313694986379363, "MACD": -1.9215224875942205, "RSI": 30.713963636676496, "R&D": 0}}