{"Industrials": {"Price": 99.5133, "Volume": 1394624.75, "P/E": 64.28784600391111, "EV": 24181717348.86, "EBITDA": 1137400000, "EV/EBITDA": 19.61031694199086, "P/B": 4.4977427024825065, "ROA": 0.029789001782839736, "CFROA": 0.08059270567152292, "MACD": 0.4636246743417729, "RSI": 63.03469737749585, "R&D": 48000000}, "Health Care": {"Price": 103.105, "Volume": 1409322.0, "P/E": 75.68142348325318, "EV": 31867021475.08, "EBITDA": 1289000000.0, "EV/EBITDA": 22.66707630117729, "P/B": 4.218635171845367, "ROA": 0.015972259980935252, "CFROA": 0.06006966877731079, "MACD": 0.7712798945712152, "RSI": 58.207710069148554, "R&D": 177249000.0}, "Information Technology": {"Price": 93.88, "Volume": 2953849.5, "P/E": 54.716495949677196, "EV": 28026855210.08, "EBITDA": 1003000000.0, "EV/EBITDA": 29.197738140477085, "P/B": 4.90227553648374, "ROA": 0.03433075974320357, "CFROA": 0.1008800844451735, "MACD": 1.1617476735302468, "RSI": 63.997750199427315, "R&D": 607856000.0}, "Communication Services": {"Price": 47.12, "Volume": 3528407.0, "P/E": 43.34896693405283, "EV": 29753410000.0, "EBITDA": 1194776000, "EV/EBITDA": 18.846825059558302, "P/B": 2.5802722969293286, "ROA": 0.009133913932885098, "CFROA": 0.03312700174832377, "MACD": 0.226968391309736, "RSI": 53.557319019004936, "R&D": 0}, "Consumer Staples": {"Price": 71.97, "Volume": 2445728.0, "P/E": 77.31879937486634, "EV": 42485518965.76, "EBITDA": 2222000000, "EV/EBITDA": 15.66709848681672, "P/B": 4.148664320220768, "ROA": 0.023528636393593885, "CFROA": 0.08885676922018033, "MACD": 1.1748032775558954, "RSI": 63.308329976090256, "R&D": 47300000}, "Consumer Discretionary": {"Price": 97.49, "Volume": 2288762.0, "P/E": 63.54771164352776, "EV": 25049449302.129997, "EBITDA": 1031000000, "EV/EBITDA": 18.300294075829385, "P/B": 3.7207489102247338, "ROA": 0.02650041508635424, "CFROA": 0.08317523429268563, "MACD": 0.4759895915987755, "RSI": 61.213202725694444, "R&D": 0}, "Financials": {"Price": 78.015, "Volume": 1542098.0, "P/E": 45.11787552310689, "EV": 37622843135.38, "EBITDA": 1250000000.0, "EV/EBITDA": 19.218426994393205, "P/B": 1.57509985467324, "ROA": 0.011448315142585156, "CFROA": 0.016037188355104474, "MACD": 0.1574980109997437, "RSI": 59.61525346390707, "R&D": 0.0}, "Materials": {"Price": 85.685, "Volume": 1482765.5, "P/E": 48.82570758318012, "EV": 16833993751.07, "EBITDA": 1512300000.0, "EV/EBITDA": 13.996592055136267, "P/B": 2.817933106661493, "ROA": 0.023471892104794084, "CFROA": 0.07511694042443862, "MACD": 0.058854067361440165, "RSI": 58.51365131573898, "R&D": 67277000.0}, "Real Estate": {"Price": 77.06, "Volume": 1514474.0, "P/E": 61.86990009604254, "EV": 22336384577.41, "EBITDA": 1037949000, "EV/EBITDA": 22.25332839690329, "P/B": 2.7365666958572303, "ROA": 0.012928425640336912, "CFROA": 0.07311164397614414, "MACD": 0.6761262778878319, "RSI": 59.76985571585009, "R&D": 0}, "Utilities": {"Price": 60.620000000000005, "Volume": 3011059.0, "P/E": 97.4523657242254, "EV": 37622012476.795, "EBITDA": 1565500000.0, "EV/EBITDA": 23.01759215370995, "P/B": 2.0310491440066056, "ROA": 0.00527037073705684, "CFROA": 0.046153499988279834, "MACD": 0.5683603136150381, "RSI": 53.47061401248415, "R&D": 0.0}, "Energy": {"Price": 61.05, "Volume": 4084903.0, "P/E": 16.60798477378263, "EV": 41615420111.41, "EBITDA": 4073000000, "EV/EBITDA": 9.700695226945626, "P/B": 1.7117826210452962, "ROA": 0.030323230317557123, "CFROA": 0.10589798630277011, "MACD": 0.26512510436698733, "RSI": 57.51994710111755, "R&D": 0}}