{"Industrials": {"Price": 82.98, "Volume": 1486943.0, "P/E": 40.41695576936388, "EV": 20197306129.43, "EBITDA": 1229250000, "EV/EBITDA": 16.878572083545148, "P/B": 3.5270163156133805, "ROA": 0.030259931338891613, "CFROA": 0.06400472069236822, "MACD": -2.205501609198109, "RSI": 42.850194970713794, "R&D": 42000000}, "Health Care": {"Price": 96.41, "Volume": 1750058.0, "P/E": 22.316370917532677, "EV": 21168914466.7, "EBITDA": 1435000000, "EV/EBITDA": 19.26677455701517, "P/B": 3.939293777518796, "ROA": 0.009317263406800896, "CFROA": 0.041348885634120945, "MACD": -2.523160944499864, "RSI": 40.494302901344085, "R&D": 151700000}, "Information Technology": {"Price": 69.06, "Volume": 2392143.0, "P/E": 24.17883928751821, "EV": 23913544660.0, "EBITDA": 1086850000.0, "EV/EBITDA": 19.729350809808075, "P/B": 3.6922037940374723, "ROA": 0.02796284717651484, "CFROA": 0.07514090521035391, "MACD": -1.6696238402990211, "RSI": 44.636320506318924, "R&D": 607856000.0}, "Communication Services": {"Price": 47.03, "Volume": 4418719.0, "P/E": 10.798395729062396, "EV": 26784080480.0, "EBITDA": 910590000, "EV/EBITDA": 15.510084875469598, "P/B": 2.47174121101024, "ROA": 0.024306277340314902, "CFROA": 0.053736845421891735, "MACD": -0.9440527626385489, "RSI": 41.30227815876618, "R&D": 0}, "Consumer Staples": {"Price": 64.43, "Volume": 3677362.0, "P/E": 71.84234053924014, "EV": 40026983253.6, "EBITDA": 2427000000, "EV/EBITDA": 14.236813069302109, "P/B": 3.9164983178328994, "ROA": 0.02484327411827649, "CFROA": 0.055776593348847686, "MACD": -1.534340582483118, "RSI": 37.95089740698249, "R&D": 47300000}, "Consumer Discretionary": {"Price": 81.105, "Volume": 2538820.5, "P/E": 38.683293482802455, "EV": 21540028366.114998, "EBITDA": 1015348000.0, "EV/EBITDA": 18.706497457310263, "P/B": 3.5210359274404253, "ROA": 0.03043784252566574, "CFROA": 0.07795870082605191, "MACD": -1.6253348432585781, "RSI": 44.66400840894197, "R&D": 0.0}, "Financials": {"Price": 59.41, "Volume": 2208153.0, "P/E": 21.526952247061224, "EV": 29193850000.0, "EBITDA": 1411000000, "EV/EBITDA": 13.578703841277457, "P/B": 1.2962248338028663, "ROA": 0.00814892924155256, "CFROA": 0.01619264329185103, "MACD": -1.7741161633613416, "RSI": 43.56577194084696, "R&D": 0}, "Materials": {"Price": 81.0, "Volume": 1540226.0, "P/E": 17.036420126587075, "EV": 14793595608.305, "EBITDA": 1121600000.0, "EV/EBITDA": 13.662570891440026, "P/B": 2.9832503149992124, "ROA": 0.032918036602644724, "CFROA": 0.06795608072839304, "MACD": -1.7437076590483116, "RSI": 45.71404223959206, "R&D": 68250000.0}, "Real Estate": {"Price": 85.86, "Volume": 1421676.0, "P/E": 64.95747953663087, "EV": 20436074474.115, "EBITDA": 1232278500.0, "EV/EBITDA": 21.426776080534484, "P/B": 2.3946267862219672, "ROA": 0.015362598773235609, "CFROA": 0.057892269039803296, "MACD": -1.3502813053941, "RSI": 34.601502628619656, "R&D": 0.0}, "Utilities": {"Price": 60.120000000000005, "Volume": 2757689.0, "P/E": 18.559578910169108, "EV": 31640365961.010002, "EBITDA": 1593500000.0, "EV/EBITDA": 20.32302332880917, "P/B": 1.9602285773133905, "ROA": 0.00565239427939253, "CFROA": 0.04181650483647488, "MACD": -0.6799259844643899, "RSI": 35.84484720020838, "R&D": 0.0}, "Energy": {"Price": 59.64, "Volume": 5735838.0, "P/E": 13.811455382326454, "EV": 35190798054.479996, "EBITDA": 2918000000, "EV/EBITDA": 12.478010957312664, "P/B": 1.7607747383966517, "ROA": 0.029694785225356304, "CFROA": 0.09097396374905703, "MACD": -2.226477292024171, "RSI": 42.597395733642735, "R&D": 0}}