{"Industrials": {"Price": 113.68, "Volume": 1640481.0, "P/E": 61.04707202810749, "EV": 25967929185.859997, "EBITDA": 1125692000, "EV/EBITDA": 23.23640749510976, "P/B": 4.527099361227328, "ROA": 0.02919793757733303, "CFROA": 0.07850358323219701, "MACD": -0.21427291067848842, "RSI": 43.4086027380711, "R&D": 47600000}, "Health Care": {"Price": 130.245, "Volume": 1676691.5, "P/E": 105.77084878269943, "EV": 29719310764.28, "EBITDA": 1289000000.0, "EV/EBITDA": 24.041737009014952, "P/B": 4.710536818739356, "ROA": 0.014951774664391824, "CFROA": 0.052526500017003167, "MACD": 0.2947355099688309, "RSI": 45.42332720902822, "R&D": 187324500.0}, "Information Technology": {"Price": 102.0, "Volume": 2398490.5, "P/E": 66.2048167488146, "EV": 32218078117.92, "EBITDA": 1155306000.0, "EV/EBITDA": 31.579452932506676, "P/B": 6.932994241034628, "ROA": 0.030787736459840308, "CFROA": 0.08468527470059752, "MACD": 0.7515416350476372, "RSI": 50.96839368859869, "R&D": 699515000.0}, "Communication Services": {"Price": 50.355, "Volume": 3120261.5, "P/E": 45.22787371215637, "EV": 39153156623.665, "EBITDA": 1198888000.0, "EV/EBITDA": 16.86577189519322, "P/B": 3.1655917704234833, "ROA": 0.010407442464012564, "CFROA": 0.053615442841123295, "MACD": -0.04424991140303991, "RSI": 41.204635183698585, "R&D": 0.0}, "Consumer Staples": {"Price": 75.11, "Volume": 3441167.0, "P/E": 79.94156261333333, "EV": 44469139786.89, "EBITDA": 1918808000, "EV/EBITDA": 16.871095025844504, "P/B": 4.52163013493373, "ROA": 0.020594281082020053, "CFROA": 0.059559471365638765, "MACD": 0.25643990437747277, "RSI": 51.45154248979893, "R&D": 67300000}, "Consumer Discretionary": {"Price": 101.77, "Volume": 2263623.0, "P/E": 64.39148372203064, "EV": 26090596172.8, "EBITDA": 1084500000, "EV/EBITDA": 19.700859686635127, "P/B": 3.9390340643274855, "ROA": 0.03059315505667437, "CFROA": 0.08276349619066486, "MACD": -0.2044302918548624, "RSI": 42.725780640113236, "R&D": 0}, "Financials": {"Price": 95.625, "Volume": 1800740.0, "P/E": 45.0202485505136, "EV": 38720156617.340004, "EBITDA": 1304500000.0, "EV/EBITDA": 18.73025413264797, "P/B": 1.6567319346032436, "ROA": 0.011490369520652858, "CFROA": 0.014434726006093506, "MACD": 0.23125672110933237, "RSI": 52.60248061184668, "R&D": 0.0}, "Materials": {"Price": 79.805, "Volume": 1977910.5, "P/E": 44.36225860923133, "EV": 18209863508.829998, "EBITDA": 1665500000.0, "EV/EBITDA": 13.43513469343273, "P/B": 2.62657547316251, "ROA": 0.02164825459138228, "CFROA": 0.0746512379057779, "MACD": -0.7076278025882736, "RSI": 40.59309449363754, "R&D": 71027000.0}, "Utilities": {"Price": 74.18, "Volume": 1962233.5, "P/E": 107.74281904287665, "EV": 43258419406.479996, "EBITDA": 1565500000.0, "EV/EBITDA": 26.037616640559158, "P/B": 2.352429604530995, "ROA": 0.00527037073705684, "CFROA": 0.045268941885128935, "MACD": 1.5196778057241929, "RSI": 75.85563373087481, "R&D": 0.0}, "Real Estate": {"Price": 84.46, "Volume": 1578778.0, "P/E": 65.33442680809871, "EV": 24573053454.719997, "EBITDA": 1174754000, "EV/EBITDA": 26.022607095091388, "P/B": 3.0234353838998795, "ROA": 0.012928425640336912, "CFROA": 0.0730798728418261, "MACD": 0.8498087741906346, "RSI": 55.72762425768967, "R&D": 0}, "Energy": {"Price": 52.06, "Volume": 7070685.0, "P/E": 11.32830380615942, "EV": 39034562581.75, "EBITDA": 4073000000, "EV/EBITDA": 8.16051738644818, "P/B": 1.3987377540052852, "ROA": 0.026308585186851578, "CFROA": 0.10589798630277011, "MACD": -0.969205522168453, "RSI": 28.182439847287185, "R&D": 0}}