{"Industrials": {"Price": 130.65, "Volume": 1280233.0, "P/E": 23.748733371095273, "EV": 29847251842.68, "EBITDA": 1602623000, "EV/EBITDA": 15.256687290373078, "P/B": 4.565566984505176, "ROA": 0.07089188482297834, "CFROA": 0.11423583886858885, "MACD": -0.5363503708191217, "RSI": 50.081785246148186, "R&D": 61100000}, "Health Care": {"Price": 177.71, "Volume": 1476789.0, "P/E": 26.81167916472664, "EV": 38470278102.73, "EBITDA": 2789000000, "EV/EBITDA": 16.942112849095913, "P/B": 4.084269083944857, "ROA": 0.07063353261380481, "CFROA": 0.10991882812366774, "MACD": -1.0127066289566073, "RSI": 45.755001939756795, "R&D": 274969000}, "Information Technology": {"Price": 141.78500000000003, "Volume": 1727227.5, "P/E": 29.663627469639565, "EV": 41009360696.72, "EBITDA": 1997000000.0, "EV/EBITDA": 19.00808406698033, "P/B": 6.7455367745301436, "ROA": 0.0894059487110638, "CFROA": 0.11290625552059658, "MACD": -0.6086075771342401, "RSI": 52.20863287837658, "R&D": 639318000.0}, "Communication Services": {"Price": 72.92, "Volume": 3773569.0, "P/E": 19.550092826648044, "EV": 36674554705.65, "EBITDA": 3375000000, "EV/EBITDA": 9.156365156017312, "P/B": 2.1943577583849683, "ROA": 0.04785727201494786, "CFROA": 0.07042481475487126, "MACD": -0.5999719559404966, "RSI": 50.83848571442671, "R&D": 0}, "Consumer Staples": {"Price": 78.2, "Volume": 3431151.0, "P/E": 27.984679309749257, "EV": 47065877610.5, "EBITDA": 3438000000, "EV/EBITDA": 14.913582595913978, "P/B": 4.49598157392132, "ROA": 0.06409109878972158, "CFROA": 0.12602976651040007, "MACD": -0.6480716389234615, "RSI": 45.690429617331525, "R&D": 84000000}, "Consumer Discretionary": {"Price": 107.52, "Volume": 2545953.0, "P/E": 17.928594667188083, "EV": 25235879680.319996, "EBITDA": 1899139000, "EV/EBITDA": 13.417693171881933, "P/B": 2.7864217765904065, "ROA": 0.07768586482322938, "CFROA": 0.11620809512902723, "MACD": -1.5604387175111611, "RSI": 50.096935751409326, "R&D": 0}, "Utilities": {"Price": 75.33500000000001, "Volume": 2353273.5, "P/E": 23.59184233716467, "EV": 40148998015.16, "EBITDA": 2624000000.0, "EV/EBITDA": 12.73435619524102, "P/B": 2.3529900434386324, "ROA": 0.024474440658036375, "CFROA": 0.05073062769912859, "MACD": 0.39790884747019817, "RSI": 56.934854803882835, "R&D": 0.0}, "Financials": {"Price": 101.99, "Volume": 2132032.0, "P/E": 11.625932289535772, "EV": 41913164044.28, "EBITDA": 4399000000, "EV/EBITDA": 8.633064012936263, "P/B": 1.3041965317454705, "ROA": 0.020971359469152774, "CFROA": 0.02220549722201826, "MACD": -0.4429295875241621, "RSI": 50.98030221482504, "R&D": 0}, "Materials": {"Price": 118.00999999999999, "Volume": 1904127.5, "P/E": 21.084748708822644, "EV": 27965822228.155, "EBITDA": 2674500000.0, "EV/EBITDA": 11.256425001257924, "P/B": 3.51181366675438, "ROA": 0.06101422480229412, "CFROA": 0.09761546619787026, "MACD": -0.350698472693626, "RSI": 50.91874740884033, "R&D": 96650000.0}, "Real Estate": {"Price": 111.17, "Volume": 1056046.0, "P/E": 35.772888539067004, "EV": 30503581508.76, "EBITDA": 1617508000, "EV/EBITDA": 21.128398158363368, "P/B": 2.904973394518702, "ROA": 0.03348704103001298, "CFROA": 0.07581339849016171, "MACD": -1.3440271627247284, "RSI": 44.550639753042724, "R&D": 0}, "Energy": {"Price": 87.16, "Volume": 8284281.0, "P/E": 24.484678801915727, "EV": 64787917161.815, "EBITDA": 5163500000.0, "EV/EBITDA": 13.331038173119765, "P/B": 2.9492558487022404, "ROA": 0.05660192755894935, "CFROA": 0.10494879530417964, "MACD": 3.0872777598231735, "RSI": 67.1055944034045, "R&D": 0.0}}