{"Industrials": {"Price": 54.49, "Volume": 2413684.5, "P/E": 42.827510067173826, "EV": 12523047432.535, "EBITDA": 1276650000.0, "EV/EBITDA": 11.489720264589115, "P/B": 2.5081280981643284, "ROA": 0.021048904353864993, "CFROA": 0.05194273962998752, "MACD": 0.10432290893325025, "RSI": 60.79510252998604, "R&D": 23148500.0}, "Health Care": {"Price": 47.715, "Volume": 1940783.0, "P/E": 41.810298500648805, "EV": 12740021245.24, "EBITDA": 1324000000, "EV/EBITDA": 9.756228222719054, "P/B": 2.505695106562047, "ROA": 0.02209426549066864, "CFROA": 0.0660944219090896, "MACD": 0.007526328403308469, "RSI": 51.97539660121067, "R&D": 116139000}, "Information Technology": {"Price": 28.23, "Volume": 3681653.0, "P/E": 15.399387724676886, "EV": 8980703371.3088, "EBITDA": 630000000, "EV/EBITDA": 10.293134452555972, "P/B": 2.4223162205136024, "ROA": 0.04196015294827933, "CFROA": 0.10046713046021293, "MACD": -0.139419415730913, "RSI": 56.09985651711829, "R&D": 400745000}, "Consumer Staples": {"Price": 48.0675, "Volume": 3652875.5, "P/E": 56.84218151989498, "EV": 24081656736.0, "EBITDA": 1779500000.0, "EV/EBITDA": 11.482305940969269, "P/B": 3.45218907906236, "ROA": 0.024093935251918053, "CFROA": 0.060098955605486254, "MACD": -0.07615455499365176, "RSI": 43.956936668410805, "R&D": 57050000.0}, "Consumer Discretionary": {"Price": 37.27825, "Volume": 3708610.0, "P/E": 35.64450848023414, "EV": 10365497826.795, "EBITDA": 729250000.0, "EV/EBITDA": 15.58443738515469, "P/B": 3.2924073792161663, "ROA": 0.026521679556700525, "CFROA": 0.0987344234325344, "MACD": 0.2871925686340546, "RSI": 59.24656395411347, "R&D": 0.0}, "Financials": {"Price": 34.62, "Volume": 2672637.0, "P/E": 42.722446566636556, "EV": 18444530301.980003, "EBITDA": 1107000000, "EV/EBITDA": 11.418263485672082, "P/B": 1.1209453842209345, "ROA": 0.009474824038982133, "CFROA": 0.008737882640867287, "MACD": 0.16586123154426247, "RSI": 55.821348289020754, "R&D": 0}, "Materials": {"Price": 50.49665, "Volume": 1932746.0, "P/E": 49.8385958829668, "EV": 8028855493.639999, "EBITDA": 660746500.0, "EV/EBITDA": 12.312042846262958, "P/B": 2.7827569863013415, "ROA": 0.013993856189869492, "CFROA": 0.0542791375110396, "MACD": 0.23042154291184236, "RSI": 61.75633096212138, "R&D": 84741500.0}, "Utilities": {"Price": 36.03, "Volume": 1860914.0, "P/E": 43.769, "EV": 18167854629.8, "EBITDA": 1217500000, "EV/EBITDA": 15.245228912596994, "P/B": 1.4633893283224222, "ROA": 0.005767234418855012, "CFROA": 0.05990364704390821, "MACD": 0.05590582136547795, "RSI": 52.1155604201825, "R&D": 0}, "Real Estate": {"Price": 72.4906, "Volume": 1076778.234, "P/E": 156.32685802919994, "EV": 17165952157.519997, "EBITDA": 654837000, "EV/EBITDA": 35.566221036315575, "P/B": 3.772760517151998, "ROA": 0.007318032786885246, "CFROA": 0.06331500106241869, "MACD": -0.30299465483155785, "RSI": 54.86301659863654, "R&D": 0}, "Communication Services": {"Price": 22.639, "Volume": 8770680.5, "P/E": 9.464640306544478, "EV": 18856808425.0, "EBITDA": 1142576500.0, "EV/EBITDA": 9.683418849745877, "P/B": 1.5855227037109336, "ROA": 0.01070744254443622, "CFROA": 0.05761445716491352, "MACD": -0.16223806226696702, "RSI": 50.753541398524575, "R&D": 0.0}, "Energy": {"Price": 58.44, "Volume": 6481545.0, "P/E": 14.412089996343218, "EV": 27783598474.59, "EBITDA": 5277000000, "EV/EBITDA": 5.296015960478814, "P/B": 1.8153654531462653, "ROA": 0.07241212614089651, "CFROA": 0.12168851164089083, "MACD": -0.04109789825481869, "RSI": 42.99078538326284, "R&D": 0}}