{"Industrials": {"Price": 81.685, "Volume": 754446.5, "P/E": 76.12674709407136, "EV": 18086454935.955, "EBITDA": 1007492500.0, "EV/EBITDA": 19.98086233187459, "P/B": 4.508492933924982, "ROA": 0.020099629157956943, "CFROA": 0.05941112417844194, "MACD": 0.304846499089658, "RSI": 57.158457644179165, "R&D": 32314500.0}, "Health Care": {"Price": 87.19, "Volume": 681785, "P/E": 84.10347071583514, "EV": 28125329756.690002, "EBITDA": 1526000000, "EV/EBITDA": 19.528601926720995, "P/B": 4.271386714693723, "ROA": 0.01917550839964633, "CFROA": 0.05511785636387517, "MACD": 0.9354285375066382, "RSI": 58.04258290664967, "R&D": 232100000}, "Information Technology": {"Price": 66.7, "Volume": 1368338.0, "P/E": 50.753548021138215, "EV": 20720527135.595, "EBITDA": 792636000, "EV/EBITDA": 23.774916720733682, "P/B": 4.071130050595411, "ROA": 0.026747359882308593, "CFROA": 0.06894654472538758, "MACD": 0.018945272751693665, "RSI": 43.88026416400323, "R&D": 545293000}, "Communication Services": {"Price": 41.68, "Volume": 1612494.0, "P/E": 40.538649535907105, "EV": 30889491906.22, "EBITDA": 666060500.0, "EV/EBITDA": 22.67415157096261, "P/B": 4.7615224009531225, "ROA": 0.013637213714165264, "CFROA": 0.05463951528423812, "MACD": -0.03993062579833184, "RSI": 45.48167124233548, "R&D": 0.0}, "Consumer Staples": {"Price": 74.945, "Volume": 1464584.0, "P/E": 58.33986485964287, "EV": 35650229838.65, "EBITDA": 2298500000.0, "EV/EBITDA": 16.421157602925938, "P/B": 4.051017769544169, "ROA": 0.02442272310720016, "CFROA": 0.0775471847276882, "MACD": -0.4426244212962267, "RSI": 41.14847525445582, "R&D": 59550000.0}, "Consumer Discretionary": {"Price": 64.495, "Volume": 1226713.0, "P/E": 73.67236515973275, "EV": 22072605520.195, "EBITDA": 995381500.0, "EV/EBITDA": 20.415096682572187, "P/B": 3.4979007761891086, "ROA": 0.0258529010588593, "CFROA": 0.05841386392713692, "MACD": 0.22578660813988094, "RSI": 49.39946473916021, "R&D": 0.0}, "Financials": {"Price": 64.025, "Volume": 899283.0, "P/E": 41.704498500461995, "EV": 25978130763.45, "EBITDA": 1301800000.0, "EV/EBITDA": 16.819516172285255, "P/B": 1.6167805229752328, "ROA": 0.008438863000932759, "CFROA": 0.01042856661955594, "MACD": 0.6883532129594556, "RSI": 61.27388702825125, "R&D": 0.0}, "Materials": {"Price": 87.11500000000001, "Volume": 708660.0, "P/E": 81.1365388782269, "EV": 15669734506.880001, "EBITDA": 1108050000.0, "EV/EBITDA": 15.212477485734587, "P/B": 4.727195843593244, "ROA": 0.018414117671451954, "CFROA": 0.042690899878263286, "MACD": 0.18871753483973208, "RSI": 56.144092400032996, "R&D": 79237500.0}, "Real Estate": {"Price": 99.31, "Volume": 637270, "P/E": 119.93338390216375, "EV": 20896540562.45, "EBITDA": 1095193000, "EV/EBITDA": 25.707599621214428, "P/B": 2.765447560260703, "ROA": 0.010701459393846417, "CFROA": 0.062042917622160555, "MACD": 0.2565344457312193, "RSI": 52.92792713338471, "R&D": 0}, "Utilities": {"Price": 54.13, "Volume": 1065672.0, "P/E": 90.42676714285714, "EV": 28563453530.53, "EBITDA": 1277000000, "EV/EBITDA": 21.00462012157937, "P/B": 1.9659900663665875, "ROA": 0.0054647765393355694, "CFROA": 0.04556086311974963, "MACD": -0.13699299500762407, "RSI": 34.12226375133156, "R&D": 0}, "Energy": {"Price": 56.425, "Volume": 2934369.0, "P/E": -5.691461873311308, "EV": 43453212460.92, "EBITDA": 2339500000.0, "EV/EBITDA": 14.857119650100442, "P/B": 2.0508771113997786, "ROA": -0.006942597530081061, "CFROA": 0.05796595144774825, "MACD": -0.25012579899072307, "RSI": 54.472342089578945, "R&D": 0.0}}