{"Industrials": {"Price": 78.155, "Volume": 1305670.5, "P/E": 80.97479716133904, "EV": 18261705922.284996, "EBITDA": 1007492500.0, "EV/EBITDA": 20.63521645809616, "P/B": 4.581546038373295, "ROA": 0.020320508857130153, "CFROA": 0.05661700947078883, "MACD": 1.0693809593129764, "RSI": 68.00656120863025, "R&D": 32314500.0}, "Health Care": {"Price": 86.35, "Volume": 1763067.0, "P/E": 83.98142082429501, "EV": 29900788000.0, "EBITDA": 1526000000, "EV/EBITDA": 19.57154371006854, "P/B": 4.516452962960366, "ROA": 0.018070758611928608, "CFROA": 0.039779992375973426, "MACD": 0.23493615292480285, "RSI": 55.03022508402796, "R&D": 232100000}, "Information Technology": {"Price": 74.82, "Volume": 2174780.0, "P/E": 58.196096997530866, "EV": 24717817171.96, "EBITDA": 698000000, "EV/EBITDA": 25.082595373065903, "P/B": 4.571552559614717, "ROA": 0.026747359882308593, "CFROA": 0.06755407014713226, "MACD": 0.5181658700627452, "RSI": 60.64399847790611, "R&D": 526870000}, "Communication Services": {"Price": 46.085, "Volume": 4059110.0, "P/E": 42.31111435876977, "EV": 27895025296.42, "EBITDA": 666060500.0, "EV/EBITDA": 23.067432910591812, "P/B": 4.678746948848561, "ROA": 0.013637213714165264, "CFROA": 0.05463951528423812, "MACD": 0.019344543993161878, "RSI": 53.21680914479121, "R&D": 0.0}, "Consumer Staples": {"Price": 72.95, "Volume": 3023391.0, "P/E": 63.332329584122974, "EV": 35820445728.67999, "EBITDA": 2151000000, "EV/EBITDA": 15.205252764518828, "P/B": 3.8553452170197176, "ROA": 0.025355412140281575, "CFROA": 0.09346620936603464, "MACD": -0.2248242622165435, "RSI": 43.271020445906565, "R&D": 58100000}, "Consumer Discretionary": {"Price": 73.01, "Volume": 2308746.5, "P/E": 69.78811622497929, "EV": 23216656791.2, "EBITDA": 995381500.0, "EV/EBITDA": 21.773580614491046, "P/B": 3.8360357757747625, "ROA": 0.02470103924615501, "CFROA": 0.05841386392713692, "MACD": 0.4839405010602551, "RSI": 62.62079800548833, "R&D": 0.0}, "Financials": {"Price": 65.03999999999999, "Volume": 1522698.5, "P/E": 46.00314201306807, "EV": 28176920280.45, "EBITDA": 1301800000.0, "EV/EBITDA": 17.080843173167814, "P/B": 1.6353028505235374, "ROA": 0.008438863000932759, "CFROA": 0.01042856661955594, "MACD": 0.5817485408261831, "RSI": 66.29253807424047, "R&D": 0.0}, "Materials": {"Price": 99.985, "Volume": 1337181.0, "P/E": 83.46430225773815, "EV": 16318102499.8, "EBITDA": 1108050000.0, "EV/EBITDA": 16.22922099822779, "P/B": 5.054624232550778, "ROA": 0.018414117671451954, "CFROA": 0.042690899878263286, "MACD": 1.0280066896432203, "RSI": 61.67721840057541, "R&D": 79237500.0}, "Real Estate": {"Price": 99.69, "Volume": 1052678.0, "P/E": 121.62947329102096, "EV": 20431955084.43, "EBITDA": 1095193000, "EV/EBITDA": 27.655051590017337, "P/B": 2.671656925656853, "ROA": 0.010701459393846417, "CFROA": 0.062042917622160555, "MACD": -0.5299963882753502, "RSI": 40.924146400557916, "R&D": 0}, "Utilities": {"Price": 58.39, "Volume": 1973845.0, "P/E": 92.30082912857144, "EV": 29349266462.8, "EBITDA": 1277000000, "EV/EBITDA": 21.672947678716756, "P/B": 1.9945721322286358, "ROA": 0.0054647765393355694, "CFROA": 0.04556086311974963, "MACD": -0.41005744901920593, "RSI": 40.453547389183385, "R&D": 0}, "Energy": {"Price": 60.0, "Volume": 3242680.0, "P/E": -6.114620924426762, "EV": 43867398318.854996, "EBITDA": 2339500000.0, "EV/EBITDA": 15.367329210239951, "P/B": 2.1561593452688848, "ROA": -0.006942597530081061, "CFROA": 0.05796595144774825, "MACD": 1.238198903254137, "RSI": 70.43518896465787, "R&D": 0.0}}