{"Industrials": {"Price": 54.855000000000004, "Volume": 2022354.75, "P/E": 42.92125743148658, "EV": 13624666765.580002, "EBITDA": 1387000000.0, "EV/EBITDA": 10.919366668956082, "P/B": 2.573875968752199, "ROA": 0.021048904353864993, "CFROA": 0.0478113320410678, "MACD": 0.20072862686694481, "RSI": 54.03728127804983, "R&D": 31498500.0}, "Health Care": {"Price": 44.605000000000004, "Volume": 1935750.5, "P/E": 40.36162009389282, "EV": 13133252162.31, "EBITDA": 1517550000.0, "EV/EBITDA": 9.90695797542924, "P/B": 2.5107087822218777, "ROA": 0.022079300395172995, "CFROA": 0.0635561215197382, "MACD": 0.16577889643467714, "RSI": 56.14960643883003, "R&D": 116417500.0}, "Information Technology": {"Price": 30.71, "Volume": 3175651.809, "P/E": 18.126760430428064, "EV": 15114318611.015, "EBITDA": 708000000.0, "EV/EBITDA": 9.998625994968027, "P/B": 2.974186516768345, "ROA": 0.03995409511158313, "CFROA": 0.1028205990279962, "MACD": 0.10287309090301733, "RSI": 54.4123458531002, "R&D": 312000000.0}, "Consumer Staples": {"Price": 40.435, "Volume": 3162334.0, "P/E": 55.687458335630254, "EV": 25428569592.25, "EBITDA": 1855900000.0, "EV/EBITDA": 10.552166350027608, "P/B": 2.98012975790073, "ROA": 0.022480210951722777, "CFROA": 0.04389970272433089, "MACD": 0.10928529175573232, "RSI": 55.56950051836791, "R&D": 59050000.0}, "Consumer Discretionary": {"Price": 36.88, "Volume": 3385193.0, "P/E": 35.89692481967213, "EV": 11751787500.0, "EBITDA": 716800000, "EV/EBITDA": 14.596334786697682, "P/B": 2.6335253220328965, "ROA": 0.027606799105325954, "CFROA": 0.10129160743136535, "MACD": 0.3407935918882501, "RSI": 58.441915443239566, "R&D": 0}, "Financials": {"Price": 34.39, "Volume": 2664970.0, "P/E": 35.55723469086716, "EV": 16212198611.3, "EBITDA": 1107000000, "EV/EBITDA": 11.611576610438208, "P/B": 1.0600804942909614, "ROA": 0.009474824038982133, "CFROA": 0.008737882640867287, "MACD": 0.08199519157500035, "RSI": 55.462776455431644, "R&D": 0}, "Materials": {"Price": 48.05, "Volume": 1743240.0, "P/E": 55.80416460578817, "EV": 8064033163.360001, "EBITDA": 636900000, "EV/EBITDA": 12.426521944892553, "P/B": 2.648807410589922, "ROA": 0.015018773466833541, "CFROA": 0.052994059854430405, "MACD": 0.49111329766959955, "RSI": 54.52796399159825, "R&D": 92400000}, "Utilities": {"Price": 33, "Volume": 2252313.0, "P/E": 44.23283333333333, "EV": 17605436593.4, "EBITDA": 1217500000, "EV/EBITDA": 14.591876362112219, "P/B": 1.3787394763687741, "ROA": 0.005767234418855012, "CFROA": 0.05990364704390821, "MACD": 0.266620906245258, "RSI": 67.10523530842445, "R&D": 0}, "Real Estate": {"Price": 67.7058, "Volume": 1572617.0, "P/E": 153.37021172083175, "EV": 17549997414.5, "EBITDA": 654837000, "EV/EBITDA": 31.301877147014856, "P/B": 3.8982225722564974, "ROA": 0.007318032786885246, "CFROA": 0.06331500106241869, "MACD": 0.9409251366928757, "RSI": 66.49880062236929, "R&D": 0}, "Communication Services": {"Price": 28.474899999999998, "Volume": 11758991.5, "P/E": 21.334113132165335, "EV": 50416225160.0, "EBITDA": 5455526500.0, "EV/EBITDA": 11.965368174342615, "P/B": 1.3690420935554588, "ROA": 0.01070744254443622, "CFROA": 0.05761445716491352, "MACD": 0.21936226569702644, "RSI": 65.35128095828843, "R&D": 0.0}, "Energy": {"Price": 55.615, "Volume": 6516416.0, "P/E": 13.715407001140111, "EV": 28192203786.18, "EBITDA": 5277000000, "EV/EBITDA": 5.6519196516732295, "P/B": 1.7634094528274373, "ROA": 0.07241212614089651, "CFROA": 0.12168851164089083, "MACD": -0.02592004410378479, "RSI": 59.44344441104926, "R&D": 0}}