{"Industrials": {"Price": 75.255, "Volume": 1764764.2820000001, "P/E": 68.32812343582772, "EV": 16571071678.710001, "EBITDA": 949000000.0, "EV/EBITDA": 18.65790609157761, "P/B": 4.158734308093921, "ROA": 0.023175306828340243, "CFROA": 0.055762052018877614, "MACD": 0.043437900780217475, "RSI": 49.835347774027525, "R&D": 28501000.0}, "Health Care": {"Price": 78.45, "Volume": 1905349.5, "P/E": 85.34665918562287, "EV": 25285753553.045, "EBITDA": 963058500.0, "EV/EBITDA": 17.277471928909442, "P/B": 3.998471034802048, "ROA": 0.018272180381331708, "CFROA": 0.04537430411745316, "MACD": 0.008925827022341792, "RSI": 47.125163285485925, "R&D": 202331500.0}, "Information Technology": {"Price": 56.325, "Volume": 2185596.5, "P/E": 29.66586018047125, "EV": 12404027045.185001, "EBITDA": 510628500.0, "EV/EBITDA": 14.8264316922126, "P/B": 3.857843658357549, "ROA": 0.03201094669039059, "CFROA": 0.05866073399582347, "MACD": 0.16304753888480406, "RSI": 53.093933343637374, "R&D": 311517500.0}, "Communication Services": {"Price": 33.85, "Volume": 2815737.0, "P/E": 39.1878, "EV": 21048198989.0, "EBITDA": 873800000, "EV/EBITDA": 18.63679020246166, "P/B": 4.093580606752352, "ROA": 0.011814527882985853, "CFROA": 0.03539280085610913, "MACD": 0.1013838664049409, "RSI": 52.04331854317396, "R&D": 0}, "Consumer Staples": {"Price": 63.89, "Volume": 2226149.0, "P/E": 51.0609191395892, "EV": 31679774000.0, "EBITDA": 2120000000, "EV/EBITDA": 14.197444412779763, "P/B": 4.140019928262411, "ROA": 0.024378270644949095, "CFROA": 0.0524283283152245, "MACD": -0.2826995046894112, "RSI": 45.78704064171906, "R&D": 79000000}, "Consumer Discretionary": {"Price": 67.8437, "Volume": 2536417.0, "P/E": 58.24280587134137, "EV": 16756589578.39, "EBITDA": 841000000, "EV/EBITDA": 21.221977636295403, "P/B": 3.9039903128543103, "ROA": 0.028696285506190824, "CFROA": 0.07426822059208313, "MACD": -0.3496708642425972, "RSI": 43.842676461123396, "R&D": 0}, "Financials": {"Price": 47.63, "Volume": 1862766.5, "P/E": 40.020828661159655, "EV": 23864726150.075, "EBITDA": 1283500000.0, "EV/EBITDA": 12.33408807065357, "P/B": 1.3136977126681533, "ROA": 0.005942207764665169, "CFROA": 0.008208749225257283, "MACD": 0.06375642828007422, "RSI": 51.51842604343447, "R&D": 0.0}, "Materials": {"Price": 67.17, "Volume": 1859783.0, "P/E": 71.68077127447108, "EV": 13533158987.83, "EBITDA": 1048000000, "EV/EBITDA": 14.588460614897128, "P/B": 4.253441986858182, "ROA": 0.014324501451174984, "CFROA": 0.06663357224966536, "MACD": 0.13927148257472055, "RSI": 59.65192433683966, "R&D": 88310000}, "Real Estate": {"Price": 83.17, "Volume": 1601976.0, "P/E": 54.893297449031614, "EV": 22774025703.85, "EBITDA": 990957000, "EV/EBITDA": 25.560571922541296, "P/B": 3.1713772689384445, "ROA": 0.02230684354073239, "CFROA": 0.06639070790419224, "MACD": -0.5854933547733268, "RSI": 40.42849703069423, "R&D": 0}, "Utilities": {"Price": 48.89, "Volume": 2282828.0, "P/E": 69.35640461024151, "EV": 27139003088.309998, "EBITDA": 1687000000, "EV/EBITDA": 16.67881531703511, "P/B": 1.5444786332799258, "ROA": 0.006201163824131455, "CFROA": 0.03799215859517367, "MACD": -0.01899635438915226, "RSI": 46.99968669883168, "R&D": 0}, "Energy": {"Price": 78.14, "Volume": 4814089.0, "P/E": 19.949570001148423, "EV": 38581713310.61, "EBITDA": 5855846500.0, "EV/EBITDA": 9.637942431453759, "P/B": 2.351099415775435, "ROA": 0.04208133328926894, "CFROA": 0.0895992288308964, "MACD": 1.090480438282107, "RSI": 57.84522895242677, "R&D": 0.0}}