{"Industrials": {"Price": 103.14, "Volume": 1321261.0, "P/E": 56.47591503357764, "EV": 24131044200.05, "EBITDA": 1247181000, "EV/EBITDA": 21.499399314446215, "P/B": 4.072617357954878, "ROA": 0.023535034184479556, "CFROA": 0.056464229839283175, "MACD": 1.2751407093618, "RSI": 58.3112202741226, "R&D": 54700000}, "Health Care": {"Price": 141.535, "Volume": 1469931.0, "P/E": 84.55311931706096, "EV": 32601268479.965004, "EBITDA": 1464000000.0, "EV/EBITDA": 23.80101583472357, "P/B": 4.919667955716582, "ROA": 0.02390112377273958, "CFROA": 0.053286533272340134, "MACD": 2.33968957569828, "RSI": 60.299833594482664, "R&D": 196023000.0}, "Information Technology": {"Price": 112.98, "Volume": 2080036.0, "P/E": 85.48747295371179, "EV": 27589448863.84, "EBITDA": 989592000, "EV/EBITDA": 40.351991162846815, "P/B": 6.058218870963483, "ROA": 0.029466968702325368, "CFROA": 0.06248872626072616, "MACD": 1.6546712330681714, "RSI": 58.195663078414064, "R&D": 469700000}, "Communication Services": {"Price": 55.47, "Volume": 3630020.5, "P/E": 64.46497682887572, "EV": 32769336651.600002, "EBITDA": 835450000.0, "EV/EBITDA": 16.470470826332203, "P/B": 3.4744916441959983, "ROA": 0.013679094518130416, "CFROA": 0.05775843793645454, "MACD": 0.5506728591378369, "RSI": 60.76355467444101, "R&D": 0.0}, "Consumer Staples": {"Price": 69.35, "Volume": 2672719.0, "P/E": 60.98419400187441, "EV": 40328254454.399994, "EBITDA": 1887496000, "EV/EBITDA": 16.51961284496021, "P/B": 6.904762012898968, "ROA": 0.019073435189748644, "CFROA": 0.04387141602570908, "MACD": 0.9383734023407797, "RSI": 60.71747038004521, "R&D": 67300000}, "Consumer Discretionary": {"Price": 81.74, "Volume": 2627162.0, "P/E": 53.12904973832196, "EV": 18734875499.745, "EBITDA": 1056866000.0, "EV/EBITDA": 17.52165260987053, "P/B": 3.32780596644567, "ROA": 0.02865125694143223, "CFROA": 0.07588356128953822, "MACD": 0.9353999955689147, "RSI": 53.5976095095398, "R&D": 0.0}, "Utilities": {"Price": 68.76, "Volume": 2123691.0, "P/E": 66.71612101808722, "EV": 38079242090.240005, "EBITDA": 1832000000, "EV/EBITDA": 21.031930940297972, "P/B": 2.070128208329031, "ROA": 0.006375053722362829, "CFROA": 0.04586214121097842, "MACD": 0.9156418617838398, "RSI": 56.539175887034816, "R&D": 0}, "Financials": {"Price": 63.96000000000001, "Volume": 1914593.5, "P/E": 27.442578677082736, "EV": 29556122766.0, "EBITDA": 1636900000.0, "EV/EBITDA": 11.684604047494355, "P/B": 1.1275040195939936, "ROA": 0.009338216050412476, "CFROA": 0.016073664142057093, "MACD": 0.31867902488582445, "RSI": 51.59552188903884, "R&D": 0.0}, "Materials": {"Price": 79.25, "Volume": 1627568.0, "P/E": 75.80525063174909, "EV": 17099050212.75, "EBITDA": 1472594500.0, "EV/EBITDA": 12.662104051978483, "P/B": 2.382767083244816, "ROA": 0.012689327160590493, "CFROA": 0.057551149066741844, "MACD": 0.507152453391079, "RSI": 53.450770972560726, "R&D": 69950000.0}, "Real Estate": {"Price": 75.67, "Volume": 1872794.0, "P/E": 94.99576304039084, "EV": 20471119576.01, "EBITDA": 964862000, "EV/EBITDA": 21.79835705712331, "P/B": 2.2579112175206415, "ROA": 0.01314670479608239, "CFROA": 0.05644400645985634, "MACD": 0.27712093005860083, "RSI": 50.70725467522967, "R&D": 0}, "Energy": {"Price": 28.12, "Volume": 6804345.0, "P/E": 9.098034860901606, "EV": 28365364462.66, "EBITDA": 3033000000, "EV/EBITDA": 8.144381610990216, "P/B": 1.0121251416162913, "ROA": 0.012534059945504087, "CFROA": 0.07313694986379363, "MACD": -0.24582349785202062, "RSI": 46.92174898685244, "R&D": 0}}