{"Industrials": {"Price": 135.135, "Volume": 1302508.0, "P/E": 24.32977800891203, "EV": 36423956312.5, "EBITDA": 1981572000.0, "EV/EBITDA": 15.268414462040084, "P/B": 4.314891597676457, "ROA": 0.0716987261464094, "CFROA": 0.12519786889808943, "MACD": 0.02310173816161054, "RSI": 49.56829678691035, "R&D": 68765500.0}, "Health Care": {"Price": 178.04500000000002, "Volume": 1338625.5, "P/E": 23.191624855016027, "EV": 42883973262.399994, "EBITDA": 2596400000.0, "EV/EBITDA": 15.471339874989773, "P/B": 3.820723534463848, "ROA": 0.06370832070985541, "CFROA": 0.09052019314724719, "MACD": -1.7460936049216045, "RSI": 38.778049707454244, "R&D": 270144500.0}, "Information Technology": {"Price": 138.56, "Volume": 1700671.0, "P/E": 25.529756475779863, "EV": 42172929527.36, "EBITDA": 2302606000, "EV/EBITDA": 17.427621868297084, "P/B": 5.872273750631344, "ROA": 0.07935430105867465, "CFROA": 0.12704411983924221, "MACD": -0.15325646166633078, "RSI": 44.7146766634292, "R&D": 623636000}, "Communication Services": {"Price": 41.62, "Volume": 4353831.0, "P/E": 16.180497592295346, "EV": 28524052928.05, "EBITDA": 1776000000, "EV/EBITDA": 9.849756097560975, "P/B": 1.8946970657563575, "ROA": 0.03617676093142094, "CFROA": 0.09073988223327775, "MACD": -0.4774676620265481, "RSI": 37.70584635469027, "R&D": 0}, "Consumer Staples": {"Price": 74.03, "Volume": 2630314.5, "P/E": 26.586190989799526, "EV": 48111662324.935, "EBITDA": 3406000000.0, "EV/EBITDA": 17.75868030300924, "P/B": 4.648838140914339, "ROA": 0.05390118627147783, "CFROA": 0.09757104273182002, "MACD": -0.3715480711850603, "RSI": 38.85418188345998, "R&D": 76000000.0}, "Consumer Discretionary": {"Price": 111.445, "Volume": 2316071.0, "P/E": 17.34051121800895, "EV": 27532822790.425, "EBITDA": 1946723500.0, "EV/EBITDA": 13.580387908466214, "P/B": 3.1293267769802684, "ROA": 0.08601790764079285, "CFROA": 0.12208835520184452, "MACD": -0.23449366203096744, "RSI": 42.73463014787096, "R&D": 0.0}, "Utilities": {"Price": 63.93000000000001, "Volume": 2914373.5, "P/E": 19.738050140048543, "EV": 38470351429.41, "EBITDA": 3131400000.0, "EV/EBITDA": 12.041199280919946, "P/B": 1.8598606194534595, "ROA": 0.02539310534366216, "CFROA": 0.059780973901234366, "MACD": -0.9780553549190252, "RSI": 29.745807788013714, "R&D": 0.0}, "Financials": {"Price": 100.42500000000001, "Volume": 2068160.5, "P/E": 15.190146740029167, "EV": 40422601508.5, "EBITDA": 4185000000.0, "EV/EBITDA": 9.182748557507944, "P/B": 1.8938155180371192, "ROA": 0.01580844656546201, "CFROA": 0.027346290193475422, "MACD": -0.18863532483636725, "RSI": 44.451193963218095, "R&D": 0.0}, "Materials": {"Price": 97.48, "Volume": 1805094.0, "P/E": 13.735170490511274, "EV": 27645691969.8, "EBITDA": 2596000000, "EV/EBITDA": 9.538942974337221, "P/B": 3.300272038378539, "ROA": 0.05781133283534308, "CFROA": 0.08840260339261005, "MACD": -0.06860077310700063, "RSI": 48.79358822031931, "R&D": 102500000}, "Real Estate": {"Price": 106.63, "Volume": 1709623.0, "P/E": 30.26376146174735, "EV": 30512428562.96, "EBITDA": 1767050000, "EV/EBITDA": 18.74857193277832, "P/B": 2.1584103600334914, "ROA": 0.0349946112089279, "CFROA": 0.06708894152937137, "MACD": -0.2472536874985991, "RSI": 40.41787011692839, "R&D": 0}, "Energy": {"Price": 71.225, "Volume": 5553450.5, "P/E": 6.854121545360963, "EV": 50076968201.715004, "EBITDA": 7001000000.0, "EV/EBITDA": 4.192187460132396, "P/B": 2.2543270820602483, "ROA": 0.14762170084388881, "CFROA": 0.15727898134344198, "MACD": -0.42189947628502544, "RSI": 45.83056755958398, "R&D": 0.0}}