{"Industrials": {"Price": 62.32, "Volume": 1748460.0, "P/E": 62.0802581196875, "EV": 13838217809.119999, "EBITDA": 955000000, "EV/EBITDA": 17.372435886495637, "P/B": 3.8591052334313196, "ROA": 0.021533516150737012, "CFROA": 0.054593410968448296, "MACD": -0.7428360092082542, "RSI": 42.96423751575577, "R&D": 31494000}, "Health Care": {"Price": 77.09, "Volume": 2008856.0, "P/E": 74.74468801076819, "EV": 20855687539.190002, "EBITDA": 891117000, "EV/EBITDA": 14.448536806544118, "P/B": 3.713988601392935, "ROA": 0.018751177382660234, "CFROA": 0.05191024323398424, "MACD": -1.6330691656123903, "RSI": 37.23639426465474, "R&D": 188300000}, "Information Technology": {"Price": 46.4, "Volume": 3222908.0, "P/E": 22.736489025806208, "EV": 11053061733.44, "EBITDA": 540224000, "EV/EBITDA": 12.567727726248089, "P/B": 3.413885610836599, "ROA": 0.03652103399341785, "CFROA": 0.06011255969571668, "MACD": -0.39111692735179915, "RSI": 46.77289260771963, "R&D": 366600000}, "Communication Services": {"Price": 35.515, "Volume": 4014555.5, "P/E": 27.551033447974504, "EV": 30371934938.4, "EBITDA": 1243318000.0, "EV/EBITDA": 17.357634343095526, "P/B": 3.740851896655423, "ROA": 0.006798655394725765, "CFROA": 0.030931086883289532, "MACD": -0.27847184503473876, "RSI": 46.12874297533459, "R&D": 0.0}, "Consumer Staples": {"Price": 63.995, "Volume": 3648176.0, "P/E": 76.98210832549549, "EV": 30249447349.1, "EBITDA": 1823500000.0, "EV/EBITDA": 16.62021423003587, "P/B": 4.755194180181373, "ROA": 0.02271827025616888, "CFROA": 0.05189944334542951, "MACD": -0.06561577090722892, "RSI": 51.64567669926362, "R&D": 70500000.0}, "Consumer Discretionary": {"Price": 67.44, "Volume": 3182501.0, "P/E": 56.49859923272898, "EV": 15744757020.15, "EBITDA": 841000000, "EV/EBITDA": 19.29119538613508, "P/B": 3.7140309997514462, "ROA": 0.028696285506190824, "CFROA": 0.0748210517537644, "MACD": -0.3891754850839604, "RSI": 45.19320282644337, "R&D": 0}, "Financials": {"Price": 46.349000000000004, "Volume": 2901929.0, "P/E": 34.76588560802424, "EV": 23353776681.91, "EBITDA": 1283500000.0, "EV/EBITDA": 11.121108506838837, "P/B": 1.1789576530884562, "ROA": 0.005942207764665169, "CFROA": 0.008208749225257283, "MACD": -0.8144962194910939, "RSI": 41.94240218572498, "R&D": 0.0}, "Materials": {"Price": 60.08, "Volume": 2256146.0, "P/E": 59.025745317254895, "EV": 12144895988.8, "EBITDA": 1048000000, "EV/EBITDA": 13.329437945112446, "P/B": 3.170307415884653, "ROA": 0.014324501451174984, "CFROA": 0.07149107226325138, "MACD": -1.665817034946791, "RSI": 41.105564126890776, "R&D": 88310000}, "Real Estate": {"Price": 79.59, "Volume": 1291644.0, "P/E": 43.66185156839609, "EV": 20578843053.86, "EBITDA": 990957000, "EV/EBITDA": 23.596667161368497, "P/B": 3.3054691693737546, "ROA": 0.02230684354073239, "CFROA": 0.06639070790419224, "MACD": 0.01772373842086239, "RSI": 54.99360888659521, "R&D": 0}, "Utilities": {"Price": 49.92, "Volume": 2875460.0, "P/E": 70.81758474418605, "EV": 24842469690.09, "EBITDA": 1687000000, "EV/EBITDA": 15.563965867880363, "P/B": 1.5871610277227755, "ROA": 0.006201163824131455, "CFROA": 0.03799215859517367, "MACD": 0.20839912084022671, "RSI": 56.213037925174, "R&D": 0}, "Energy": {"Price": 62.24, "Volume": 5624705.0, "P/E": 16.400882003007517, "EV": 34711650779.520004, "EBITDA": 6488000000, "EV/EBITDA": 7.340145870853883, "P/B": 1.7813104496009726, "ROA": 0.04235343848685028, "CFROA": 0.10414082777893435, "MACD": -0.849485084080726, "RSI": 45.229413200463576, "R&D": 0}}