{"Industrials": {"Price": 111.42, "Volume": 1164943.0, "P/E": 68.03228382402756, "EV": 25840190221.5424, "EBITDA": 1247181000, "EV/EBITDA": 23.061101350815584, "P/B": 4.224845543479419, "ROA": 0.022814561339869942, "CFROA": 0.05904587715287304, "MACD": 1.5435577095229007, "RSI": 63.835466760753036, "R&D": 54700000}, "Health Care": {"Price": 143.89, "Volume": 1295837.0, "P/E": 69.35707829403998, "EV": 33193425982.690002, "EBITDA": 1302050000.0, "EV/EBITDA": 21.939167862378973, "P/B": 4.985127594509174, "ROA": 0.02472819875594398, "CFROA": 0.050384214929068, "MACD": 0.8469824845606055, "RSI": 53.8125293790205, "R&D": 202328000.0}, "Information Technology": {"Price": 122.01, "Volume": 2090576.0, "P/E": 86.60909254315733, "EV": 30357947591.920002, "EBITDA": 1021262000, "EV/EBITDA": 34.920943140334, "P/B": 6.781597264264129, "ROA": 0.033207260646072025, "CFROA": 0.062188525726965926, "MACD": 1.0843081566306836, "RSI": 61.04027429720068, "R&D": 469700000}, "Communication Services": {"Price": 58.18, "Volume": 2760403.5, "P/E": 65.85526167667382, "EV": 32328152729.899998, "EBITDA": 829950000.0, "EV/EBITDA": 26.801263536690705, "P/B": 3.6868073911275685, "ROA": 0.013679094518130416, "CFROA": 0.03778415691188657, "MACD": 0.6419297215119251, "RSI": 62.93827080801064, "R&D": 0.0}, "Consumer Staples": {"Price": 69.24, "Volume": 2580891.0, "P/E": 61.52301093763784, "EV": 40394370675.8, "EBITDA": 2108000000, "EV/EBITDA": 18.03910515245028, "P/B": 7.328116794670421, "ROA": 0.019073435189748644, "CFROA": 0.04217841301133563, "MACD": 0.962779599098667, "RSI": 56.23498954280722, "R&D": 67300000}, "Consumer Discretionary": {"Price": 92.805, "Volume": 2409093.5, "P/E": 59.57989241119073, "EV": 22281500700.67, "EBITDA": 1042366000.0, "EV/EBITDA": 20.084298679010374, "P/B": 3.7124744473960307, "ROA": 0.02865125694143223, "CFROA": 0.07919500179098707, "MACD": 2.255908272218683, "RSI": 60.470627610158246, "R&D": 0.0}, "Utilities": {"Price": 68.55, "Volume": 2124415.0, "P/E": 64.63150177552032, "EV": 37350718035.22, "EBITDA": 1832000000, "EV/EBITDA": 20.212165003749238, "P/B": 1.9588364133016167, "ROA": 0.006375053722362829, "CFROA": 0.04586214121097842, "MACD": -0.40194315056810126, "RSI": 42.24469431788758, "R&D": 0}, "Financials": {"Price": 68.28999999999999, "Volume": 1625386.5, "P/E": 27.349227436818687, "EV": 30301747247.225, "EBITDA": 1636900000.0, "EV/EBITDA": 11.989329082903595, "P/B": 1.130313814291833, "ROA": 0.009338216050412476, "CFROA": 0.016073664142057093, "MACD": 0.35794386688052526, "RSI": 51.66695731785661, "R&D": 0.0}, "Materials": {"Price": 87.0, "Volume": 1562782.5, "P/E": 80.83518581133458, "EV": 17657756259.524998, "EBITDA": 1472594500.0, "EV/EBITDA": 14.416902803415358, "P/B": 2.5579599126227066, "ROA": 0.012689327160590493, "CFROA": 0.057551149066741844, "MACD": 0.6105557467067779, "RSI": 59.48761163514677, "R&D": 69950000.0}, "Real Estate": {"Price": 79.53, "Volume": 1167560.0, "P/E": 94.02641851957053, "EV": 21485346449.45, "EBITDA": 964862000, "EV/EBITDA": 22.259414523954334, "P/B": 2.3048543003776523, "ROA": 0.01314670479608239, "CFROA": 0.05644400645985634, "MACD": 0.24407859880620464, "RSI": 54.55163197292178, "R&D": 0}, "Energy": {"Price": 27.15, "Volume": 5142123.0, "P/E": 8.784197954248883, "EV": 27775919001.22, "EBITDA": 3033000000, "EV/EBITDA": 7.678496331420743, "P/B": 0.9850900794028344, "ROA": 0.012534059945504087, "CFROA": 0.07313694986379363, "MACD": -0.503727494885652, "RSI": 42.16221331501855, "R&D": 0}}