{"Industrials": {"Price": 154.575, "Volume": 1427420.0, "P/E": 41.65160889441525, "EV": 32711438041.975, "EBITDA": 1214919000.0, "EV/EBITDA": 23.01860528891501, "P/B": 5.4398099415120065, "ROA": 0.035336471510020395, "CFROA": 0.041039742976944224, "MACD": -1.838762886950036, "RSI": 42.886700730387474, "R&D": 51650000.0}, "Health Care": {"Price": 198.87, "Volume": 1853844.0, "P/E": 35.94677837956905, "EV": 43888172400.91, "EBITDA": 1668000000, "EV/EBITDA": 20.998133049304347, "P/B": 5.726936764237613, "ROA": 0.04778215434941959, "CFROA": 0.05931772712944915, "MACD": -3.9864435741517354, "RSI": 46.004381548585414, "R&D": 226598000}, "Information Technology": {"Price": 153.33, "Volume": 2107197.0, "P/E": 52.500618860510805, "EV": 41480732140.0, "EBITDA": 1652700000, "EV/EBITDA": 27.80602370625385, "P/B": 7.1421075672153735, "ROA": 0.06082066357692929, "CFROA": 0.08519667743620912, "MACD": -4.075631905564862, "RSI": 46.1262120313812, "R&D": 570395000}, "Communication Services": {"Price": 79.06, "Volume": 3589789.0, "P/E": 31.472795928668706, "EV": 32944589829.010002, "EBITDA": 1821400000, "EV/EBITDA": 12.411850691026288, "P/B": 2.965829592746943, "ROA": 0.019908421944204054, "CFROA": 0.0385236396497736, "MACD": -0.41686849687839356, "RSI": 49.27212358488447, "R&D": 0}, "Consumer Staples": {"Price": 75.53, "Volume": 2791260.0, "P/E": 39.763741913043475, "EV": 49398015009.22, "EBITDA": 2528700000, "EV/EBITDA": 20.875017886684358, "P/B": 6.089543640897755, "ROA": 0.04409237978355461, "CFROA": 0.0637463780467019, "MACD": 0.40510725792329083, "RSI": 50.62179068205118, "R&D": 84000000}, "Consumer Discretionary": {"Price": 134.26, "Volume": 2472504.0, "P/E": 29.18225745385264, "EV": 30663268254.015, "EBITDA": 1083573000.0, "EV/EBITDA": 25.109421698947834, "P/B": 4.337968153666697, "ROA": 0.02463740019733797, "CFROA": 0.010605932254495163, "MACD": -2.230879284041656, "RSI": 47.54834521113888, "R&D": 0.0}, "Financials": {"Price": 105.425, "Volume": 2500729.5, "P/E": 35.4036533093214, "EV": 46594198471.035, "EBITDA": 2595000000.0, "EV/EBITDA": 17.984847969871968, "P/B": 1.485305000573378, "ROA": 0.008368133303946543, "CFROA": 0.005089880997480423, "MACD": 0.027088280488065664, "RSI": 53.029494794167505, "R&D": 0.0}, "Materials": {"Price": 107.46, "Volume": 2213990.0, "P/E": 64.52435328061424, "EV": 27460120408.8, "EBITDA": 1515000000, "EV/EBITDA": 18.375820503694452, "P/B": 4.172150733626897, "ROA": 0.021256131036627893, "CFROA": 0.04779907294782866, "MACD": -0.7349213885671517, "RSI": 49.394035423207605, "R&D": 93500000}, "Real Estate": {"Price": 120.98, "Volume": 1209728.0, "P/E": 69.72804009225798, "EV": 31328603610.059998, "EBITDA": 1347562500.0, "EV/EBITDA": 26.584177859368626, "P/B": 3.518894256201084, "ROA": 0.023511689986470047, "CFROA": 0.05842315617301537, "MACD": -1.2127985282641447, "RSI": 45.190674278177326, "R&D": 0.0}, "Utilities": {"Price": 68.49, "Volume": 3036261.0, "P/E": 25.30373277873432, "EV": 42047306435.76, "EBITDA": 2421000000, "EV/EBITDA": 13.85817784151808, "P/B": 2.0938105653866366, "ROA": 0.017505366086334368, "CFROA": 0.0425974025974026, "MACD": 0.23535487708177527, "RSI": 51.87269511014751, "R&D": 0}, "Energy": {"Price": 61.87, "Volume": 8735101.0, "P/E": -8.438364341018474, "EV": 50419630381.6, "EBITDA": 1117325000, "EV/EBITDA": 17.798888050849143, "P/B": 3.253279586928053, "ROA": -0.018823791490309646, "CFROA": 0.009826785916449678, "MACD": 1.8640786337318929, "RSI": 68.55220721135017, "R&D": 0}}