{"Industrials": {"Price": 57.394999999999996, "Volume": 1711580.0, "P/E": 58.704526420731206, "EV": 12288193070.31, "EBITDA": 781850000.0, "EV/EBITDA": 14.48644794436477, "P/B": 3.0768838232486777, "ROA": 0.019368333945316677, "CFROA": 0.04619511271527979, "MACD": 0.4579824033137143, "RSI": 51.74545298327841, "R&D": 22249500.0}, "Health Care": {"Price": 52.68, "Volume": 1734912.0, "P/E": 63.169401931513, "EV": 14073319185.269999, "EBITDA": 1253300000, "EV/EBITDA": 12.496363200646972, "P/B": 2.579979240421204, "ROA": 0.02044525215810995, "CFROA": 0.04033848417954378, "MACD": 0.3772685144801997, "RSI": 51.49754303916189, "R&D": 132639000}, "Information Technology": {"Price": 40.42, "Volume": 2521401.5, "P/E": 21.733740347957283, "EV": 11626944084.895, "EBITDA": 461289000.0, "EV/EBITDA": 14.174395658376156, "P/B": 2.542954556516497, "ROA": 0.034368589952298134, "CFROA": 0.06681927247417663, "MACD": 0.3831240659398114, "RSI": 57.264624587688786, "R&D": 448748000.0}, "Consumer Staples": {"Price": 49.59, "Volume": 4101969.0, "P/E": 51.765706630074256, "EV": 26513045125.0, "EBITDA": 1857000000, "EV/EBITDA": 13.563482820124449, "P/B": 3.3403132734560788, "ROA": 0.02745682223768186, "CFROA": 0.08580079852086069, "MACD": -0.13064962047109674, "RSI": 40.40401775683101, "R&D": 57800000}, "Financials": {"Price": 39.98055, "Volume": 2428620.5, "P/E": 28.050627272145903, "EV": 17417281422.02, "EBITDA": 1171800000.0, "EV/EBITDA": 15.421543611932105, "P/B": 1.2604878711462835, "ROA": 0.0070649120633925425, "CFROA": 0.005684221840086489, "MACD": 0.5740197533138875, "RSI": 55.181209835896894, "R&D": 0.0}, "Materials": {"Price": 57.095, "Volume": 1373312.0, "P/E": 70.19797966020376, "EV": 9344554285.955, "EBITDA": 780992500.0, "EV/EBITDA": 13.80099030909228, "P/B": 3.1998137550107835, "ROA": 0.012160185155477506, "CFROA": 0.036919083075022625, "MACD": 0.6820981235484673, "RSI": 52.92587293900144, "R&D": 91459500.0}, "Real Estate": {"Price": 75.26, "Volume": 1718376.0, "P/E": 56.797349261453476, "EV": 14677600798.900002, "EBITDA": 580675000, "EV/EBITDA": 24.56793039548346, "P/B": 3.5406668413604767, "ROA": 0.012059338410046047, "CFROA": 0.04757007570330418, "MACD": -0.4828960637680382, "RSI": 33.11713479636441, "R&D": 0}, "Utilities": {"Price": 39.735, "Volume": 3514181.5, "P/E": 22.51531934785688, "EV": 24246343557.420002, "EBITDA": 1272549500.0, "EV/EBITDA": 16.063465416874685, "P/B": 1.4512006901878252, "ROA": 0.006395835018275873, "CFROA": 0.04098475899793741, "MACD": -0.46973143509272575, "RSI": 34.35892208279552, "R&D": 0.0}, "Consumer Discretionary": {"Price": 44.81, "Volume": 2546780.0, "P/E": 38.41781189636964, "EV": 12326749983.300001, "EBITDA": 764500000, "EV/EBITDA": 13.863274248306553, "P/B": 3.4864829600283787, "ROA": 0.030124240906073838, "CFROA": 0.08097066502841345, "MACD": 0.36217423324609044, "RSI": 51.02030923758532, "R&D": 0}, "Communication Services": {"Price": 22.99, "Volume": 3861696.0, "P/E": 21.54044519647059, "EV": 17949109628.0, "EBITDA": 830700000, "EV/EBITDA": 17.63090248666393, "P/B": 2.540508724802082, "ROA": 0.011700321434177341, "CFROA": 0.0095979705171575, "MACD": 0.11659516841629447, "RSI": 46.757320915267734, "R&D": 0}, "Energy": {"Price": 63.97, "Volume": 5387992.0, "P/E": 17.722174020446264, "EV": 30372300000.0, "EBITDA": 5787000000, "EV/EBITDA": 7.229230657971315, "P/B": 1.897638781320222, "ROA": 0.03531056028281333, "CFROA": 0.11703251173899622, "MACD": 0.49526340598773544, "RSI": 51.03481869710485, "R&D": 0}}