{"Industrials": {"Price": 165.7, "Volume": 1097035.0, "P/E": 49.125035580391916, "EV": 33875492918.305, "EBITDA": 1214919000.0, "EV/EBITDA": 24.908950273459887, "P/B": 5.71818434508495, "ROA": 0.033177509307556, "CFROA": 0.030759042039087654, "MACD": 0.34269510476519294, "RSI": 51.43786412227871, "R&D": 51650000.0}, "Health Care": {"Price": 226.69, "Volume": 1382110.0, "P/E": 39.05544191285951, "EV": 48554084714.56, "EBITDA": 1668000000, "EV/EBITDA": 21.169381690760964, "P/B": 6.1615868694306535, "ROA": 0.04778215434941959, "CFROA": 0.05931772712944915, "MACD": 2.6855248854052434, "RSI": 58.33088519689588, "R&D": 226598000}, "Information Technology": {"Price": 179.05, "Volume": 1622224.0, "P/E": 58.66045081827562, "EV": 42802303378.28999, "EBITDA": 1529721000.0, "EV/EBITDA": 31.963347029871123, "P/B": 8.996939314707214, "ROA": 0.06111876755866419, "CFROA": 0.08227368911881276, "MACD": 1.7162619907314394, "RSI": 57.77393744765902, "R&D": 571697500.0}, "Communication Services": {"Price": 67.42, "Volume": 2835348.0, "P/E": 40.7376, "EV": 38899625237.46999, "EBITDA": 2931000000, "EV/EBITDA": 17.200946769141872, "P/B": 2.569497913045404, "ROA": 0.01967682308747242, "CFROA": 0.0385236396497736, "MACD": 0.06480061354136524, "RSI": 56.69445703066858, "R&D": 0}, "Consumer Staples": {"Price": 67.89, "Volume": 2775033.0, "P/E": 46.740257739130435, "EV": 48009918794.200005, "EBITDA": 2528700000, "EV/EBITDA": 20.993480573867505, "P/B": 6.504172079162527, "ROA": 0.04064070351758794, "CFROA": 0.061608836327122614, "MACD": 1.1857532489188571, "RSI": 64.77761624632306, "R&D": 69000000}, "Consumer Discretionary": {"Price": 137.93, "Volume": 2048281.0, "P/E": 32.59804634105684, "EV": 33780627843.839996, "EBITDA": 1167158000, "EV/EBITDA": 25.40676215630025, "P/B": 4.748534095856838, "ROA": 0.02485219597207151, "CFROA": 0.007611515142217601, "MACD": 0.7069430538982857, "RSI": 56.306145200338946, "R&D": 0}, "Financials": {"Price": 98.47, "Volume": 1858310.0, "P/E": 35.07809573557132, "EV": 45774372995.55, "EBITDA": 2595000000.0, "EV/EBITDA": 16.717849208449735, "P/B": 1.4743089584606333, "ROA": 0.008368133303946543, "CFROA": 0.005089880997480423, "MACD": 0.3145080516174126, "RSI": 55.249030036031684, "R&D": 0.0}, "Materials": {"Price": 110.15, "Volume": 1484153.0, "P/E": 69.939617225526, "EV": 29763017092.75, "EBITDA": 1515000000, "EV/EBITDA": 19.06306259178394, "P/B": 3.932115296349691, "ROA": 0.021256131036627893, "CFROA": 0.04779907294782866, "MACD": 1.0326346576112542, "RSI": 57.15299237296487, "R&D": 93500000}, "Real Estate": {"Price": 128.32999999999998, "Volume": 1221123.0, "P/E": 77.47321248246527, "EV": 32132057614.14, "EBITDA": 1347562500.0, "EV/EBITDA": 28.229394823072184, "P/B": 3.6481980325682075, "ROA": 0.02533930358505611, "CFROA": 0.05842315617301537, "MACD": 2.1155155466988376, "RSI": 61.03849757032455, "R&D": 0.0}, "Utilities": {"Price": 68.17, "Volume": 1579428.0, "P/E": 25.589732270125428, "EV": 42182948016.66, "EBITDA": 2421000000, "EV/EBITDA": 13.861240551270049, "P/B": 2.0906505735885883, "ROA": 0.017505366086334368, "CFROA": 0.0425974025974026, "MACD": 0.9612861596598918, "RSI": 61.76379617985025, "R&D": 0}, "Energy": {"Price": 59.99, "Volume": 6321179.0, "P/E": -7.238811637436332, "EV": 42334688529.2, "EBITDA": 1117325000, "EV/EBITDA": 15.821929504894367, "P/B": 2.7412174332282255, "ROA": -0.02311605988573335, "CFROA": 0.0050383569234283615, "MACD": 0.11152241611135594, "RSI": 57.717991914644536, "R&D": 0}}