{"Industrials": {"Price": 102.48, "Volume": 1734601.0, "P/E": 59.01067682541568, "EV": 25059590975.579998, "EBITDA": 1137400000, "EV/EBITDA": 19.722377870682454, "P/B": 4.506573156583703, "ROA": 0.029789001782839736, "CFROA": 0.0785834213213785, "MACD": 0.5341080911843363, "RSI": 46.39195913040017, "R&D": 48000000}, "Health Care": {"Price": 115.7, "Volume": 2101366.0, "P/E": 83.30604792402524, "EV": 32775800677.0, "EBITDA": 1230000000, "EV/EBITDA": 24.433558177881814, "P/B": 4.656281502652667, "ROA": 0.01564291249236665, "CFROA": 0.05823644526303672, "MACD": 0.39140443319087126, "RSI": 51.483828878599, "R&D": 193998000}, "Information Technology": {"Price": 90.98, "Volume": 3081833.0, "P/E": 58.93880069868827, "EV": 30190224616.52, "EBITDA": 1139300000, "EV/EBITDA": 34.349875648435635, "P/B": 5.860711920031478, "ROA": 0.03559108119478334, "CFROA": 0.10495864378973273, "MACD": 0.8929181414557021, "RSI": 48.246150275506096, "R&D": 607000000}, "Communication Services": {"Price": 46.535, "Volume": 4719841.4, "P/E": 43.753995403894116, "EV": 35202217792.935, "EBITDA": 1198888000.0, "EV/EBITDA": 18.106537735459547, "P/B": 2.736397217612864, "ROA": 0.008982699087102702, "CFROA": 0.03412718403005517, "MACD": 0.08166022276819884, "RSI": 42.38759944899168, "R&D": 0.0}, "Consumer Staples": {"Price": 67.74000000000001, "Volume": 4788033.5, "P/E": 81.75942508365218, "EV": 44343086894.33501, "EBITDA": 2098400000.0, "EV/EBITDA": 16.07171462150521, "P/B": 4.118361972990693, "ROA": 0.021529921036702787, "CFROA": 0.07392800216249433, "MACD": 0.21756764924871774, "RSI": 46.698806092031035, "R&D": 62750000.0}, "Consumer Discretionary": {"Price": 97.69, "Volume": 3083115.0, "P/E": 53.39105138680851, "EV": 27148083049.19, "EBITDA": 1031000000, "EV/EBITDA": 19.414783576772283, "P/B": 3.998336479912336, "ROA": 0.03128777466841086, "CFROA": 0.08317523429268563, "MACD": 0.1627384815132018, "RSI": 42.84382755388223, "R&D": 0}, "Financials": {"Price": 89.97, "Volume": 2297392.0, "P/E": 45.09605257911111, "EV": 39814309961.600006, "EBITDA": 1262000000, "EV/EBITDA": 20.54160894091619, "P/B": 1.6771706532943131, "ROA": 0.011224559882205977, "CFROA": 0.014503902513949535, "MACD": 0.4735958303900958, "RSI": 46.99402948201138, "R&D": 0}, "Materials": {"Price": 81.49, "Volume": 1568950.0, "P/E": 46.22264259237537, "EV": 18339233680.52, "EBITDA": 1520200000, "EV/EBITDA": 13.733868032487694, "P/B": 2.9487748627298425, "ROA": 0.02336076981192095, "CFROA": 0.07496426018584704, "MACD": 0.4985516561478107, "RSI": 45.22167087122257, "R&D": 70054000}, "Real Estate": {"Price": 83.7, "Volume": 1997618.0, "P/E": 58.2077943186731, "EV": 22590700213.44, "EBITDA": 1037949000, "EV/EBITDA": 23.914366467291263, "P/B": 2.9044542232104344, "ROA": 0.012928425640336912, "CFROA": 0.07311164397614414, "MACD": 0.05317026858443796, "RSI": 52.20277886876819, "R&D": 0}, "Utilities": {"Price": 67.32, "Volume": 3459707.0, "P/E": 99.63446057216034, "EV": 40021088239.06, "EBITDA": 1565500000.0, "EV/EBITDA": 23.737520889632986, "P/B": 2.060307043073103, "ROA": 0.00527037073705684, "CFROA": 0.046153499988279834, "MACD": -0.05641952051342791, "RSI": 51.29244342882835, "R&D": 0.0}, "Energy": {"Price": 55.36, "Volume": 8080442.0, "P/E": 15.475821481543441, "EV": 40742605833.58, "EBITDA": 4073000000, "EV/EBITDA": 9.615230208591326, "P/B": 1.599913366165052, "ROA": 0.030323230317557123, "CFROA": 0.10589798630277011, "MACD": -0.12146770412943297, "RSI": 40.06947652466234, "R&D": 0}}