{"Industrials": {"Price": 71.195, "Volume": 3824294.5, "P/E": 51.41299846150291, "EV": 22773766520.96, "EBITDA": 1945500000.0, "EV/EBITDA": 13.90674908156408, "P/B": 3.069132575707778, "ROA": 0.020824457190992796, "CFROA": 0.056125160586129305, "MACD": 0.9157013845938611, "RSI": 63.099919749365775, "R&D": 101900000.0}, "Health Care": {"Price": 43.08, "Volume": 4330052.0, "P/E": 63.130333347928946, "EV": 20868813120.86, "EBITDA": 1976000000, "EV/EBITDA": 11.432241824574898, "P/B": 2.5382639507164106, "ROA": 0.021299977374834352, "CFROA": 0.04903289949385394, "MACD": 0.5813163852041683, "RSI": 67.57185181928014, "R&D": 407000000}, "Information Technology": {"Price": 29.89, "Volume": 5989484.0, "P/E": 18.83595654139316, "EV": 16174213758.43, "EBITDA": 1420600000, "EV/EBITDA": 9.849017007215592, "P/B": 2.256818819603608, "ROA": 0.03663149163363835, "CFROA": 0.035382236034557396, "MACD": 0.6174807596903182, "RSI": 64.89874883046693, "R&D": 491000000}, "Consumer Staples": {"Price": 43.76, "Volume": 3094303.0, "P/E": 53.779642594674556, "EV": 25389241182.434998, "EBITDA": 2009800000, "EV/EBITDA": 10.663460979394218, "P/B": 3.1671489593767324, "ROA": 0.024768425291985502, "CFROA": 0.044400410979010714, "MACD": -0.0030164593280659346, "RSI": 50.156179295619026, "R&D": 60000000}, "Materials": {"Price": 45.43, "Volume": 2365800.0, "P/E": 25.18345146067416, "EV": 9967564630.2, "EBITDA": 803000000, "EV/EBITDA": 10.012574873195566, "P/B": 2.2284624463754215, "ROA": 0.02517185354961257, "CFROA": 0.07981414486344265, "MACD": 0.96529794757042, "RSI": 67.74063745174456, "R&D": 70000000}, "Consumer Discretionary": {"Price": 30.82695, "Volume": 6421141.5, "P/E": 22.339722772320812, "EV": 14959548225.8496, "EBITDA": 1964000000.0, "EV/EBITDA": 9.28200025109984, "P/B": 1.9115574197843357, "ROA": 0.04571803043962445, "CFROA": 0.09192870199045691, "MACD": 0.40502450862493156, "RSI": 61.340256926774764, "R&D": 0.0}, "Utilities": {"Price": 36.8, "Volume": 2779632.16665, "P/E": 52.56452804417274, "EV": 23888079218.355, "EBITDA": 1739500000.0, "EV/EBITDA": 12.49743543232834, "P/B": 1.4264388162691253, "ROA": 0.006135589189509788, "CFROA": 0.04035546538281368, "MACD": -0.17834590230033598, "RSI": 47.59595619658917, "R&D": 0.0}, "Real Estate": {"Price": 65.0997, "Volume": 2074643.5, "P/E": 218.2763643250575, "EV": 17934228677.765, "EBITDA": 680545000.0, "EV/EBITDA": 29.21872256277049, "P/B": 5.086775528899577, "ROA": 0.00597948101920194, "CFROA": 0.07951449695605661, "MACD": 1.2963022483195026, "RSI": 69.03124198725399, "R&D": 0.0}, "Financials": {"Price": 32.1, "Volume": 3863475.0, "P/E": 22.915324617822634, "EV": 11406471204.93, "EBITDA": 789000000, "EV/EBITDA": 14.4568709821673, "P/B": 1.2912502328630546, "ROA": 0.010438447134381357, "CFROA": 0.016786414108425865, "MACD": 0.5991356664895591, "RSI": 63.99123814517723, "R&D": 0}, "Energy": {"Price": 52.95, "Volume": 6657532.0, "P/E": 13.669517543439593, "EV": 26375657621.559998, "EBITDA": 4135000000, "EV/EBITDA": 7.149032648125756, "P/B": 1.9636827079735635, "ROA": 0.06003503220702904, "CFROA": 0.08456368544048115, "MACD": 0.5732133571691236, "RSI": 48.45553452308486, "R&D": 0}, "Communication Services": {"Price": 33.114999999999995, "Volume": 8087090.5, "P/E": 38.76952119022528, "EV": 40839302975.0, "EBITDA": 5776896500.0, "EV/EBITDA": 7.0114258167369785, "P/B": 1.039956940093469, "ROA": 0.012294195805889967, "CFROA": 0.05966110550761035, "MACD": 0.28277602284298986, "RSI": 55.5486267651069, "R&D": 0.0}}