{"Industrials": {"Price": 63.55500000000001, "Volume": 5304760.5, "P/E": 49.08017346595265, "EV": 24540330987.1, "EBITDA": 1945500000.0, "EV/EBITDA": 13.765607022073818, "P/B": 2.6080468604958806, "ROA": 0.020824457190992796, "CFROA": 0.061518585758141855, "MACD": -0.8177587828464041, "RSI": 32.3397736964964, "R&D": 93900000.0}, "Health Care": {"Price": 38.9025, "Volume": 8010183.595000001, "P/E": 49.70634772222232, "EV": 20297965907.28, "EBITDA": 2046766000.0, "EV/EBITDA": 11.72139840067836, "P/B": 2.524344355294337, "ROA": 0.02131518261660605, "CFROA": 0.048437809239066, "MACD": -0.4358495125129771, "RSI": 29.740062948148356, "R&D": 509500000.0}, "Information Technology": {"Price": 29.73, "Volume": 6322027.0, "P/E": 18.245060816015226, "EV": 14534625502.095, "EBITDA": 1353206000.0, "EV/EBITDA": 9.56126137306074, "P/B": 2.2925172553169384, "ROA": 0.04946866680998911, "CFROA": 0.02091080378977493, "MACD": -0.19460303863819473, "RSI": 39.134245267096645, "R&D": 382000000.0}, "Materials": {"Price": 41.95, "Volume": 3278744.0, "P/E": 24.192220898876403, "EV": 9408714423.0, "EBITDA": 803000000, "EV/EBITDA": 9.442123799851313, "P/B": 1.9692458285879741, "ROA": 0.02517185354961257, "CFROA": 0.06941816461684011, "MACD": -0.2542983426716674, "RSI": 37.38097140996942, "R&D": 70000000}, "Consumer Staples": {"Price": 48.625, "Volume": 5482160.5, "P/E": 56.54534040599732, "EV": 30491550100.995003, "EBITDA": 3556050000.0, "EV/EBITDA": 10.340700321896932, "P/B": 4.125162196133228, "ROA": 0.024669651927314608, "CFROA": 0.06518585322932625, "MACD": -0.02226977147698328, "RSI": 40.57620879557442, "R&D": 112700000.0}, "Consumer Discretionary": {"Price": 27.4553, "Volume": 7077436.0, "P/E": 16.643473093618933, "EV": 13427990037.56, "EBITDA": 1974000000, "EV/EBITDA": 7.674261376088228, "P/B": 1.7202046576033607, "ROA": 0.038851985288598664, "CFROA": 0.07882794554316769, "MACD": 0.22322243128328267, "RSI": 49.16014799230046, "R&D": 0}, "Utilities": {"Price": 37.85, "Volume": 3631382.0, "P/E": 46.80094145960526, "EV": 24981253368.659996, "EBITDA": 1916000000, "EV/EBITDA": 12.326054264565657, "P/B": 1.3994054579398332, "ROA": 0.00616577992143603, "CFROA": 0.0408250053157559, "MACD": 0.05160550887694626, "RSI": 48.351685779993495, "R&D": 0}, "Real Estate": {"Price": 56.06615, "Volume": 2334801.5, "P/E": 185.16359079133008, "EV": 17200057335.995, "EBITDA": 680545000.0, "EV/EBITDA": 26.97411190088289, "P/B": 4.5549884587840905, "ROA": 0.00597948101920194, "CFROA": 0.07951449695605661, "MACD": 0.2304689314710977, "RSI": 46.17998696839426, "R&D": 0.0}, "Financials": {"Price": 28.99, "Volume": 4235712.0, "P/E": 21.926742882800088, "EV": 15184877551.150002, "EBITDA": 789000000, "EV/EBITDA": 15.709997320885524, "P/B": 1.235544873378022, "ROA": 0.010438447134381357, "CFROA": 0.017570215545395167, "MACD": -0.22085982037810226, "RSI": 42.52305650038091, "R&D": 0}, "Energy": {"Price": 63.96, "Volume": 8197444.0, "P/E": 12.958123097032173, "EV": 27071872583.2, "EBITDA": 4135000000, "EV/EBITDA": 7.039632398593244, "P/B": 2.01316162823479, "ROA": 0.06003503220702904, "CFROA": 0.08791538369256609, "MACD": 0.150725434378586, "RSI": 45.86779009539408, "R&D": 0}, "Communication Services": {"Price": 32.875, "Volume": 11924446.0, "P/E": 35.666621062802406, "EV": 39056555100.0, "EBITDA": 5776896500.0, "EV/EBITDA": 6.695581406689444, "P/B": 0.9610747053807402, "ROA": 0.012294195805889967, "CFROA": 0.05966110550761035, "MACD": -0.027963909689075805, "RSI": 41.021565666921646, "R&D": 0.0}}