{"Industrials": {"Price": 68.65, "Volume": 1896001.0, "P/E": 61.831254783780814, "EV": 15304326840.56, "EBITDA": 859000000, "EV/EBITDA": 15.990988155390626, "P/B": 3.2601161030238504, "ROA": 0.02339504712774759, "CFROA": 0.03794290227939517, "MACD": -0.39990207811111134, "RSI": 33.691143581825244, "R&D": 29271000}, "Health Care": {"Price": 66.765, "Volume": 2002079.125, "P/E": 67.72740891023324, "EV": 18734876144.43, "EBITDA": 1116958000.0, "EV/EBITDA": 14.755394235400374, "P/B": 3.3753623495973484, "ROA": 0.01972562404192684, "CFROA": 0.04124988203148685, "MACD": -0.1801562566245387, "RSI": 39.9969734901052, "R&D": 204299000.0}, "Information Technology": {"Price": 41.33, "Volume": 3623756.0, "P/E": 35.10149413473609, "EV": 13298497354.080002, "EBITDA": 700000000, "EV/EBITDA": 14.853524119143358, "P/B": 3.4343963365970023, "ROA": 0.03628985507246377, "CFROA": 0.07263744349837065, "MACD": -0.1492638082310549, "RSI": 36.64113603465753, "R&D": 539469000}, "Communication Services": {"Price": 28.11, "Volume": 3749613.0, "P/E": 30.1169559786921, "EV": 18983711724.68, "EBITDA": 836000000, "EV/EBITDA": 15.234335581048809, "P/B": 2.811313808461105, "ROA": 0.012417927490722238, "CFROA": 0.04443666899930021, "MACD": -0.33888368270217484, "RSI": 35.41219166616014, "R&D": 0}, "Consumer Staples": {"Price": 62.769999999999996, "Volume": 3213501.5, "P/E": 69.47073212200544, "EV": 28335806346.4, "EBITDA": 1900950000.0, "EV/EBITDA": 14.88327745452779, "P/B": 4.402859079788528, "ROA": 0.02541884803303339, "CFROA": 0.03878230233119656, "MACD": 0.18723650963529437, "RSI": 47.083645637064706, "R&D": 82650000.0}, "Consumer Discretionary": {"Price": 55.07, "Volume": 2917450.5, "P/E": 57.00130694821392, "EV": 15639983565.535, "EBITDA": 842741000.0, "EV/EBITDA": 20.588668823871966, "P/B": 3.5084410461870874, "ROA": 0.02547363995473119, "CFROA": 0.05212632979116197, "MACD": -0.028500101918254472, "RSI": 43.21791309134882, "R&D": 0.0}, "Financials": {"Price": 47.900000000000006, "Volume": 2270065.0, "P/E": 36.19988243636598, "EV": 23504118148.739998, "EBITDA": 1234300000.0, "EV/EBITDA": 17.897890763989, "P/B": 1.3290870879615109, "ROA": 0.007444944312421532, "CFROA": 0.012664858767249994, "MACD": 0.04397266354636642, "RSI": 41.139758710291744, "R&D": 0.0}, "Materials": {"Price": 57.79, "Volume": 2150863.0, "P/E": 52.12443365017716, "EV": 10017218243.76, "EBITDA": 700028000, "EV/EBITDA": 11.465603564454423, "P/B": 3.172650704494204, "ROA": 0.014748045731163903, "CFROA": 0.06344288498171706, "MACD": -0.3827213284341582, "RSI": 32.657916851593086, "R&D": 85000000}, "Real Estate": {"Price": 86.715, "Volume": 1450757.0, "P/E": 67.60797053183028, "EV": 21362418291.730003, "EBITDA": 950913000.0, "EV/EBITDA": 31.739849381818793, "P/B": 3.6217967689979584, "ROA": 0.010338277528764081, "CFROA": 0.03520421624829442, "MACD": -1.030284004229813, "RSI": 38.148019289398945, "R&D": 0.0}, "Utilities": {"Price": 43.2, "Volume": 2342150.0, "P/E": 78.09280751196079, "EV": 26267213357.08, "EBITDA": 1335000000, "EV/EBITDA": 16.256281781084372, "P/B": 1.5795893555795055, "ROA": 0.005994127845686058, "CFROA": 0.037644249102484435, "MACD": -0.12772119548440486, "RSI": 49.22814478202648, "R&D": 0}, "Energy": {"Price": 84.75999999999999, "Volume": 5803642.5, "P/E": 19.024582479444078, "EV": 32677936204.47, "EBITDA": 4809650000.0, "EV/EBITDA": 7.539788288702779, "P/B": 1.9485712278997072, "ROA": 0.04696259097052209, "CFROA": 0.12245443725759333, "MACD": -1.3595311973852873, "RSI": 31.47925210822998, "R&D": 0.0}}