{"Industrials": {"Price": 124.825, "Volume": 1461597.0, "P/E": 59.215897577426716, "EV": 30925701309.980003, "EBITDA": 1190089500.0, "EV/EBITDA": 22.963725800612785, "P/B": 5.253458106730376, "ROA": 0.02801315321842249, "CFROA": 0.01643466828851541, "MACD": 0.6071548560022535, "RSI": 56.53723082514611, "R&D": 55900000.0}, "Health Care": {"Price": 174.60500000000002, "Volume": 1391167.5, "P/E": 43.71878762544547, "EV": 45171490284.065, "EBITDA": 1400600000.0, "EV/EBITDA": 23.625893201756448, "P/B": 5.836275581365846, "ROA": 0.041681162148667864, "CFROA": 0.05419512784091238, "MACD": -0.4522615432471291, "RSI": 48.44109043789985, "R&D": 212223000.0}, "Information Technology": {"Price": 146.95999999999998, "Volume": 2413609.5, "P/E": 99.3676296916814, "EV": 36274368001.395004, "EBITDA": 1112961500.0, "EV/EBITDA": 33.75819219824956, "P/B": 7.355422924390538, "ROA": 0.03710039499480294, "CFROA": 0.05633419107083905, "MACD": 0.8517259289432975, "RSI": 54.59049573928758, "R&D": 556000000.0}, "Communication Services": {"Price": 81.955, "Volume": 3508799.0, "P/E": 26.223242254383827, "EV": 45023790999.98, "EBITDA": 2376200000.0, "EV/EBITDA": 21.084276211282834, "P/B": 3.032226035389659, "ROA": 0.01307194150736409, "CFROA": 0.012481593156160157, "MACD": 0.6222088052556618, "RSI": 55.12525621441312, "R&D": 0.0}, "Consumer Staples": {"Price": 75.6, "Volume": 3199829.0, "P/E": 73.1916453653871, "EV": 47988675256.93, "EBITDA": 2204500000, "EV/EBITDA": 17.51591991914171, "P/B": 5.739175008277934, "ROA": 0.017047633092464237, "CFROA": 0.016387564854262453, "MACD": -0.5015104402412263, "RSI": 41.20152636961399, "R&D": 69000000}, "Consumer Discretionary": {"Price": 126.01500000000001, "Volume": 2606364.0, "P/E": 33.474618524875744, "EV": 29150962642.04, "EBITDA": 921900000.0, "EV/EBITDA": 27.077264291373687, "P/B": 4.667524867599098, "ROA": 0.020990165133758884, "CFROA": 0.011436608116135002, "MACD": 0.7167582859382797, "RSI": 55.44711208680778, "R&D": 0.0}, "Financials": {"Price": 95.12, "Volume": 2346802.0, "P/E": 29.72448650168729, "EV": 37309516848.45, "EBITDA": 2582000000, "EV/EBITDA": 15.505407629271614, "P/B": 1.3281947984891227, "ROA": 0.007884416682322, "CFROA": 0.002565566575194996, "MACD": 1.1453225834981637, "RSI": 59.71996466411797, "R&D": 0}, "Materials": {"Price": 106.34, "Volume": 1887210.0, "P/E": 50.916757401277636, "EV": 24066891519.0, "EBITDA": 1515000000, "EV/EBITDA": 17.20415434913146, "P/B": 3.6815844006755123, "ROA": 0.01981789772662339, "CFROA": 0.03722140881730926, "MACD": 0.287364109830726, "RSI": 57.78211787857382, "R&D": 74000000}, "Real Estate": {"Price": 99.43, "Volume": 1760084.0, "P/E": 49.62059003356696, "EV": 24448985066.239998, "EBITDA": 1108271000, "EV/EBITDA": 19.59296431856818, "P/B": 2.3717000095868084, "ROA": 0.02424832325236353, "CFROA": 0.05941868580631107, "MACD": 0.8729620949822845, "RSI": 54.820134083496235, "R&D": 0}, "Utilities": {"Price": 63.095, "Volume": 2987918.0, "P/E": 21.913277472572695, "EV": 37696376662.09395, "EBITDA": 2622000000.0, "EV/EBITDA": 12.581379853209286, "P/B": 1.7972528167383508, "ROA": 0.01630776087516143, "CFROA": 0.04076086717126853, "MACD": -0.8878450184449136, "RSI": 38.760411820730546, "R&D": 0.0}, "Energy": {"Price": 50.04, "Volume": 7103780.5, "P/E": -5.471276719156485, "EV": 40946812392.61, "EBITDA": 1126662500.0, "EV/EBITDA": 12.42088564663575, "P/B": 2.1685917838286954, "ROA": -0.033125310916388664, "CFROA": 0.0011211776941843475, "MACD": 2.0236477547946468, "RSI": 65.04401663450864, "R&D": 0.0}}