{"Industrials": {"Price": 76.42, "Volume": 1597177.0, "P/E": 74.85756757437187, "EV": 16703342531.159998, "EBITDA": 1047000000, "EV/EBITDA": 19.48634307668616, "P/B": 4.252313036084453, "ROA": 0.024211209343823505, "CFROA": 0.0753652058432935, "MACD": 0.4257845095335213, "RSI": 53.0599016175531, "R&D": 29000000}, "Health Care": {"Price": 74.89, "Volume": 1967008.0, "P/E": 75.00664233644066, "EV": 19646048017.66, "EBITDA": 882959000, "EV/EBITDA": 17.71799526658805, "P/B": 3.6204616745926157, "ROA": 0.01803476874311107, "CFROA": 0.044709003267445244, "MACD": 0.23759112609337762, "RSI": 53.69665428361695, "R&D": 192972000}, "Information Technology": {"Price": 63.66, "Volume": 2277933.0, "P/E": 45.619494618602715, "EV": 16984644343.599998, "EBITDA": 686919000, "EV/EBITDA": 24.51797432045654, "P/B": 3.527093385972723, "ROA": 0.02808683853459973, "CFROA": 0.08214219417115277, "MACD": 0.3021158371581407, "RSI": 53.659964044326856, "R&D": 481258000}, "Communication Services": {"Price": 36.64, "Volume": 2369145.0, "P/E": 41.24471137013912, "EV": 22277070555.53, "EBITDA": 368109000, "EV/EBITDA": 17.627260905903423, "P/B": 3.337919054734755, "ROA": 0.0047568710359408035, "CFROA": 0.06751634869806358, "MACD": 0.2836156457504515, "RSI": 51.42277558272936, "R&D": 0}, "Consumer Staples": {"Price": 68.66, "Volume": 3039823.0, "P/E": 58.05873575699463, "EV": 43573833288.16, "EBITDA": 2346000000, "EV/EBITDA": 19.129838018358573, "P/B": 4.199329789573126, "ROA": 0.02291801323773305, "CFROA": 0.05763340793968665, "MACD": 0.050439692784379986, "RSI": 51.502207588833514, "R&D": 60800000}, "Consumer Discretionary": {"Price": 70.95, "Volume": 2588001.0, "P/E": 68.36338441814617, "EV": 18039015128.25, "EBITDA": 912400000, "EV/EBITDA": 20.10475963389668, "P/B": 3.951955309806325, "ROA": 0.032388364509434164, "CFROA": 0.0882606153550372, "MACD": 0.034420084383377514, "RSI": 44.697483663953946, "R&D": 0}, "Financials": {"Price": 65.12, "Volume": 2020178.0, "P/E": 41.18101789157044, "EV": 26143718816.0, "EBITDA": 1231000000, "EV/EBITDA": 16.874831147878787, "P/B": 1.5112620346681922, "ROA": 0.008019706435065265, "CFROA": 0.00795536213367404, "MACD": 0.34261995608761, "RSI": 54.82723761612655, "R&D": 0}, "Materials": {"Price": 77.715, "Volume": 1380319.0, "P/E": 46.19587368810436, "EV": 14646791311.84, "EBITDA": 1002716000.0, "EV/EBITDA": 15.596858060173393, "P/B": 4.244276968362537, "ROA": 0.017376831664870092, "CFROA": 0.06464098014185768, "MACD": 0.32720795357930754, "RSI": 49.929540981038365, "R&D": 96950000.0}, "Real Estate": {"Price": 96.16499999999999, "Volume": 1504210.0, "P/E": 121.86334751009298, "EV": 21905666974.795002, "EBITDA": 1039423000.0, "EV/EBITDA": 25.706231295361903, "P/B": 2.9220833628064082, "ROA": 0.014420111076633397, "CFROA": 0.043490488992763615, "MACD": 0.4609238191409446, "RSI": 58.40843295162715, "R&D": 0.0}, "Utilities": {"Price": 55.08, "Volume": 1925391.0, "P/E": 74.72498068519677, "EV": 27694492440.31, "EBITDA": 1583976000, "EV/EBITDA": 19.58804206278409, "P/B": 1.7461124910740962, "ROA": 0.005742126326779189, "CFROA": 0.04854368932038835, "MACD": 0.46619049920988687, "RSI": 55.67688584591718, "R&D": 0}, "Energy": {"Price": 63.44499999999999, "Volume": 5141695.5, "P/E": -5.019391394834811, "EV": 41582126643.775, "EBITDA": 1817000000.0, "EV/EBITDA": 17.229961988040017, "P/B": 2.238392628636036, "ROA": -0.010084159637781896, "CFROA": 0.027124924154223365, "MACD": 0.8290582436174603, "RSI": 56.45829396308539, "R&D": 0.0}}