{"Industrials": {"Price": 116.27, "Volume": 1305946.5, "P/E": 61.202174122323584, "EV": 26613388351.11, "EBITDA": 1134700000.0, "EV/EBITDA": 21.747227509442, "P/B": 5.094164063139962, "ROA": 0.029482218919010424, "CFROA": 0.0795880634964507, "MACD": 0.9611264727794158, "RSI": 48.534912229081826, "R&D": 47800000.0}, "Health Care": {"Price": 119.91, "Volume": 1198935.0, "P/E": 99.07365789034473, "EV": 31875382901.559998, "EBITDA": 1348000000, "EV/EBITDA": 23.529776031034743, "P/B": 4.527808029443921, "ROA": 0.015473773943632568, "CFROA": 0.054586846811468845, "MACD": 1.6064513214633962, "RSI": 59.95008048858716, "R&D": 193998000}, "Information Technology": {"Price": 103.29, "Volume": 1944502.0, "P/E": 62.046764238698636, "EV": 31119317371.52, "EBITDA": 1149612000, "EV/EBITDA": 35.12970464582251, "P/B": 7.294694700989519, "ROA": 0.03365887166621868, "CFROA": 0.10409483661134299, "MACD": 0.947820065790431, "RSI": 53.11193771128821, "R&D": 607000000}, "Communication Services": {"Price": 48.93, "Volume": 3096399.0, "P/E": 44.25197604991529, "EV": 36911071466.395004, "EBITDA": 1198888000.0, "EV/EBITDA": 18.623302380804194, "P/B": 2.8676315970747384, "ROA": 0.008982699087102702, "CFROA": 0.05202920357621647, "MACD": -0.040169561802549936, "RSI": 46.19444473799735, "R&D": 0.0}, "Consumer Staples": {"Price": 69.81, "Volume": 2706951.0, "P/E": 77.70467614390043, "EV": 44764099996.28, "EBITDA": 1918808000, "EV/EBITDA": 16.36956779386059, "P/B": 4.56344177422638, "ROA": 0.020865020865020865, "CFROA": 0.059559471365638765, "MACD": 0.27247030999388855, "RSI": 55.51553996026044, "R&D": 69400000}, "Consumer Discretionary": {"Price": 100.56, "Volume": 2133565.0, "P/E": 53.44715003435294, "EV": 28350266203.5, "EBITDA": 1084500000, "EV/EBITDA": 19.529942706460417, "P/B": 3.7768068340693612, "ROA": 0.028474456737338564, "CFROA": 0.08276349619066486, "MACD": 0.6630471775665114, "RSI": 51.908718315972585, "R&D": 0}, "Financials": {"Price": 92.94, "Volume": 1500820.0, "P/E": 49.28330580311111, "EV": 40964286936.2, "EBITDA": 1262000000, "EV/EBITDA": 19.401302012628726, "P/B": 1.7311551885585585, "ROA": 0.011224559882205977, "CFROA": 0.014365549498237479, "MACD": 0.75607682153057, "RSI": 54.366678207102574, "R&D": 0}, "Materials": {"Price": 85.515, "Volume": 1162521.5, "P/E": 47.69278590546112, "EV": 19377060294.659996, "EBITDA": 1665500000.0, "EV/EBITDA": 13.423737438295245, "P/B": 2.9332256918424378, "ROA": 0.02164825459138228, "CFROA": 0.0746512379057779, "MACD": 0.6760408459246143, "RSI": 50.628200006852325, "R&D": 71027000.0}, "Real Estate": {"Price": 90.01, "Volume": 1802357.0, "P/E": 63.07027979211472, "EV": 23599645393.920002, "EBITDA": 1037949000, "EV/EBITDA": 24.372991737361627, "P/B": 3.0475235943462087, "ROA": 0.012928425640336912, "CFROA": 0.07311164397614414, "MACD": -0.4270651783218824, "RSI": 42.30529473071337, "R&D": 0}, "Utilities": {"Price": 66.58, "Volume": 2560892.0, "P/E": 101.13341762917875, "EV": 41028307096.88, "EBITDA": 1565500000.0, "EV/EBITDA": 24.134459316247288, "P/B": 2.154757488976181, "ROA": 0.00527037073705684, "CFROA": 0.045268941885128935, "MACD": -0.3138970694674299, "RSI": 43.96032491969332, "R&D": 0.0}, "Energy": {"Price": 60.37, "Volume": 4909863.0, "P/E": 13.903319689492323, "EV": 38538343073.24, "EBITDA": 4073000000, "EV/EBITDA": 8.200385228030479, "P/B": 1.435920974986089, "ROA": 0.030323230317557123, "CFROA": 0.10589798630277011, "MACD": -0.16555001656681867, "RSI": 44.10865001388762, "R&D": 0}}