{"Industrials": {"Price": 87.72, "Volume": 1536021.93, "P/E": 42.94560492591379, "EV": 22441925093.27, "EBITDA": 1229250000, "EV/EBITDA": 18.256599628448242, "P/B": 4.152419493442701, "ROA": 0.027575370011071798, "CFROA": 0.06400472069236822, "MACD": 1.2883125430343227, "RSI": 62.1535588696926, "R&D": 42000000}, "Health Care": {"Price": 92.24000000000001, "Volume": 1784070.5, "P/E": 29.42417873452428, "EV": 23130433455.780003, "EBITDA": 1324500000.0, "EV/EBITDA": 21.309014655718187, "P/B": 4.277526897000619, "ROA": 0.00937561283547592, "CFROA": 0.04091935036067426, "MACD": 1.0402232747311686, "RSI": 61.8217255700295, "R&D": 145552000.0}, "Information Technology": {"Price": 78.275, "Volume": 3143057.5, "P/E": 25.90125687146635, "EV": 27123424661.965, "EBITDA": 1086850000.0, "EV/EBITDA": 21.962744179032498, "P/B": 4.138863806926052, "ROA": 0.02796284717651484, "CFROA": 0.07893724721195836, "MACD": 1.1629899752132147, "RSI": 64.34289901801633, "R&D": 607856000.0}, "Communication Services": {"Price": 46.01, "Volume": 2854040.0, "P/E": 15.05341374341969, "EV": 28909136240.0, "EBITDA": 1076855000, "EV/EBITDA": 16.007606911447084, "P/B": 2.637256213954076, "ROA": 0.009976796300122376, "CFROA": 0.053736845421891735, "MACD": 0.22046510440738842, "RSI": 58.328035166111746, "R&D": 0}, "Consumer Staples": {"Price": 65.05, "Volume": 3453857.0, "P/E": 73.60221737436738, "EV": 40817041241.44, "EBITDA": 2427000000, "EV/EBITDA": 15.248770712795274, "P/B": 3.979988612363459, "ROA": 0.02484327411827649, "CFROA": 0.05422955422955423, "MACD": -0.06459322986428617, "RSI": 51.02963536501692, "R&D": 47300000}, "Consumer Discretionary": {"Price": 88.875, "Volume": 2766017.0, "P/E": 42.356974928114006, "EV": 23288974789.545, "EBITDA": 1015348000.0, "EV/EBITDA": 19.934744353977592, "P/B": 3.7671452499982214, "ROA": 0.031493729359870645, "CFROA": 0.08435037179930692, "MACD": 0.994327584808488, "RSI": 61.618752189956325, "R&D": 0.0}, "Financials": {"Price": 68.4, "Volume": 2191477.0, "P/E": 20.482132764192958, "EV": 32889699999.999996, "EBITDA": 1411000000, "EV/EBITDA": 14.202478516680113, "P/B": 1.4467541415831613, "ROA": 0.00814892924155256, "CFROA": 0.01619264329185103, "MACD": 1.1822158077234448, "RSI": 64.24291564453276, "R&D": 0}, "Materials": {"Price": 87.36, "Volume": 1903679.5, "P/E": 18.966285524531038, "EV": 15927516760.970001, "EBITDA": 1121600000.0, "EV/EBITDA": 14.771980353655085, "P/B": 3.144117713813994, "ROA": 0.032918036602644724, "CFROA": 0.06795608072839304, "MACD": 1.0857950632384146, "RSI": 60.31205152606758, "R&D": 68250000.0}, "Utilities": {"Price": 62.72, "Volume": 2812189.5, "P/E": 19.911053632387812, "EV": 33360717223.035, "EBITDA": 1593500000.0, "EV/EBITDA": 21.130486683760694, "P/B": 2.110397660155469, "ROA": 0.00565239427939253, "CFROA": 0.04181650483647488, "MACD": 0.37647956667178306, "RSI": 59.756347135906594, "R&D": 0.0}, "Real Estate": {"Price": 96.69, "Volume": 1496700.0, "P/E": 74.63327397324724, "EV": 25393617246.75, "EBITDA": 1427000000, "EV/EBITDA": 24.296999313782283, "P/B": 2.841432502098797, "ROA": 0.015718829530523493, "CFROA": 0.05800467939703652, "MACD": 1.7650280780996184, "RSI": 68.10849294145964, "R&D": 0}, "Energy": {"Price": 65.16, "Volume": 5369591.0, "P/E": 15.824010022271716, "EV": 39392607757.08, "EBITDA": 2918000000, "EV/EBITDA": 13.447084177674418, "P/B": 1.882462416072952, "ROA": 0.030323230317557123, "CFROA": 0.09097396374905703, "MACD": 0.5955680908902075, "RSI": 59.932367442502716, "R&D": 0}}