{"Health Care": {"Price": 35.51, "Volume": 5281230.447000001, "P/E": 47.951461075971174, "EV": 17837563182.47, "EBITDA": 2045866000.0, "EV/EBITDA": 11.484038434797665, "P/B": 2.4454587826817873, "ROA": 0.02241610226750465, "CFROA": 0.046993222758345304, "MACD": 0.13203626480256325, "RSI": 51.35993389065748, "R&D": 862240500.0}, "Information Technology": {"Price": 32.39, "Volume": 4386643.0, "P/E": 19.05802322936882, "EV": 14653680475.130001, "EBITDA": 1285812000, "EV/EBITDA": 10.315134784689569, "P/B": 1.7800574344676128, "ROA": 0.04696163856512391, "CFROA": 0.03001412429378531, "MACD": 0.1348596326601328, "RSI": 47.507299188857274, "R&D": 482000000}, "Materials": {"Price": 43.63, "Volume": 2939080.0, "P/E": 27.59957595505618, "EV": 8844967138.74, "EBITDA": 803000000, "EV/EBITDA": 9.56999002849585, "P/B": 2.0450664040771827, "ROA": 0.02517185354961257, "CFROA": 0.06941816461684011, "MACD": -0.03741556158440318, "RSI": 45.987463259788825, "R&D": 70000000}, "Consumer Staples": {"Price": 52.595, "Volume": 6446909.5, "P/E": 60.528266101439954, "EV": 46707131577.88, "EBITDA": 4961500000.0, "EV/EBITDA": 10.347839611263458, "P/B": 5.945163880802934, "ROA": 0.028242099356415966, "CFROA": 0.0788843327672828, "MACD": 0.1847435184241739, "RSI": 55.77704084722704, "R&D": 165500000.0}, "Consumer Discretionary": {"Price": 36.8418, "Volume": 10534351.0, "P/E": 29.983043701556397, "EV": 14583140220.035202, "EBITDA": 1951900000.0, "EV/EBITDA": 10.768606248000978, "P/B": 2.571196077253362, "ROA": 0.03590025911856581, "CFROA": 0.04124740440539626, "MACD": 0.015245265396234942, "RSI": 46.73737792870591, "R&D": 0.0}, "Utilities": {"Price": 36.435, "Volume": 2996721.66665, "P/E": 32.95906364384013, "EV": 24550194954.449997, "EBITDA": 2007555500.0, "EV/EBITDA": 11.335685432096128, "P/B": 1.293119393136854, "ROA": 0.006665831738522692, "CFROA": 0.04035546538281368, "MACD": -0.05510500602164292, "RSI": 45.32880249612292, "R&D": 0.0}, "Real Estate": {"Price": 53.57, "Volume": 3087847.0, "P/E": 122.19392541149479, "EV": 16386046723.53, "EBITDA": 696923000, "EV/EBITDA": 26.44940109877645, "P/B": 3.972040072970253, "ROA": 0.008054965975161685, "CFROA": 0.08780834362271693, "MACD": 0.36125969181401985, "RSI": 47.57448823163976, "R&D": 0}, "Industrials": {"Price": 58.83255, "Volume": 3647456.0, "P/E": 50.362913597940256, "EV": 22613301091.120003, "EBITDA": 1857500000.0, "EV/EBITDA": 14.703639450598613, "P/B": 2.8168739713824777, "ROA": 0.019629621205704828, "CFROA": 0.06031929946172965, "MACD": 0.12165760584358942, "RSI": 45.144259332079216, "R&D": 93900000.0}, "Financials": {"Price": 30.25, "Volume": 4735163.0, "P/E": 25.65369602383509, "EV": 17598667596.25, "EBITDA": 789000000, "EV/EBITDA": 18.237876839935915, "P/B": 1.4455540786365948, "ROA": 0.010438447134381357, "CFROA": 0.017570215545395167, "MACD": 0.4367960705224476, "RSI": 50.51817759146721, "R&D": 0}, "Energy": {"Price": 59.3313, "Volume": 9204589.0, "P/E": 13.804633651109652, "EV": 32549054834.8, "EBITDA": 4135000000, "EV/EBITDA": 7.365056910349682, "P/B": 1.968461739860483, "ROA": 0.06003503220702904, "CFROA": 0.08791538369256609, "MACD": 1.379151008234473, "RSI": 57.49966848332747, "R&D": 0}, "Communication Services": {"Price": 29.445, "Volume": 10306545.5, "P/E": 36.73310449035897, "EV": 38497658275.0, "EBITDA": 5776896500.0, "EV/EBITDA": 6.7733840681143285, "P/B": 0.9861480752349032, "ROA": 0.012294195805889967, "CFROA": 0.05966110550761035, "MACD": 0.4140302936450002, "RSI": 56.63994858160787, "R&D": 0.0}}