{"Industrials": {"Price": 69.24, "Volume": 1639617.0, "P/E": 61.83568060857347, "EV": 15119388413.77, "EBITDA": 1047000000, "EV/EBITDA": 18.21432410609458, "P/B": 3.7821093741451492, "ROA": 0.024479278505475627, "CFROA": 0.06994444580406745, "MACD": 0.6774045043868071, "RSI": 55.54374867793829, "R&D": 29000000}, "Health Care": {"Price": 82.795, "Volume": 1699435.0, "P/E": 82.47133540280663, "EV": 24455089990.5, "EBITDA": 914729500.0, "EV/EBITDA": 19.777698012101226, "P/B": 3.8326999862791817, "ROA": 0.018315030260953553, "CFROA": 0.050121151068828904, "MACD": 1.032387391828152, "RSI": 65.06254821943234, "R&D": 203936000.0}, "Information Technology": {"Price": 55.565, "Volume": 2201223.0, "P/E": 42.1232261155762, "EV": 14040452210.74, "EBITDA": 633600000.0, "EV/EBITDA": 18.543638457095557, "P/B": 3.0465365220313143, "ROA": 0.02875732797701712, "CFROA": 0.08148538192176791, "MACD": 0.5546342385564902, "RSI": 62.04208472699348, "R&D": 489689500.0}, "Communication Services": {"Price": 40.29, "Volume": 4149232.0, "P/E": 42.59371892440386, "EV": 33354374468.05, "EBITDA": 866600000, "EV/EBITDA": 14.581174342001251, "P/B": 4.384882785635347, "ROA": 0.009948543727897644, "CFROA": 0.07592421386290778, "MACD": 0.36184724305032745, "RSI": 54.55323263453612, "R&D": 0}, "Consumer Staples": {"Price": 74.445, "Volume": 2617796.0, "P/E": 58.767436641966945, "EV": 39953425777.14, "EBITDA": 1954000000.0, "EV/EBITDA": 20.85392595574009, "P/B": 4.338174631693308, "ROA": 0.022927308054273225, "CFROA": 0.07095297778891017, "MACD": 0.3648314220107771, "RSI": 57.43129169210377, "R&D": 62750000.0}, "Consumer Discretionary": {"Price": 69.96, "Volume": 2202347.0, "P/E": 71.62959287650695, "EV": 18642502281.690002, "EBITDA": 912400000, "EV/EBITDA": 21.608568883854453, "P/B": 3.9895032560963117, "ROA": 0.032388364509434164, "CFROA": 0.0882606153550372, "MACD": 0.6844040545563104, "RSI": 60.661815779536944, "R&D": 0}, "Financials": {"Price": 52.926, "Volume": 1964291.0, "P/E": 39.78788006546189, "EV": 23879210305.6, "EBITDA": 1231000000, "EV/EBITDA": 15.771933098060199, "P/B": 1.2008413507405304, "ROA": 0.008019706435065265, "CFROA": 0.00795536213367404, "MACD": 0.421095526103322, "RSI": 54.30547482075435, "R&D": 0}, "Materials": {"Price": 74.43, "Volume": 1782779.0, "P/E": 46.18716690304368, "EV": 13237025576.2, "EBITDA": 1028732000, "EV/EBITDA": 17.02468352365387, "P/B": 3.889246435458369, "ROA": 0.018122906529309264, "CFROA": 0.08246603338000984, "MACD": 0.3262813623851315, "RSI": 49.78767877211201, "R&D": 102000000}, "Real Estate": {"Price": 105.145, "Volume": 1312583.5, "P/E": 140.9797740704861, "EV": 23736230357.12, "EBITDA": 1039423000.0, "EV/EBITDA": 28.13257958106621, "P/B": 3.083045648685013, "ROA": 0.014420111076633397, "CFROA": 0.043490488992763615, "MACD": 1.2621760071267722, "RSI": 63.08356116494039, "R&D": 0.0}, "Utilities": {"Price": 59.03, "Volume": 1946399.0, "P/E": 79.54520770711326, "EV": 29771483383.329998, "EBITDA": 1583976000, "EV/EBITDA": 20.569178080852275, "P/B": 1.8750936228189423, "ROA": 0.005742126326779189, "CFROA": 0.04854368932038835, "MACD": 0.27944385952856976, "RSI": 55.178036129243985, "R&D": 0}, "Energy": {"Price": 51.43, "Volume": 7547657.0, "P/E": -3.732332344295127, "EV": 34538598452.42, "EBITDA": 1817000000.0, "EV/EBITDA": 14.961054248065274, "P/B": 2.18589649117515, "ROA": -0.010084159637781896, "CFROA": 0.027124924154223365, "MACD": -0.4204904739766562, "RSI": 40.65785496377616, "R&D": 0.0}}