{"Industrials": {"Price": 85.87, "Volume": 2107030.5, "P/E": 48.18977276884094, "EV": 17995115375.980003, "EBITDA": 1226450000.0, "EV/EBITDA": 16.968668914631657, "P/B": 3.272976705636246, "ROA": 0.023580537988483287, "CFROA": 0.054663661873993276, "MACD": -5.379580163950784, "RSI": 42.07178834477049, "R&D": 37000000.0}, "Health Care": {"Price": 89.63, "Volume": 2201953.0, "P/E": 49.7725275209159, "EV": 26103458790.98, "EBITDA": 1560000000, "EV/EBITDA": 18.73838329150012, "P/B": 3.6921165692040567, "ROA": 0.024032883614545697, "CFROA": 0.04878221012492457, "MACD": -3.7948780349604476, "RSI": 46.4375102514798, "R&D": 202710000}, "Information Technology": {"Price": 80.89, "Volume": 3433995.0, "P/E": 56.39270359988166, "EV": 21833850633.2, "EBITDA": 1017000000, "EV/EBITDA": 26.47361874637855, "P/B": 4.643965891590352, "ROA": 0.032622068118021715, "CFROA": 0.0754681601120084, "MACD": -4.536400656218547, "RSI": 42.35909069326744, "R&D": 469700000}, "Communication Services": {"Price": 35.650000000000006, "Volume": 6994068.5, "P/E": 34.97955839574678, "EV": 33566887765.0, "EBITDA": 1015714500.0, "EV/EBITDA": 12.847377407175298, "P/B": 2.2826897537888278, "ROA": 0.012224278548468501, "CFROA": 0.05775843793645454, "MACD": -1.3515012441657586, "RSI": 38.65717339891699, "R&D": 0.0}, "Consumer Staples": {"Price": 57.105000000000004, "Volume": 3780828.0, "P/E": 67.97653620354606, "EV": 33909062436.14, "EBITDA": 1886248000.0, "EV/EBITDA": 15.219301272928808, "P/B": 5.141285840551957, "ROA": 0.019765378273149562, "CFROA": 0.060418188304589046, "MACD": -2.0818443804233553, "RSI": 46.239254592835934, "R&D": 61700000.0}, "Consumer Discretionary": {"Price": 62.74, "Volume": 4847000.0, "P/E": 40.83163256839335, "EV": 12892748758.0, "EBITDA": 1084500000, "EV/EBITDA": 10.25692575770773, "P/B": 1.9294398790017646, "ROA": 0.030317360196171372, "CFROA": 0.07794138377353171, "MACD": -5.579305777538849, "RSI": 37.88810931511936, "R&D": 0}, "Utilities": {"Price": 55.71, "Volume": 3620879.0, "P/E": 53.97093599621723, "EV": 32174944685.969997, "EBITDA": 1832000000, "EV/EBITDA": 18.51742545351013, "P/B": 1.8770294441005084, "ROA": 0.006375053722362829, "CFROA": 0.04586214121097842, "MACD": -2.940941712222454, "RSI": 41.59562831608918, "R&D": 0}, "Financials": {"Price": 45.84, "Volume": 3268128.0, "P/E": 23.443714950232216, "EV": 23647971078.0, "EBITDA": 1636900000.0, "EV/EBITDA": 9.379384376596107, "P/B": 0.8821647854026382, "ROA": 0.009338216050412476, "CFROA": 0.016073664142057093, "MACD": -5.3378073689621175, "RSI": 38.596663152119724, "R&D": 0.0}, "Materials": {"Price": 54.84, "Volume": 2875356.0, "P/E": 59.447073675000006, "EV": 14329053126.04, "EBITDA": 1411689000, "EV/EBITDA": 9.979057376662553, "P/B": 1.7520257031036413, "ROA": 0.013249576736067647, "CFROA": 0.05751955618486108, "MACD": -4.45652166719514, "RSI": 41.380405858430805, "R&D": 67000000}, "Real Estate": {"Price": 69.41, "Volume": 2938088.0, "P/E": 75.54761971827888, "EV": 16915117073.6, "EBITDA": 964862000, "EV/EBITDA": 20.154904362019135, "P/B": 2.0107975717622226, "ROA": 0.01314670479608239, "CFROA": 0.05644400645985634, "MACD": -5.036557862307376, "RSI": 37.53429688240038, "R&D": 0}, "Energy": {"Price": 19.2, "Volume": 9483944.0, "P/E": 5.1730249935, "EV": 23080822166, "EBITDA": 3033000000, "EV/EBITDA": 6.687004601205033, "P/B": 0.7697482991331468, "ROA": 0.012534059945504087, "CFROA": 0.07313694986379363, "MACD": -5.261371356392544, "RSI": 36.23352044349729, "R&D": 0}}