{"Industrials": {"Price": 63.35, "Volume": 1942536.0, "P/E": 66.57822860566318, "EV": 14477436608.1, "EBITDA": 955000000, "EV/EBITDA": 17.922237605116404, "P/B": 4.0204169073747495, "ROA": 0.021533516150737012, "CFROA": 0.054593410968448296, "MACD": -0.22941998416092702, "RSI": 42.31901870670646, "R&D": 31494000}, "Health Care": {"Price": 78.25, "Volume": 2043042.0, "P/E": 78.23669080914544, "EV": 22357179000.0, "EBITDA": 946500000, "EV/EBITDA": 15.658263946500366, "P/B": 3.706971888234474, "ROA": 0.01832819458718739, "CFROA": 0.05683977757172555, "MACD": 0.18086986810570238, "RSI": 45.11847983700461, "R&D": 201463000}, "Information Technology": {"Price": 53.365, "Volume": 2933049.0, "P/E": 26.384473795040975, "EV": 12941568148.98, "EBITDA": 584170500.0, "EV/EBITDA": 13.315858802792086, "P/B": 3.2248552388489964, "ROA": 0.03191383849600636, "CFROA": 0.05589758251957251, "MACD": -0.21988318082375713, "RSI": 41.035406598614216, "R&D": 448608000.0}, "Communication Services": {"Price": 37.62, "Volume": 5941737.0, "P/E": 19.722444816055333, "EV": 31187188402.239998, "EBITDA": 873800000, "EV/EBITDA": 16.934282716340487, "P/B": 3.760014987175446, "ROA": 0.011814527882985853, "CFROA": 0.03539280085610913, "MACD": 0.10298807018836698, "RSI": 41.85408827642989, "R&D": 0}, "Consumer Staples": {"Price": 61.46, "Volume": 4041373.0, "P/E": 83.48820927171217, "EV": 31633111181.04, "EBITDA": 2167743000, "EV/EBITDA": 17.013499599315303, "P/B": 4.592887878153097, "ROA": 0.022936602870813397, "CFROA": 0.05442350868218376, "MACD": 0.32779102674866323, "RSI": 45.503282778654174, "R&D": 62000000}, "Consumer Discretionary": {"Price": 65.38, "Volume": 3899473.0, "P/E": 55.894336652166224, "EV": 15916656600.0, "EBITDA": 841000000, "EV/EBITDA": 19.860419156629035, "P/B": 3.7528037448309983, "ROA": 0.028696285506190824, "CFROA": 0.0748210517537644, "MACD": 0.01266492249291673, "RSI": 45.50849719525193, "R&D": 0}, "Financials": {"Price": 51.494, "Volume": 2858135.0, "P/E": 48.31821580691802, "EV": 23464285559.96, "EBITDA": 1283500000.0, "EV/EBITDA": 11.79335516129572, "P/B": 1.2563800367334994, "ROA": 0.005942207764665169, "CFROA": 0.008208749225257283, "MACD": -0.4112257480864763, "RSI": 41.21998781809238, "R&D": 0.0}, "Materials": {"Price": 62.35, "Volume": 1697661.0, "P/E": 62.26660228578681, "EV": 12312208000.0, "EBITDA": 1048000000, "EV/EBITDA": 14.14539666613061, "P/B": 3.308333972283567, "ROA": 0.016260721985230035, "CFROA": 0.08238042114070562, "MACD": -0.6823832276654329, "RSI": 41.249884904279675, "R&D": 88310000}, "Real Estate": {"Price": 87.82, "Volume": 1221065.0, "P/E": 46.347574602296376, "EV": 21433631552.600002, "EBITDA": 990957000, "EV/EBITDA": 24.40802434977436, "P/B": 3.4609616492684228, "ROA": 0.02230684354073239, "CFROA": 0.06639070790419224, "MACD": 0.3866699864804275, "RSI": 47.95186754885906, "R&D": 0}, "Utilities": {"Price": 50.88, "Volume": 2819492.0, "P/E": 62.358995434090915, "EV": 25591808052.42, "EBITDA": 1687000000, "EV/EBITDA": 15.279532665217392, "P/B": 1.607642874214198, "ROA": 0.006201163824131455, "CFROA": 0.04049471555243801, "MACD": 0.25385318071917595, "RSI": 52.822639129801075, "R&D": 0}, "Energy": {"Price": 53.15, "Volume": 5497456.0, "P/E": 16.224000019992648, "EV": 34831684698.399994, "EBITDA": 6488000000, "EV/EBITDA": 7.421289173923444, "P/B": 1.7582307599150304, "ROA": 0.04235343848685028, "CFROA": 0.10414082777893435, "MACD": -1.4857321887578507, "RSI": 41.39641157118834, "R&D": 0}}