{"Industrials": {"Price": 118.85, "Volume": 1935536.0, "P/E": 62.36180613673254, "EV": 26725865243.88, "EBITDA": 1252200000.0, "EV/EBITDA": 22.06309371209677, "P/B": 5.0340714072710835, "ROA": 0.030024466560865673, "CFROA": 0.08075992899470186, "MACD": 1.2763329254094735, "RSI": 61.31483593367273, "R&D": 47800000.0}, "Health Care": {"Price": 118.83, "Volume": 1392018.0, "P/E": 81.87281353787759, "EV": 30659628943.160004, "EBITDA": 1348000000, "EV/EBITDA": 24.413601653272575, "P/B": 4.391267945755094, "ROA": 0.015473773943632568, "CFROA": 0.05567412081284216, "MACD": 0.41261903272675227, "RSI": 56.411037036956614, "R&D": 193998000}, "Information Technology": {"Price": 109.37, "Volume": 2496976.0, "P/E": 60.689833239474886, "EV": 30402492898.999996, "EBITDA": 1161000000, "EV/EBITDA": 31.293670346602863, "P/B": 7.1701924766605, "ROA": 0.03438271493701908, "CFROA": 0.11418813822952593, "MACD": 0.2948871287676127, "RSI": 55.11754031012656, "R&D": 607000000}, "Communication Services": {"Price": 50.285, "Volume": 3979926.5, "P/E": 44.857155735146776, "EV": 37798729395.43, "EBITDA": 1198888000.0, "EV/EBITDA": 18.60454237343282, "P/B": 2.9227153964170576, "ROA": 0.008982699087102702, "CFROA": 0.05202920357621647, "MACD": 0.21466673492752264, "RSI": 54.2571603315577, "R&D": 0.0}, "Consumer Staples": {"Price": 68.78, "Volume": 2656881.0, "P/E": 76.71856295037344, "EV": 43379592890.979996, "EBITDA": 1918808000, "EV/EBITDA": 16.111296285174262, "P/B": 4.367183059179247, "ROA": 0.020865020865020865, "CFROA": 0.059559471365638765, "MACD": 0.037562617536792686, "RSI": 48.2875699814566, "R&D": 69400000}, "Consumer Discretionary": {"Price": 97.99, "Volume": 1732775.0, "P/E": 56.11707693035294, "EV": 29083959837.47, "EBITDA": 1084500000, "EV/EBITDA": 19.21261454653371, "P/B": 4.6959750660584305, "ROA": 0.028474456737338564, "CFROA": 0.08276349619066486, "MACD": 0.8096407154280882, "RSI": 57.8628649935362, "R&D": 0}, "Financials": {"Price": 92.95, "Volume": 1424230.0, "P/E": 51.549265068128825, "EV": 37313977819.34, "EBITDA": 1250000000.0, "EV/EBITDA": 19.531511522627433, "P/B": 1.7214789231759435, "ROA": 0.011103059271157942, "CFROA": 0.014279133843812556, "MACD": 0.4138008297423035, "RSI": 59.724522767192866, "R&D": 0.0}, "Materials": {"Price": 93.6, "Volume": 1544802.0, "P/E": 51.40929603274683, "EV": 18608264332.5, "EBITDA": 1520200000, "EV/EBITDA": 14.516012460907849, "P/B": 3.3238734835676236, "ROA": 0.02336076981192095, "CFROA": 0.07496426018584704, "MACD": 0.5148673396831214, "RSI": 59.88572663560506, "R&D": 70054000}, "Real Estate": {"Price": 90.03, "Volume": 1565902.0, "P/E": 67.74060518670899, "EV": 24873045414.36, "EBITDA": 1037949000, "EV/EBITDA": 25.154277707531556, "P/B": 3.2168710132416147, "ROA": 0.012928425640336912, "CFROA": 0.07311164397614414, "MACD": 0.36642091401036936, "RSI": 52.909628688904064, "R&D": 0}, "Utilities": {"Price": 64.46000000000001, "Volume": 2413864.0, "P/E": 103.39244998219758, "EV": 41373008729.26, "EBITDA": 1565500000.0, "EV/EBITDA": 24.838048033719815, "P/B": 2.248581686076922, "ROA": 0.00527037073705684, "CFROA": 0.046153499988279834, "MACD": 0.026468424701857174, "RSI": 49.50055183082071, "R&D": 0.0}, "Energy": {"Price": 57.15, "Volume": 6632707.0, "P/E": 14.895189782757688, "EV": 38982319074.47, "EBITDA": 4073000000, "EV/EBITDA": 9.302159197161307, "P/B": 1.5367647016986974, "ROA": 0.030323230317557123, "CFROA": 0.10589798630277011, "MACD": -0.11207537223864605, "RSI": 53.41496778880922, "R&D": 0}}