{"Industrials": {"Price": 72.54, "Volume": 1663182.0, "P/E": 66.05445312298245, "EV": 15362132960.22, "EBITDA": 859000000, "EV/EBITDA": 16.839804113999858, "P/B": 3.6066326530412782, "ROA": 0.02339504712774759, "CFROA": 0.03794290227939517, "MACD": 0.7797947176893416, "RSI": 63.879319393995175, "R&D": 29271000}, "Health Care": {"Price": 70.8225, "Volume": 1865753.5, "P/E": 70.01724686555181, "EV": 20909576664.15, "EBITDA": 1116958000.0, "EV/EBITDA": 15.541980381941853, "P/B": 3.4738111886848464, "ROA": 0.01972562404192684, "CFROA": 0.04124988203148685, "MACD": 0.9261771326702544, "RSI": 64.1164206411352, "R&D": 204299000.0}, "Information Technology": {"Price": 44.02, "Volume": 2306915.0, "P/E": 37.53140082125535, "EV": 13862402752.4, "EBITDA": 700000000, "EV/EBITDA": 14.289210938789227, "P/B": 3.2629841944680282, "ROA": 0.03652103399341785, "CFROA": 0.07263744349837065, "MACD": 0.36625915510765594, "RSI": 65.81482592248553, "R&D": 539469000}, "Communication Services": {"Price": 29.31, "Volume": 4294672.0, "P/E": 35.10502324664851, "EV": 20043539983.24, "EBITDA": 836000000, "EV/EBITDA": 15.982014445348808, "P/B": 3.1883013216164504, "ROA": 0.012417927490722238, "CFROA": 0.04443666899930021, "MACD": 0.21217994336727486, "RSI": 62.88153036249333, "R&D": 0}, "Consumer Staples": {"Price": 65.755, "Volume": 2677898.5, "P/E": 73.40843483127634, "EV": 29289915889.6, "EBITDA": 2010950000.0, "EV/EBITDA": 14.605068625331477, "P/B": 4.477172404767347, "ROA": 0.02541884803303339, "CFROA": 0.0392965326655389, "MACD": 0.4237659804923837, "RSI": 65.66142901090717, "R&D": 82650000.0}, "Consumer Discretionary": {"Price": 60.115, "Volume": 2539716.5, "P/E": 60.18678108664429, "EV": 17446056162.93, "EBITDA": 842741000.0, "EV/EBITDA": 22.128751472895974, "P/B": 3.7366967784573504, "ROA": 0.02547363995473119, "CFROA": 0.05212632979116197, "MACD": 0.5867081329252066, "RSI": 63.323238171405734, "R&D": 0.0}, "Financials": {"Price": 48.16285, "Volume": 2066905.0, "P/E": 37.73213321386437, "EV": 24813420941.68, "EBITDA": 1234300000.0, "EV/EBITDA": 17.36498689071544, "P/B": 1.4238976740039764, "ROA": 0.007444944312421532, "CFROA": 0.012664858767249994, "MACD": 0.23085595879125975, "RSI": 61.6199864111004, "R&D": 0.0}, "Materials": {"Price": 58.73, "Volume": 1850251.0, "P/E": 54.632906682460636, "EV": 10475880518.4, "EBITDA": 700028000, "EV/EBITDA": 12.207769731607733, "P/B": 3.29475297239726, "ROA": 0.014748045731163903, "CFROA": 0.06344288498171706, "MACD": 0.1674401654952007, "RSI": 56.97145757607761, "R&D": 85000000}, "Real Estate": {"Price": 90.325, "Volume": 1820137.5, "P/E": 76.46367913204311, "EV": 23739401348.5, "EBITDA": 950913000.0, "EV/EBITDA": 33.71571273941819, "P/B": 3.8415836726636834, "ROA": 0.010338277528764081, "CFROA": 0.03520421624829442, "MACD": 1.380124611864943, "RSI": 76.46292889422956, "R&D": 0.0}, "Utilities": {"Price": 46.77, "Volume": 2165262.0, "P/E": 86.42340556254902, "EV": 27438842648.6, "EBITDA": 1335000000, "EV/EBITDA": 17.679077306142425, "P/B": 1.7580298386464492, "ROA": 0.005994127845686058, "CFROA": 0.037644249102484435, "MACD": 0.8810033695211317, "RSI": 72.58834718527535, "R&D": 0}, "Energy": {"Price": 79.97, "Volume": 6265350.0, "P/E": 19.778195597198053, "EV": 30186953297.35, "EBITDA": 4809650000.0, "EV/EBITDA": 7.7544748734985305, "P/B": 1.8568291523326164, "ROA": 0.04696259097052209, "CFROA": 0.12245443725759333, "MACD": -1.2602460506969386, "RSI": 48.189770428550105, "R&D": 0.0}}