{"Industrials": {"Price": 72.51, "Volume": 1823569.0, "P/E": 65.76744257910013, "EV": 16695560796.76, "EBITDA": 923000000, "EV/EBITDA": 16.932973143225805, "P/B": 3.671034305834753, "ROA": 0.023081024487989082, "CFROA": 0.039974911143633704, "MACD": 1.1484860668069103, "RSI": 54.72991148260968, "R&D": 29271000}, "Health Care": {"Price": 73.98750000000001, "Volume": 1333663.0, "P/E": 74.92600229317668, "EV": 20586966843.985, "EBITDA": 1116958000.0, "EV/EBITDA": 15.679701695292039, "P/B": 3.559410732384648, "ROA": 0.01972562404192684, "CFROA": 0.04124988203148685, "MACD": 1.1795963687060222, "RSI": 61.4486650097129, "R&D": 207076000.0}, "Information Technology": {"Price": 44.0325, "Volume": 2088048.5, "P/E": 39.31023533584524, "EV": 13174419499.904999, "EBITDA": 717687500.0, "EV/EBITDA": 14.990413632053913, "P/B": 3.1990154482515187, "ROA": 0.03592156527000209, "CFROA": 0.07173202324507688, "MACD": 0.7696019476392912, "RSI": 61.98034496988359, "R&D": 555734500.0}, "Communication Services": {"Price": 28.56, "Volume": 2980745.0, "P/E": 36.98197639386921, "EV": 21228700483.42, "EBITDA": 836000000, "EV/EBITDA": 16.36228317575595, "P/B": 3.2956889387208372, "ROA": 0.012417927490722238, "CFROA": 0.04443666899930021, "MACD": 0.4432537861281922, "RSI": 62.023351328615334, "R&D": 0}, "Consumer Staples": {"Price": 67.745, "Volume": 2068071.0, "P/E": 72.89248349444877, "EV": 29221111571.04, "EBITDA": 2010950000.0, "EV/EBITDA": 15.435565312245195, "P/B": 4.708093978822271, "ROA": 0.02541884803303339, "CFROA": 0.0392965326655389, "MACD": 0.6645268143214231, "RSI": 66.62549855249472, "R&D": 82650000.0}, "Consumer Discretionary": {"Price": 62.315, "Volume": 1947365.0, "P/E": 61.25727089660805, "EV": 17781293512.230003, "EBITDA": 861957500.0, "EV/EBITDA": 20.667950513727305, "P/B": 3.8841004438236464, "ROA": 0.026206155534497, "CFROA": 0.04898963051463795, "MACD": 1.0613273244185706, "RSI": 61.92637573684776, "R&D": 0.0}, "Financials": {"Price": 48.0774, "Volume": 1761862.5, "P/E": 38.76586997112152, "EV": 24753069212.120003, "EBITDA": 1234300000.0, "EV/EBITDA": 17.88546454561061, "P/B": 1.4476764835323288, "ROA": 0.007444944312421532, "CFROA": 0.013361526466354974, "MACD": 0.42948226166122794, "RSI": 54.113449095809486, "R&D": 0.0}, "Materials": {"Price": 60.09, "Volume": 1527502.0, "P/E": 59.94977887045276, "EV": 10750065319.5, "EBITDA": 700028000, "EV/EBITDA": 12.866349075997102, "P/B": 3.2999744509589037, "ROA": 0.014748045731163903, "CFROA": 0.06200837350926161, "MACD": 0.9096186851064303, "RSI": 52.13927203394346, "R&D": 85000000}, "Real Estate": {"Price": 94.685, "Volume": 1280811.0, "P/E": 77.03634773723695, "EV": 23897668481.62, "EBITDA": 950913000.0, "EV/EBITDA": 34.23093033490362, "P/B": 3.9290876111139013, "ROA": 0.010338277528764081, "CFROA": 0.03520421624829442, "MACD": 1.2747156835380125, "RSI": 65.3371041449349, "R&D": 0.0}, "Utilities": {"Price": 47.69, "Volume": 2424051.0, "P/E": 87.10452364215686, "EV": 27435271371.879997, "EBITDA": 1335000000, "EV/EBITDA": 17.9372458489957, "P/B": 1.753655810250169, "ROA": 0.005994127845686058, "CFROA": 0.037644249102484435, "MACD": 0.35358832217367464, "RSI": 59.76879127014415, "R&D": 0}, "Energy": {"Price": 72.91499999999999, "Volume": 7555810.0, "P/E": 16.48821805720891, "EV": 28347357660.989998, "EBITDA": 4809650000.0, "EV/EBITDA": 7.270227691852474, "P/B": 1.7594751667046917, "ROA": 0.04696259097052209, "CFROA": 0.12245443725759333, "MACD": -1.0344899859277543, "RSI": 34.67032131746765, "R&D": 0.0}}