{"Industrials": {"Price": 75.16499999999999, "Volume": 1575708.0, "P/E": 69.43219585542079, "EV": 16640351836.98, "EBITDA": 989602500.0, "EV/EBITDA": 19.063246878274093, "P/B": 4.2691811537931335, "ROA": 0.023175306828340243, "CFROA": 0.058163525933431666, "MACD": 0.8229669399063511, "RSI": 59.8670248338389, "R&D": 34147000.0}, "Health Care": {"Price": 79.73, "Volume": 1373027.0, "P/E": 86.68898059206587, "EV": 23844041000.0, "EBITDA": 1035000000, "EV/EBITDA": 17.03736026963106, "P/B": 4.114606669912834, "ROA": 0.01821616617547602, "CFROA": 0.0472623188802761, "MACD": 0.9066147268870814, "RSI": 62.18964409201185, "R&D": 201463000}, "Information Technology": {"Price": 50.775000000000006, "Volume": 1995519.5, "P/E": 29.35998452212926, "EV": 12629234010.880001, "EBITDA": 584170500.0, "EV/EBITDA": 14.336950417399084, "P/B": 3.426568821948228, "ROA": 0.03780871355081698, "CFROA": 0.06639800558366901, "MACD": 0.7536004102903586, "RSI": 63.457050681063166, "R&D": 311517500.0}, "Consumer Staples": {"Price": 64.29, "Volume": 1788187.0, "P/E": 61.18744451996389, "EV": 31923080000.000004, "EBITDA": 2120000000, "EV/EBITDA": 15.666633321538068, "P/B": 4.341673213250435, "ROA": 0.024330678109236985, "CFROA": 0.05137055837563452, "MACD": 0.13111588796896, "RSI": 52.596754342601514, "R&D": 79000000}, "Financials": {"Price": 47.407, "Volume": 1722640.5, "P/E": 40.052176469290494, "EV": 23514859144.214996, "EBITDA": 1336150000.0, "EV/EBITDA": 12.174509957014557, "P/B": 1.3252736908977458, "ROA": 0.005942207764665169, "CFROA": 0.008208749225257283, "MACD": 0.4285673727181436, "RSI": 59.500195691806084, "R&D": 0.0}, "Materials": {"Price": 70.0, "Volume": 1343039.0, "P/E": 77.20342187718086, "EV": 13492290384.605, "EBITDA": 1074500000.0, "EV/EBITDA": 14.05235038716209, "P/B": 4.582014481713264, "ROA": 0.015292611718202509, "CFROA": 0.07450699669518548, "MACD": 1.3835218402205172, "RSI": 63.99226370251806, "R&D": 95405000.0}, "Utilities": {"Price": 47.489999999999995, "Volume": 3240910.5, "P/E": 78.0413896263938, "EV": 28156974104.114998, "EBITDA": 1808500000.0, "EV/EBITDA": 16.10961372209148, "P/B": 1.595332748616502, "ROA": 0.005998767239705329, "CFROA": 0.0405496772966777, "MACD": -0.762906716247592, "RSI": 35.705799010086054, "R&D": 0.0}, "Consumer Discretionary": {"Price": 69.78, "Volume": 2624231.0, "P/E": 59.50019768586891, "EV": 19544073835, "EBITDA": 696000000, "EV/EBITDA": 23.40175978978862, "P/B": 3.9493750564884786, "ROA": 0.027778232225091782, "CFROA": 0.06860682357361825, "MACD": 1.187030727283414, "RSI": 68.95625121531765, "R&D": 0}, "Real Estate": {"Price": 85.83515, "Volume": 1696952.5, "P/E": 51.06992483083144, "EV": 23836869180.879997, "EBITDA": 1084820500.0, "EV/EBITDA": 28.25375919833329, "P/B": 3.6754187310395485, "ROA": 0.022393932364575576, "CFROA": 0.08001417571442121, "MACD": -0.2704908277336493, "RSI": 47.76293530819102, "R&D": 0.0}, "Communication Services": {"Price": 41.215, "Volume": 2938361.0, "P/E": 29.8066042227187, "EV": 32075376232.08, "EBITDA": 1243318000.0, "EV/EBITDA": 17.791529025166405, "P/B": 4.272276763542728, "ROA": 0.006798655394725765, "CFROA": 0.03785206122110828, "MACD": 0.6800497025078176, "RSI": 67.49144106840748, "R&D": 0.0}, "Energy": {"Price": 70.98, "Volume": 5976440.0, "P/E": 17.41374682105263, "EV": 34801546000.0, "EBITDA": 5223693000, "EV/EBITDA": 9.088016480217151, "P/B": 2.2454903775557877, "ROA": 0.04235343848685028, "CFROA": 0.10414082777893435, "MACD": 0.5259160447079765, "RSI": 51.77058675133411, "R&D": 0}}