{"Industrials": {"Price": 100.5888, "Volume": 1207399.0, "P/E": 44.98822697359544, "EV": 23442013372.14, "EBITDA": 1106000000, "EV/EBITDA": 22.25561787644654, "P/B": 4.578292432153078, "ROA": 0.027575370011071798, "CFROA": 0.06400472069236822, "MACD": 0.6416087532162749, "RSI": 51.072285080267164, "R&D": 42000000}, "Health Care": {"Price": 108.38, "Volume": 1538862.0, "P/E": 25.174041303680298, "EV": 24050798000.0, "EBITDA": 1560000000, "EV/EBITDA": 21.026841979126306, "P/B": 4.655716851277615, "ROA": 0.009433962264150943, "CFROA": 0.04048981508722758, "MACD": 1.2412600082483465, "RSI": 64.85986059018438, "R&D": 151700000}, "Information Technology": {"Price": 86.49000000000001, "Volume": 2152750.0, "P/E": 50.37285929711891, "EV": 30860693749.33, "EBITDA": 1086850000.0, "EV/EBITDA": 26.99624644242553, "P/B": 4.489343442830871, "ROA": 0.020933299063194383, "CFROA": 0.03841134186287147, "MACD": 0.5034770686084205, "RSI": 52.143605576874585, "R&D": 601856000.0}, "Communication Services": {"Price": 53.84, "Volume": 4504769.0, "P/E": 11.764933016097274, "EV": 31229920820.0, "EBITDA": 910590000, "EV/EBITDA": 16.30965442764579, "P/B": 2.660738891717275, "ROA": 0.024306277340314902, "CFROA": 0.053736845421891735, "MACD": 0.22600811103632878, "RSI": 55.5199434329916, "R&D": 0}, "Consumer Staples": {"Price": 67.07, "Volume": 2535241.0, "P/E": 95.18352127396243, "EV": 45734112665.76, "EBITDA": 2427000000, "EV/EBITDA": 14.862819924482404, "P/B": 3.936461868678025, "ROA": 0.02484327411827649, "CFROA": 0.055776593348847686, "MACD": 0.11016492710106007, "RSI": 47.89529511316376, "R&D": 47300000}, "Consumer Discretionary": {"Price": 94.44, "Volume": 2306411.0, "P/E": 49.6832239273591, "EV": 24528067057.62, "EBITDA": 1029178000.0, "EV/EBITDA": 21.07148192355266, "P/B": 4.175047181905111, "ROA": 0.02874138411321677, "CFROA": 0.06657768974081715, "MACD": 0.6804071563733984, "RSI": 49.5526932297564, "R&D": 0.0}, "Financials": {"Price": 75.17, "Volume": 1658408.0, "P/E": 25.85536516913704, "EV": 34677460000.0, "EBITDA": 1411000000, "EV/EBITDA": 15.075450246648993, "P/B": 1.5487009933195868, "ROA": 0.00814892924155256, "CFROA": 0.01619264329185103, "MACD": -0.1513067180605816, "RSI": 44.71072664406081, "R&D": 0}, "Materials": {"Price": 102.44, "Volume": 1314218.0, "P/E": 20.306305911148783, "EV": 17472372175.1, "EBITDA": 1121600000.0, "EV/EBITDA": 15.666276158553424, "P/B": 3.6222275133054644, "ROA": 0.032918036602644724, "CFROA": 0.06604613298651958, "MACD": 0.009401065066043657, "RSI": 47.21213728001223, "R&D": 65237000.0}, "Real Estate": {"Price": 89.09, "Volume": 1066502.0, "P/E": 83.14169017755162, "EV": 24413594706.364998, "EBITDA": 1232278500.0, "EV/EBITDA": 23.05824990837108, "P/B": 2.645276028765476, "ROA": 0.015362598773235609, "CFROA": 0.057892269039803296, "MACD": -0.5346087550091028, "RSI": 41.959604222902996, "R&D": 0.0}, "Utilities": {"Price": 62.405, "Volume": 1748591.5, "P/E": 19.176548198413993, "EV": 32411358436.73, "EBITDA": 1593500000.0, "EV/EBITDA": 19.95725497821472, "P/B": 1.928435424828765, "ROA": 0.00565239427939253, "CFROA": 0.0410868869683505, "MACD": -0.26789577161369493, "RSI": 45.845128518220065, "R&D": 0.0}, "Energy": {"Price": 77.24000000000001, "Volume": 5164607.0, "P/E": 18.956706646158164, "EV": 47048326073.585, "EBITDA": 3075500000.0, "EV/EBITDA": 15.29459448566189, "P/B": 2.300527567202546, "ROA": 0.030444879882463523, "CFROA": 0.08933473823179183, "MACD": 0.37165812066641024, "RSI": 57.95652747796123, "R&D": 0.0}}