{"Industrials": {"Price": 66.11500000000001, "Volume": 2633007.5, "P/E": 64.9331885469379, "EV": 15086145722.439999, "EBITDA": 775294000.0, "EV/EBITDA": 18.025230425227278, "P/B": 3.2115853894200788, "ROA": 0.018951897508051926, "CFROA": 0.043857186948983065, "MACD": -0.2977164965402892, "RSI": 36.40784438265176, "R&D": 27799500.0}, "Health Care": {"Price": 58.995000000000005, "Volume": 3273032.0, "P/E": 65.18393932772776, "EV": 15860532622.210001, "EBITDA": 991662500.0, "EV/EBITDA": 13.402765749522374, "P/B": 2.8618496069169534, "ROA": 0.01871625178334607, "CFROA": 0.032402205160369256, "MACD": 0.14195946026670114, "RSI": 43.386551903005724, "R&D": 165142500.0}, "Information Technology": {"Price": 41.94, "Volume": 3867874.0, "P/E": 26.06519422598067, "EV": 14374253730.0, "EBITDA": 631000000, "EV/EBITDA": 15.521539531835764, "P/B": 2.847363841269752, "ROA": 0.03628985507246377, "CFROA": 0.07577730394004233, "MACD": -0.08286827646855244, "RSI": 36.92611186108074, "R&D": 576000000}, "Consumer Staples": {"Price": 51.46, "Volume": 3924154.0, "P/E": 52.99537699542079, "EV": 27147575253.8, "EBITDA": 1900000000, "EV/EBITDA": 13.50625634517413, "P/B": 3.9107498120790245, "ROA": 0.022350298844428202, "CFROA": 0.08032990898221126, "MACD": -0.5824048677192408, "RSI": 30.28197797545519, "R&D": 93100000}, "Financials": {"Price": 42.6765, "Volume": 3139208.75, "P/E": 28.790970329556266, "EV": 17722889187.699997, "EBITDA": 1106500000.0, "EV/EBITDA": 16.458646033263825, "P/B": 1.2436296021629047, "ROA": 0.006534883067501932, "CFROA": 0.0038411871668562756, "MACD": -0.6679373738720535, "RSI": 32.93714724747592, "R&D": 0.0}, "Materials": {"Price": 59.004999999999995, "Volume": 1931396.0, "P/E": 74.8607984958516, "EV": 9948647172.34, "EBITDA": 824742500.0, "EV/EBITDA": 14.38987125715703, "P/B": 3.1681794655303896, "ROA": 0.012160185155477506, "CFROA": 0.036919083075022625, "MACD": -0.5033445179781353, "RSI": 34.6482411353355, "R&D": 91459500.0}, "Real Estate": {"Price": 70.2866, "Volume": 1632137.0, "P/E": 55.52518077859485, "EV": 16801549834.849998, "EBITDA": 580675000, "EV/EBITDA": 23.734685076997962, "P/B": 3.5101805678292948, "ROA": 0.012059338410046047, "CFROA": 0.04757007570330418, "MACD": 0.6339176499532897, "RSI": 55.76144508771502, "R&D": 0}, "Utilities": {"Price": 41.25, "Volume": 3712255.0, "P/E": 30.979468859104475, "EV": 23695804917.12, "EBITDA": 1260099000, "EV/EBITDA": 17.695911896511628, "P/B": 1.4167084248463178, "ROA": 0.006134211044326541, "CFROA": 0.03817102304665542, "MACD": 0.18073957275381858, "RSI": 56.847309382033856, "R&D": 0}, "Consumer Discretionary": {"Price": 48.08, "Volume": 5084720.0, "P/E": 44.28724750228314, "EV": 13322058000.0, "EBITDA": 688244000, "EV/EBITDA": 16.289411127963135, "P/B": 3.582026300411344, "ROA": 0.024851523707526045, "CFROA": 0.06384920803131137, "MACD": -0.5888802237108663, "RSI": 32.534562130350864, "R&D": 0}, "Communication Services": {"Price": 26.385, "Volume": 7050438.0, "P/E": 46.54745059288538, "EV": 12941932750.23, "EBITDA": 762941000, "EV/EBITDA": 16.568785293393518, "P/B": 2.952989846172161, "ROA": 0.009201617253941603, "CFROA": 0.0095979705171575, "MACD": 0.09418341094480809, "RSI": 45.45975477258384, "R&D": 0}, "Energy": {"Price": 73.92, "Volume": 6638748.0, "P/E": 17.090902354064518, "EV": 31964721448.64, "EBITDA": 5787000000, "EV/EBITDA": 8.185679575420771, "P/B": 1.7561260982536986, "ROA": 0.03531056028281333, "CFROA": 0.11921486432900924, "MACD": -0.5057972943728899, "RSI": 39.716435093850926, "R&D": 0}}