{"Industrials": {"Price": 78.345, "Volume": 1409415.5, "P/E": 73.33565265334207, "EV": 18722071752.879997, "EBITDA": 1007492500.0, "EV/EBITDA": 18.631068548515955, "P/B": 4.252901744241463, "ROA": 0.020320508857130153, "CFROA": 0.05941112417844194, "MACD": 0.12571026626791948, "RSI": 50.93636213972674, "R&D": 32314500.0}, "Health Care": {"Price": 82.37, "Volume": 1472494.0, "P/E": 89.01875271149676, "EV": 27819484354.13, "EBITDA": 1526000000, "EV/EBITDA": 19.307428217813083, "P/B": 4.294472178635304, "ROA": 0.01917550839964633, "CFROA": 0.05511785636387517, "MACD": 0.016646797154521664, "RSI": 45.72788307375556, "R&D": 232100000}, "Information Technology": {"Price": 70.35, "Volume": 2301091.0, "P/E": 51.87259574197478, "EV": 21567798478.2675, "EBITDA": 745318000.0, "EV/EBITDA": 23.60691367256743, "P/B": 4.2689579200652945, "ROA": 0.027222856874096982, "CFROA": 0.06897271678722514, "MACD": 0.44994422032960557, "RSI": 57.1399627786478, "R&D": 513275500.0}, "Communication Services": {"Price": 44.615, "Volume": 4403621.0, "P/E": 43.341818661061794, "EV": 31028177200.45, "EBITDA": 666060500.0, "EV/EBITDA": 22.995041253465644, "P/B": 4.688551548736216, "ROA": 0.013637213714165264, "CFROA": 0.05463951528423812, "MACD": 0.20060937118112943, "RSI": 62.50095126537539, "R&D": 0.0}, "Consumer Staples": {"Price": 71.7, "Volume": 2946171.0, "P/E": 64.98728529664626, "EV": 35483312019.600006, "EBITDA": 2151000000, "EV/EBITDA": 16.006034321425236, "P/B": 4.062485662114664, "ROA": 0.023490034074118746, "CFROA": 0.08365990603873037, "MACD": 0.07610896882111717, "RSI": 53.36891355544646, "R&D": 58100000}, "Consumer Discretionary": {"Price": 67.065, "Volume": 2533821.5, "P/E": 70.41315196016774, "EV": 21460652740.02, "EBITDA": 995381500.0, "EV/EBITDA": 21.108101953078084, "P/B": 3.6062647817287923, "ROA": 0.02470103924615501, "CFROA": 0.05841386392713692, "MACD": 0.1739618926602784, "RSI": 53.545031688105965, "R&D": 0.0}, "Financials": {"Price": 66.1, "Volume": 1821350.0, "P/E": 41.455077832472846, "EV": 27136101296.93, "EBITDA": 1301800000.0, "EV/EBITDA": 17.497800683184362, "P/B": 1.6231015086327019, "ROA": 0.008438863000932759, "CFROA": 0.01042856661955594, "MACD": 0.4453454010930251, "RSI": 61.4404378730438, "R&D": 0.0}, "Materials": {"Price": 91.35, "Volume": 2168601.0, "P/E": 80.35849423692804, "EV": 15425179271.220001, "EBITDA": 1108050000.0, "EV/EBITDA": 15.57318474611432, "P/B": 4.903304266516093, "ROA": 0.018414117671451954, "CFROA": 0.042690899878263286, "MACD": 0.17823393087812178, "RSI": 48.50369153260358, "R&D": 79237500.0}, "Real Estate": {"Price": 100.89, "Volume": 1135381.0, "P/E": 121.1557906689077, "EV": 20422724909.37, "EBITDA": 1095193000, "EV/EBITDA": 26.594425574971357, "P/B": 2.786195827057943, "ROA": 0.010701459393846417, "CFROA": 0.062042917622160555, "MACD": 0.5109938704039934, "RSI": 56.34995055832442, "R&D": 0}, "Utilities": {"Price": 56.53, "Volume": 1967942.0, "P/E": 92.54983037142857, "EV": 29194628576.53, "EBITDA": 1277000000, "EV/EBITDA": 21.573223032175292, "P/B": 2.019532120755963, "ROA": 0.0054647765393355694, "CFROA": 0.04556086311974963, "MACD": 0.17421764751914637, "RSI": 59.82579035159682, "R&D": 0}, "Energy": {"Price": 59.129999999999995, "Volume": 4524354.5, "P/E": -5.550411091865554, "EV": 44077941912.884995, "EBITDA": 2339500000.0, "EV/EBITDA": 15.404180736108291, "P/B": 2.087154441524653, "ROA": -0.006942597530081061, "CFROA": 0.05796595144774825, "MACD": 0.45186270030711384, "RSI": 58.951837124069094, "R&D": 0.0}}