{"Industrials": {"Price": 50.64, "Volume": 1636524.0, "P/E": 43.2827243848181, "EV": 11638930000.0, "EBITDA": 1343000000, "EV/EBITDA": 10.677018246868133, "P/B": 2.4419997117203107, "ROA": 0.02089276966081669, "CFROA": 0.05288965257114119, "MACD": 0.05781058745079637, "RSI": 53.24047053577177, "R&D": 26997000}, "Health Care": {"Price": 44.28, "Volume": 2262367.0, "P/E": 40.00349308813805, "EV": 11660513910.4, "EBITDA": 1414100000, "EV/EBITDA": 9.687258606363635, "P/B": 2.5014074694871633, "ROA": 0.022064335299677346, "CFROA": 0.06101782113038681, "MACD": 0.2039446586671616, "RSI": 52.91208225431977, "R&D": 116139000}, "Information Technology": {"Price": 27.905, "Volume": 3019511.5, "P/E": 15.853643619356898, "EV": 12939478026.405, "EBITDA": 708000000.0, "EV/EBITDA": 10.142681255224822, "P/B": 2.096347423477421, "ROA": 0.03776502309535124, "CFROA": 0.1028205990279962, "MACD": 0.10255954956187807, "RSI": 51.94095804653214, "R&D": 312000000.0}, "Consumer Staples": {"Price": 42.82, "Volume": 3030681.0, "P/E": 51.54887278701198, "EV": 22413886151.52, "EBITDA": 1702000000, "EV/EBITDA": 10.338352082022157, "P/B": 3.464177011414764, "ROA": 0.022617823710838158, "CFROA": 0.049400246627555024, "MACD": 0.29599089052849337, "RSI": 53.360961152113425, "R&D": 58100000}, "Consumer Discretionary": {"Price": 34.9975, "Volume": 3319858.0, "P/E": 36.73346420922381, "EV": 9729554326.765, "EBITDA": 707109500.0, "EV/EBITDA": 14.62997434489066, "P/B": 2.524107437147351, "ROA": 0.026521679556700525, "CFROA": 0.1024601561268397, "MACD": -0.08122156752931531, "RSI": 47.97494221666293, "R&D": 0.0}, "Financials": {"Price": 33.32, "Volume": 2392749.0, "P/E": 36.91169754184234, "EV": 16041550379.0, "EBITDA": 1107000000, "EV/EBITDA": 10.442576325437644, "P/B": 0.998423163852178, "ROA": 0.009474824038982133, "CFROA": 0.008737882640867287, "MACD": -0.007262283914940326, "RSI": 52.25800249573296, "R&D": 0}, "Materials": {"Price": 44.44835, "Volume": 1725867.5, "P/E": 48.638851847478975, "EV": 7449079352.14, "EBITDA": 660746500.0, "EV/EBITDA": 11.758409019557092, "P/B": 2.4700022858709967, "ROA": 0.013993856189869492, "CFROA": 0.0542791375110396, "MACD": 0.4464571377627351, "RSI": 55.37665719140608, "R&D": 84741500.0}, "Utilities": {"Price": 36.14, "Volume": 2441104.0, "P/E": 45.821111111111115, "EV": 17809952243.0, "EBITDA": 1217500000, "EV/EBITDA": 15.278706481299523, "P/B": 1.5037749906334923, "ROA": 0.005767234418855012, "CFROA": 0.05990364704390821, "MACD": 0.3333766986307438, "RSI": 57.001810845132304, "R&D": 0}, "Real Estate": {"Price": 71.56, "Volume": 906829, "P/E": 162.22047977647475, "EV": 17765003446.4, "EBITDA": 654837000, "EV/EBITDA": 33.430151153923624, "P/B": 3.9897178569516867, "ROA": 0.007318032786885246, "CFROA": 0.06331500106241869, "MACD": 0.8594997834916853, "RSI": 61.746672434351055, "R&D": 0}, "Communication Services": {"Price": 22.601999999999997, "Volume": 13047216.5, "P/E": 8.739026319714034, "EV": 17699788945.0, "EBITDA": 1142576500.0, "EV/EBITDA": 9.429684213667523, "P/B": 1.5013282004125168, "ROA": 0.01070744254443622, "CFROA": 0.05761445716491352, "MACD": 0.27897218032091864, "RSI": 57.05348067195187, "R&D": 0.0}, "Energy": {"Price": 55.22, "Volume": 7614185.0, "P/E": 12.410821852600487, "EV": 26693984310.350002, "EBITDA": 5277000000, "EV/EBITDA": 5.1777727531825954, "P/B": 1.8154714321690648, "ROA": 0.07241212614089651, "CFROA": 0.12168851164089083, "MACD": 0.8864504639587594, "RSI": 59.986656852972075, "R&D": 0}}