{"Health Care": {"Price": 32.13855, "Volume": 2472322.0, "P/E": 15.522264560961922, "EV": 9479143998.6271, "EBITDA": 557691000.0, "EV/EBITDA": 18.368317970957193, "P/B": 3.2181141159789926, "ROA": 0.04016419049619407, "CFROA": 0.02848636571158368, "MACD": 0.868215109479948, "RSI": 69.25464372230066, "R&D": 52152500.0}, "Materials": {"Price": 90.53, "Volume": 1099471.0, "P/E": 71.2912131816979, "EV": 22866339106.74, "EBITDA": 1230400000, "EV/EBITDA": 18.58447586698635, "P/B": 3.4971495982873315, "ROA": 0.020146750679332737, "CFROA": 0.06219504068592245, "MACD": 1.2486312936509876, "RSI": 62.48817932947497, "R&D": 114700000}, "Information Technology": {"Price": 36.24, "Volume": 3607397.0, "P/E": 50.37414829862131, "EV": 16502218112.160004, "EBITDA": 2036000000, "EV/EBITDA": 8.105215182789786, "P/B": 2.28138735984109, "ROA": 0.051975695054854304, "CFROA": 0.03001412429378531, "MACD": 0.5502899430596528, "RSI": 61.20504809457906, "R&D": 482000000}, "Industrials": {"Price": 57.24, "Volume": 5467596.0, "P/E": 57.51948305030708, "EV": 12495862271.0914, "EBITDA": 2677000000, "EV/EBITDA": 17.238361152289876, "P/B": 4.399723529889706, "ROA": 0.03278903821739702, "CFROA": 0.07652234820295058, "MACD": 0.3349730764133483, "RSI": 64.77906518165568, "R&D": 198900000}, "Financials": {"Price": 37.7233, "Volume": 3542745.0, "P/E": 5.844803203703494, "EV": 5363358698.7589, "EBITDA": 2226125000, "EV/EBITDA": 2.409280116237363, "P/B": 1.0935387938387038, "ROA": 0.13500906977977767, "CFROA": 0.08179452765050119, "MACD": -0.5146320467456462, "RSI": 48.10426436989503, "R&D": 0}, "Consumer Discretionary": {"Price": 16.625, "Volume": 12765616.0, "P/E": 13.02959760998308, "EV": 11706187500.0, "EBITDA": 1929800000, "EV/EBITDA": 6.0660107265001555, "P/B": 3.3528689416823143, "ROA": 0.14807623044519957, "CFROA": 0.14618143096509498, "MACD": 0.2255103705888608, "RSI": 64.75642419735095, "R&D": 0}}