{"Industrials": {"Price": 125.575, "Volume": 1175939.0, "P/E": 26.053464234966548, "EV": 31089265334.71, "EBITDA": 1601702500.0, "EV/EBITDA": 16.6919773975729, "P/B": 4.646446420642855, "ROA": 0.06622447982731344, "CFROA": 0.11544213686950142, "MACD": -0.30896451051345775, "RSI": 50.09973213119005, "R&D": 68165500.0}, "Health Care": {"Price": 182.28500000000003, "Volume": 1346247.0, "P/E": 26.029295215421357, "EV": 45061541300.78999, "EBITDA": 2723000000.0, "EV/EBITDA": 16.319925726399198, "P/B": 4.0033306808547415, "ROA": 0.06837731908205007, "CFROA": 0.10821357651728362, "MACD": 0.3690100617493002, "RSI": 51.05625549838577, "R&D": 273313000.0}, "Information Technology": {"Price": 134.56, "Volume": 1902425.0, "P/E": 27.191544423843414, "EV": 38767194201.2, "EBITDA": 2406000000, "EV/EBITDA": 16.4890657520427, "P/B": 6.235683377420344, "ROA": 0.08967599693251534, "CFROA": 0.12373963701546045, "MACD": -1.2579571061966206, "RSI": 46.341588476354445, "R&D": 623636000}, "Communication Services": {"Price": 54.96, "Volume": 4188833.5, "P/E": 13.725877659487754, "EV": 33057721768.44, "EBITDA": 4116000000.0, "EV/EBITDA": 7.983275010068967, "P/B": 1.8659685430570083, "ROA": 0.048694836599976865, "CFROA": 0.1085547760969234, "MACD": -0.2522506609719759, "RSI": 50.622458501591, "R&D": 0.0}, "Consumer Staples": {"Price": 82.02, "Volume": 2730043.0, "P/E": 26.793968069479185, "EV": 50532523547.020004, "EBITDA": 3438000000, "EV/EBITDA": 16.348407465350167, "P/B": 5.050819543140198, "ROA": 0.06365623948873192, "CFROA": 0.11460426366086743, "MACD": 0.11305332323445327, "RSI": 46.50253372426992, "R&D": 87000000}, "Consumer Discretionary": {"Price": 106.86, "Volume": 2448480.0, "P/E": 16.66890323008686, "EV": 26086623048.69, "EBITDA": 1899139000, "EV/EBITDA": 13.454963498274905, "P/B": 2.4424438498779684, "ROA": 0.08653495745014697, "CFROA": 0.13005381061422094, "MACD": -0.5622466685148737, "RSI": 49.33142389751576, "R&D": 0}, "Utilities": {"Price": 67.175, "Volume": 2159411.0, "P/E": 20.7303471435377, "EV": 38972938587.1, "EBITDA": 2624000000.0, "EV/EBITDA": 12.510020651036667, "P/B": 2.1400386244272758, "ROA": 0.024474440658036375, "CFROA": 0.05073062769912859, "MACD": 0.4767260587753199, "RSI": 53.62193668024711, "R&D": 0.0}, "Financials": {"Price": 96.99, "Volume": 1741886.0, "P/E": 12.154389937450839, "EV": 43860480000.0, "EBITDA": 4399000000, "EV/EBITDA": 9.392207998630278, "P/B": 1.3617826284273216, "ROA": 0.020971359469152774, "CFROA": 0.02220549722201826, "MACD": -0.38102649217898943, "RSI": 48.931886654473594, "R&D": 0}, "Materials": {"Price": 98.72, "Volume": 1597971.0, "P/E": 21.425303956950643, "EV": 27044520272.5, "EBITDA": 2674500000.0, "EV/EBITDA": 9.715543303516455, "P/B": 3.2876509341848634, "ROA": 0.06067164508691829, "CFROA": 0.09767650029405872, "MACD": -0.383777689861752, "RSI": 49.208366568221535, "R&D": 97900000.0}, "Real Estate": {"Price": 102.66, "Volume": 1313832.0, "P/E": 31.79824840848197, "EV": 26251774660.0, "EBITDA": 1617508000, "EV/EBITDA": 19.46200663638758, "P/B": 2.3014602633274177, "ROA": 0.03348704103001298, "CFROA": 0.07581339849016171, "MACD": -0.5444174736252805, "RSI": 45.99545657596913, "R&D": 0}, "Energy": {"Price": 85.84, "Volume": 6242906.0, "P/E": 20.746534986459395, "EV": 56770506024.475006, "EBITDA": 5163500000.0, "EV/EBITDA": 10.781387998984535, "P/B": 2.6703875095258205, "ROA": 0.05660192755894935, "CFROA": 0.10494879530417964, "MACD": -0.5710780125533983, "RSI": 43.09141582135206, "R&D": 0.0}}