{"Industrials": {"Price": 68.19, "Volume": 1365400.0, "P/E": 63.73492477931961, "EV": 15408502010.56, "EBITDA": 1047000000, "EV/EBITDA": 18.14655443198762, "P/B": 3.7017355015436166, "ROA": 0.024479278505475627, "CFROA": 0.06557530770091682, "MACD": 0.3070417284980209, "RSI": 55.66952641940974, "R&D": 29000000}, "Health Care": {"Price": 78.72, "Volume": 1432976.0, "P/E": 75.87099544915255, "EV": 22443336574.5, "EBITDA": 882959000, "EV/EBITDA": 19.245486961935484, "P/B": 3.7445785647219845, "ROA": 0.018595291778796035, "CFROA": 0.048464130724658765, "MACD": 0.567642269940535, "RSI": 61.2160391565685, "R&D": 192972000}, "Information Technology": {"Price": 53.230000000000004, "Volume": 2034438.0, "P/E": 36.638497174744735, "EV": 12547260046.8, "EBITDA": 663559500.0, "EV/EBITDA": 18.948525143203312, "P/B": 2.976194257945477, "ROA": 0.030917010030763685, "CFROA": 0.07400207752136256, "MACD": 0.38883910004173394, "RSI": 62.62373033205105, "R&D": 489689500.0}, "Communication Services": {"Price": 38.65, "Volume": 3176483.0, "P/E": 40.190963977676304, "EV": 32310677144.75, "EBITDA": 866600000, "EV/EBITDA": 14.579715670703905, "P/B": 3.990423378640902, "ROA": 0.009948543727897644, "CFROA": 0.07592421386290778, "MACD": 0.25442794577543637, "RSI": 59.89750390660023, "R&D": 0}, "Consumer Staples": {"Price": 70.5, "Volume": 2934306.0, "P/E": 62.707566911914135, "EV": 35887007000.0, "EBITDA": 1625000000, "EV/EBITDA": 20.51369608439062, "P/B": 4.330235464958021, "ROA": 0.02042931775911293, "CFROA": 0.0704924856818867, "MACD": 0.0006345285462714401, "RSI": 54.95461245974861, "R&D": 64700000}, "Consumer Discretionary": {"Price": 67.15, "Volume": 2595552.0, "P/E": 69.10131041478034, "EV": 17825033407.38, "EBITDA": 892000000, "EV/EBITDA": 18.634676964782027, "P/B": 3.66029100136276, "ROA": 0.032388364509434164, "CFROA": 0.0882606153550372, "MACD": 0.002178548861522245, "RSI": 51.58898278854666, "R&D": 0}, "Financials": {"Price": 50.858000000000004, "Volume": 1448715.0, "P/E": 28.345973390302508, "EV": 23332536544.059998, "EBITDA": 1241500000.0, "EV/EBITDA": 14.979506731710984, "P/B": 1.2719905306857386, "ROA": 0.007692828325700867, "CFROA": 0.008863658008276402, "MACD": 0.673032416132834, "RSI": 60.480194204195456, "R&D": 0.0}, "Materials": {"Price": 73.92, "Volume": 1047444.0, "P/E": 45.25210043992485, "EV": 13101790178.5, "EBITDA": 1028732000, "EV/EBITDA": 16.498077430112218, "P/B": 3.9794285257086877, "ROA": 0.018122906529309264, "CFROA": 0.08246603338000984, "MACD": 0.2149959806869468, "RSI": 52.40958844177694, "R&D": 102000000}, "Real Estate": {"Price": 94.735, "Volume": 1200173.5, "P/E": 127.16473785843931, "EV": 21451243398.015, "EBITDA": 1039423000.0, "EV/EBITDA": 26.735167303134364, "P/B": 2.881117427653642, "ROA": 0.014420111076633397, "CFROA": 0.043490488992763615, "MACD": 0.07984733989313675, "RSI": 49.36256758134278, "R&D": 0.0}, "Utilities": {"Price": 55.52, "Volume": 2266771.0, "P/E": 73.06852072905178, "EV": 28313170593.55, "EBITDA": 1583976000, "EV/EBITDA": 19.554720462170454, "P/B": 1.7457399793724169, "ROA": 0.005742126326779189, "CFROA": 0.04854368932038835, "MACD": 0.08013490162213088, "RSI": 56.77229663231366, "R&D": 0}, "Energy": {"Price": 57.335, "Volume": 5178665.5, "P/E": -3.7916204409833343, "EV": 35652090408.61, "EBITDA": 1817000000.0, "EV/EBITDA": 14.873068462047815, "P/B": 2.23201833116926, "ROA": -0.010084159637781896, "CFROA": 0.027124924154223365, "MACD": 0.7616430250618222, "RSI": 53.15489836777506, "R&D": 0.0}}