{"Industrials": {"Price": 89.92, "Volume": 1627132.5, "P/E": 90.1211948134642, "EV": 21916985607.225, "EBITDA": 1131092500.0, "EV/EBITDA": 21.866884389211116, "P/B": 4.889217262963646, "ROA": 0.020837632630762215, "CFROA": 0.060063832701436254, "MACD": 0.9810241169041376, "RSI": 54.194820957188156, "R&D": 38314500.0}, "Health Care": {"Price": 99.89500000000001, "Volume": 1904903.5, "P/E": 95.49997183118393, "EV": 32285019918.66, "EBITDA": 1532000000.0, "EV/EBITDA": 21.898998810214184, "P/B": 4.23427337727095, "ROA": 0.01798075174032148, "CFROA": 0.03902650160958398, "MACD": 1.9563714541262698, "RSI": 58.29854820713676, "R&D": 188633500.0}, "Information Technology": {"Price": 90.775, "Volume": 2599976.5, "P/E": 72.92422452513726, "EV": 25590551951.379997, "EBITDA": 745318000.0, "EV/EBITDA": 28.723491459420575, "P/B": 5.26270594340913, "ROA": 0.022093906315059995, "CFROA": 0.05884301049056223, "MACD": 1.3259918626781975, "RSI": 60.338982862750385, "R&D": 536081500.0}, "Communication Services": {"Price": 46.565, "Volume": 4663835.5, "P/E": 32.08229524321417, "EV": 26421116281.37, "EBITDA": 902695000.0, "EV/EBITDA": 22.115023154898466, "P/B": 4.482650302750202, "ROA": 0.014837947964239769, "CFROA": 0.044160371205634465, "MACD": 0.4927914869129921, "RSI": 61.296669592790025, "R&D": 0.0}, "Consumer Staples": {"Price": 73.33, "Volume": 2921589.0, "P/E": 82.54082455513078, "EV": 40612200248.46, "EBITDA": 2151000000, "EV/EBITDA": 16.209054630583147, "P/B": 4.113770508445976, "ROA": 0.025284067460863344, "CFROA": 0.08367136473014782, "MACD": 0.515227042788311, "RSI": 51.91473053956636, "R&D": 58100000}, "Consumer Discretionary": {"Price": 95.74, "Volume": 2393865.0, "P/E": 87.47645154805537, "EV": 24937557252.7, "EBITDA": 1006300000, "EV/EBITDA": 25.706762251524843, "P/B": 4.793653797104595, "ROA": 0.024866871855000243, "CFROA": 0.05808457826781779, "MACD": 1.474607961210772, "RSI": 58.30707833135321, "R&D": 0}, "Financials": {"Price": 74.905, "Volume": 1994461.0, "P/E": 59.488273136862986, "EV": 31726791173.699997, "EBITDA": 1301800000.0, "EV/EBITDA": 18.327969348595985, "P/B": 1.865501188006613, "ROA": 0.008438863000932759, "CFROA": 0.01042856661955594, "MACD": 1.1862214883005429, "RSI": 63.19934861978588, "R&D": 0.0}, "Materials": {"Price": 108.005, "Volume": 1961972.0, "P/E": 82.85108970499786, "EV": 16560303449.52, "EBITDA": 1108050000.0, "EV/EBITDA": 16.5085102599173, "P/B": 5.231083178563718, "ROA": 0.018414117671451954, "CFROA": 0.042690899878263286, "MACD": 0.7884464483463915, "RSI": 49.913797061296435, "R&D": 68020500.0}, "Real Estate": {"Price": 113.07, "Volume": 1404338.0, "P/E": 124.55162387198229, "EV": 20010443756.69, "EBITDA": 1095193000, "EV/EBITDA": 25.28277980219047, "P/B": 2.4531599422264225, "ROA": 0.011620056050627756, "CFROA": 0.062042917622160555, "MACD": -0.8410401651405053, "RSI": 39.301274156112115, "R&D": 0}, "Utilities": {"Price": 55.21, "Volume": 3908421.0, "P/E": 88.29196735405405, "EV": 29033678939.8, "EBITDA": 1277000000, "EV/EBITDA": 21.13557877304082, "P/B": 1.9258023926704657, "ROA": 0.0054647765393355694, "CFROA": 0.041736607605429486, "MACD": -0.8306650395260675, "RSI": 38.25194407501673, "R&D": 0}, "Energy": {"Price": 64.215, "Volume": 5270296.0, "P/E": -7.74810556563529, "EV": 47918255557.625, "EBITDA": 2339500000.0, "EV/EBITDA": 16.810662287214214, "P/B": 2.503374584742299, "ROA": -0.006942597530081061, "CFROA": 0.05796595144774825, "MACD": 0.8763510439677802, "RSI": 51.20855950095755, "R&D": 0.0}}