{"Industrials": {"Price": 67.505, "Volume": 1753726.0, "P/E": 68.25114660206015, "EV": 15003281967.064999, "EBITDA": 781850000.0, "EV/EBITDA": 16.627355980070224, "P/B": 3.5388870403741146, "ROA": 0.01981394033354155, "CFROA": 0.04619511271527979, "MACD": 0.8899010540444721, "RSI": 63.818912486892636, "R&D": 22249500.0}, "Health Care": {"Price": 56.57, "Volume": 1663477.0, "P/E": 66.8381517133758, "EV": 15960200762.56, "EBITDA": 1253300000, "EV/EBITDA": 14.72294430773267, "P/B": 2.809832903473162, "ROA": 0.02044525215810995, "CFROA": 0.04033848417954378, "MACD": 0.7588996100769805, "RSI": 61.15594524317668, "R&D": 132639000}, "Information Technology": {"Price": 42.03, "Volume": 3301312.0, "P/E": 22.99168698241498, "EV": 14200174930.699997, "EBITDA": 631000000, "EV/EBITDA": 14.241141026455027, "P/B": 2.844274767276529, "ROA": 0.03485898435031699, "CFROA": 0.07702250020755588, "MACD": 0.4568181235156743, "RSI": 59.56926426454922, "R&D": 595000000}, "Consumer Staples": {"Price": 53.99, "Volume": 3601198.0, "P/E": 55.53157212394802, "EV": 29098165598.579998, "EBITDA": 1900000000, "EV/EBITDA": 14.450403559404435, "P/B": 3.6897714830858606, "ROA": 0.022350298844428202, "CFROA": 0.08032990898221126, "MACD": 0.7051836028093277, "RSI": 61.70097671886605, "R&D": 93100000}, "Financials": {"Price": 46.575, "Volume": 1748054.0, "P/E": 31.441847102360384, "EV": 18057012390.620003, "EBITDA": 1171800000.0, "EV/EBITDA": 16.48069127069421, "P/B": 1.3585813934887176, "ROA": 0.0070649120633925425, "CFROA": 0.007769946382375183, "MACD": 0.450241408076284, "RSI": 56.726447871381495, "R&D": 0.0}, "Materials": {"Price": 58.723349999999996, "Volume": 1126728.5, "P/E": 79.04199067518559, "EV": 10423747420.06, "EBITDA": 780992500.0, "EV/EBITDA": 14.765339326154393, "P/B": 3.2237501949668195, "ROA": 0.012160185155477506, "CFROA": 0.036919083075022625, "MACD": 0.628747233908431, "RSI": 55.95887430236485, "R&D": 91459500.0}, "Real Estate": {"Price": 75.18, "Volume": 1320620.4018, "P/E": 54.66659793419644, "EV": 16230254517.349998, "EBITDA": 580675000, "EV/EBITDA": 22.907766880445884, "P/B": 3.4726168216289914, "ROA": 0.012059338410046047, "CFROA": 0.04757007570330418, "MACD": 0.892708954561698, "RSI": 55.869878021583865, "R&D": 0}, "Utilities": {"Price": 39.57, "Volume": 2456273.5, "P/E": 25.358018368386162, "EV": 24283849838.170002, "EBITDA": 1272549500.0, "EV/EBITDA": 16.960250882852584, "P/B": 1.4835097413003746, "ROA": 0.006395835018275873, "CFROA": 0.04098475899793741, "MACD": 0.4133154537940378, "RSI": 59.910004957268626, "R&D": 0.0}, "Consumer Discretionary": {"Price": 51.32, "Volume": 2128211.0, "P/E": 39.8654904803084, "EV": 14677050896.38, "EBITDA": 764000000, "EV/EBITDA": 15.867136687070458, "P/B": 3.790334229204486, "ROA": 0.030124240906073838, "CFROA": 0.06384920803131137, "MACD": 0.6126692458915244, "RSI": 57.92183171647183, "R&D": 0}, "Communication Services": {"Price": 26.500799999999998, "Volume": 4487590.5, "P/E": 33.46142638942021, "EV": 16050931471.494999, "EBITDA": 796820500.0, "EV/EBITDA": 17.100808065132753, "P/B": 2.93118017065567, "ROA": 0.010450969344059473, "CFROA": 0.013023026002365722, "MACD": 0.42810429064378575, "RSI": 62.54540904770194, "R&D": 0.0}, "Energy": {"Price": 76.68, "Volume": 4921719.0, "P/E": 18.823685750193548, "EV": 32852960000.0, "EBITDA": 5787000000, "EV/EBITDA": 8.84967216117796, "P/B": 1.9254179424342766, "ROA": 0.03531056028281333, "CFROA": 0.11703251173899622, "MACD": 0.8744671818395204, "RSI": 55.648880743949015, "R&D": 0}}