{"Industrials": {"Price": 101, "Volume": 1463445.0, "P/E": 62.23669450012756, "EV": 23321092546.3, "EBITDA": 1137400000, "EV/EBITDA": 18.809989948397725, "P/B": 4.288750760963462, "ROA": 0.029789001782839736, "CFROA": 0.08059270567152292, "MACD": 1.955072086402808, "RSI": 61.941593109140975, "R&D": 48000000}, "Health Care": {"Price": 103.11, "Volume": 1433666.0, "P/E": 76.93896731027812, "EV": 34033885420.22, "EBITDA": 1348000000, "EV/EBITDA": 22.345892185377856, "P/B": 4.348209751049357, "ROA": 0.01597496525992144, "CFROA": 0.06190289229158487, "MACD": 1.536053451628959, "RSI": 65.65806018941277, "R&D": 193998000}, "Information Technology": {"Price": 90.075, "Volume": 2408730.0, "P/E": 50.37961296114706, "EV": 26658154420.840004, "EBITDA": 891500000.0, "EV/EBITDA": 27.014861083424876, "P/B": 4.383750628907695, "ROA": 0.03433075974320357, "CFROA": 0.1008800844451735, "MACD": 1.8752017977127338, "RSI": 66.40401471451187, "R&D": 607856000.0}, "Communication Services": {"Price": 42.84, "Volume": 4231554.15, "P/E": 42.989874806012025, "EV": 29328121500.0, "EBITDA": 1194776000, "EV/EBITDA": 18.48969158457279, "P/B": 2.502819320514432, "ROA": 0.009133913932885098, "CFROA": 0.03312700174832377, "MACD": 0.33544812396029045, "RSI": 58.386523072896004, "R&D": 0}, "Consumer Staples": {"Price": 67.095, "Volume": 2490544.5, "P/E": 78.67301604206139, "EV": 40636586858.82, "EBITDA": 2070404000.0, "EV/EBITDA": 15.560609236937614, "P/B": 3.911288663106746, "ROA": 0.023243738580161193, "CFROA": 0.09224644817476998, "MACD": 0.6453561887720056, "RSI": 54.434814050689916, "R&D": 42910500.0}, "Consumer Discretionary": {"Price": 94.91, "Volume": 1991690.5, "P/E": 56.090789139256685, "EV": 24706892413.18, "EBITDA": 1043000000.0, "EV/EBITDA": 17.728074634076314, "P/B": 4.597055112721674, "ROA": 0.031493729359870645, "CFROA": 0.09213846882437793, "MACD": 1.3464586909915148, "RSI": 58.674845777853406, "R&D": 0.0}, "Financials": {"Price": 78.755, "Volume": 1641659.5, "P/E": 47.38880023486936, "EV": 37544242755.520004, "EBITDA": 1250000000.0, "EV/EBITDA": 18.989417074381947, "P/B": 1.5501628583577785, "ROA": 0.011448315142585156, "CFROA": 0.016037188355104474, "MACD": 1.1054611781694312, "RSI": 67.17249992522599, "R&D": 0.0}, "Materials": {"Price": 90.79, "Volume": 1320960.0, "P/E": 49.33700489404762, "EV": 17329871795.72, "EBITDA": 1504400000, "EV/EBITDA": 14.583890398909903, "P/B": 2.8639478787207837, "ROA": 0.023583014397667214, "CFROA": 0.07496426018584704, "MACD": 1.476813857037584, "RSI": 60.364461850473226, "R&D": 70054000}, "Real Estate": {"Price": 95.58, "Volume": 1462237.0, "P/E": 61.29516180778768, "EV": 22820918945.280003, "EBITDA": 1174754000, "EV/EBITDA": 21.920162634027697, "P/B": 2.7503917099023587, "ROA": 0.013400918829990633, "CFROA": 0.0742072004174155, "MACD": 1.0661006234964816, "RSI": 57.46593102951868, "R&D": 0}, "Utilities": {"Price": 60.28, "Volume": 2926273.5, "P/E": 95.60759474425166, "EV": 37327239517.31, "EBITDA": 1565500000.0, "EV/EBITDA": 22.731750146647038, "P/B": 1.9936601079698677, "ROA": 0.00527037073705684, "CFROA": 0.046153499988279834, "MACD": 0.8039246479724724, "RSI": 65.17249319600364, "R&D": 0.0}, "Energy": {"Price": 62.68, "Volume": 5034059.0, "P/E": 16.296950545326087, "EV": 40137064827.43, "EBITDA": 4073000000, "EV/EBITDA": 9.675198483092553, "P/B": 1.7282273602555167, "ROA": 0.030323230317557123, "CFROA": 0.10589798630277011, "MACD": 0.45854190226344826, "RSI": 55.74306792479538, "R&D": 0}}