{"Industrials": {"Price": 56.72, "Volume": 1506209.0, "P/E": 56.6977320558, "EV": 11834159814.275, "EBITDA": 781850000.0, "EV/EBITDA": 14.718704762807388, "P/B": 2.997697137167772, "ROA": 0.019368333945316677, "CFROA": 0.04619511271527979, "MACD": -0.2109959887980466, "RSI": 53.10933179069501, "R&D": 22249500.0}, "Health Care": {"Price": 50.16, "Volume": 1974754.0, "P/E": 59.69088511721923, "EV": 14411239500.0, "EBITDA": 1253300000, "EV/EBITDA": 12.436490898337087, "P/B": 2.640438784612599, "ROA": 0.02044525215810995, "CFROA": 0.04033848417954378, "MACD": -0.1319908328322157, "RSI": 52.392817834419844, "R&D": 132639000}, "Information Technology": {"Price": 37.84, "Volume": 2462964.0, "P/E": 21.408880550226225, "EV": 14282131688.160002, "EBITDA": 512146000, "EV/EBITDA": 14.058264910743116, "P/B": 2.523875484683743, "ROA": 0.0340376539701986, "CFROA": 0.06158069920367241, "MACD": -0.01955359899392306, "RSI": 52.16255702836193, "R&D": 452937000}, "Consumer Staples": {"Price": 48.79, "Volume": 2919232.0, "P/E": 52.534250608415846, "EV": 27632652375.0, "EBITDA": 1857000000, "EV/EBITDA": 13.31540778206644, "P/B": 3.3557975997301477, "ROA": 0.02745682223768186, "CFROA": 0.08580079852086069, "MACD": -0.1804643614410537, "RSI": 50.181969373976386, "R&D": 57800000}, "Financials": {"Price": 40.954750000000004, "Volume": 2219646.5, "P/E": 29.23772957237516, "EV": 17832586274.27, "EBITDA": 1171800000.0, "EV/EBITDA": 15.024562729727027, "P/B": 1.2628206177062191, "ROA": 0.0070649120633925425, "CFROA": 0.005684221840086489, "MACD": 0.026936169717476588, "RSI": 55.97861014318669, "R&D": 0.0}, "Materials": {"Price": 51.489999999999995, "Volume": 1339247.5, "P/E": 70.41361987659818, "EV": 9009398119.42, "EBITDA": 780992500.0, "EV/EBITDA": 13.700894535059714, "P/B": 3.115727906375044, "ROA": 0.012160185155477506, "CFROA": 0.036919083075022625, "MACD": -0.5432361754510673, "RSI": 47.6385893300177, "R&D": 91459500.0}, "Real Estate": {"Price": 72.31, "Volume": 1302814.7937, "P/E": 54.84459681657172, "EV": 14537950832.4, "EBITDA": 580675000, "EV/EBITDA": 24.901074954239835, "P/B": 3.5675664944762264, "ROA": 0.012059338410046047, "CFROA": 0.04757007570330418, "MACD": -1.4016504218971448, "RSI": 44.838444184402746, "R&D": 0}, "Utilities": {"Price": 38.144999999999996, "Volume": 3019702.0, "P/E": 22.930241777261415, "EV": 23734893815.399998, "EBITDA": 1272549500.0, "EV/EBITDA": 15.708517379310809, "P/B": 1.4312442569753108, "ROA": 0.006395835018275873, "CFROA": 0.04098475899793741, "MACD": -0.3823424425986808, "RSI": 44.56374386559429, "R&D": 0.0}, "Consumer Discretionary": {"Price": 45.911, "Volume": 2166234.0, "P/E": 38.05600306479334, "EV": 12450726397.01, "EBITDA": 764500000, "EV/EBITDA": 14.231101602801845, "P/B": 3.4716120580875454, "ROA": 0.030124240906073838, "CFROA": 0.08097066502841345, "MACD": -0.07167239838517503, "RSI": 54.95133560929061, "R&D": 0}, "Communication Services": {"Price": 23.45, "Volume": 3884350.0, "P/E": 28.79195338746493, "EV": 14465686837.26, "EBITDA": 796820500.0, "EV/EBITDA": 16.090197268654595, "P/B": 2.4997030406787077, "ROA": 0.010450969344059473, "CFROA": 0.013023026002365722, "MACD": 0.10739375498164971, "RSI": 54.7716350643786, "R&D": 0.0}, "Energy": {"Price": 66.54, "Volume": 4231753.0, "P/E": 15.770438032418442, "EV": 29502307330.07, "EBITDA": 5787000000, "EV/EBITDA": 7.238891758147572, "P/B": 1.812087017019692, "ROA": 0.03531056028281333, "CFROA": 0.11703251173899622, "MACD": -0.45520399192376715, "RSI": 50.24269033931305, "R&D": 0}}