{"Industrials": {"Price": 164.34, "Volume": 1331502.0, "P/E": 54.63049451391585, "EV": 36495835082.72, "EBITDA": 1212038000, "EV/EBITDA": 25.65588223946301, "P/B": 6.089361599357535, "ROA": 0.030275974025974026, "CFROA": 0.02120877773691308, "MACD": 0.9173963443683277, "RSI": 57.9942643455961, "R&D": 54400000}, "Health Care": {"Price": 208.08, "Volume": 1224359.0, "P/E": 43.47040493815799, "EV": 47545552405.100006, "EBITDA": 1320200000, "EV/EBITDA": 23.52889576062397, "P/B": 6.04294471030303, "ROA": 0.04276574871150046, "CFROA": 0.05732543731727859, "MACD": -0.06357977061068887, "RSI": 53.92963777103524, "R&D": 225284000}, "Information Technology": {"Price": 170.935, "Volume": 2001895.5, "P/E": 75.94270915894104, "EV": 40640023437.0, "EBITDA": 1305365500.0, "EV/EBITDA": 30.246898972914877, "P/B": 9.161298124321306, "ROA": 0.05351623260869574, "CFROA": 0.06431722910972121, "MACD": 1.3325171274474137, "RSI": 58.37620678835063, "R&D": 554697500.0}, "Communication Services": {"Price": 68.96, "Volume": 3009790.0, "P/E": 36.09797124299101, "EV": 44241404967.01, "EBITDA": 2931000000, "EV/EBITDA": 17.585987530007397, "P/B": 2.6464714413825936, "ROA": 0.01967682308747242, "CFROA": 0.03380835966847535, "MACD": -0.14667884399625386, "RSI": 47.173461787732904, "R&D": 0}, "Consumer Staples": {"Price": 63.61, "Volume": 2086366.0, "P/E": 43.4032110877911, "EV": 47712911352.520004, "EBITDA": 2528700000, "EV/EBITDA": 17.50296240660972, "P/B": 5.477161814523318, "ROA": 0.04057873202007846, "CFROA": 0.060735719048677486, "MACD": -0.11310679048777672, "RSI": 51.13302372075775, "R&D": 69000000}, "Consumer Discretionary": {"Price": 138.95, "Volume": 1870760.0, "P/E": 30.757187761735263, "EV": 31486006848.5, "EBITDA": 1167158000, "EV/EBITDA": 24.453251668608264, "P/B": 4.908305461201324, "ROA": 0.024422604422604424, "CFROA": 0.004546761403813428, "MACD": 0.7775317412011393, "RSI": 58.14693623410269, "R&D": 0}, "Financials": {"Price": 94.7, "Volume": 1945385.0, "P/E": 34.36014711753221, "EV": 44855896845.26, "EBITDA": 2582000000, "EV/EBITDA": 16.78358590616731, "P/B": 1.5136006488865033, "ROA": 0.008603186406900505, "CFROA": 0.005876042104956385, "MACD": 1.3985042380703874, "RSI": 57.267872930501866, "R&D": 0}, "Materials": {"Price": 94.28, "Volume": 1638089.0, "P/E": 68.26693748945945, "EV": 27030667830.72, "EBITDA": 1398900000, "EV/EBITDA": 17.99757270573566, "P/B": 3.95665267729415, "ROA": 0.02040019521717911, "CFROA": 0.03948268357893428, "MACD": 0.994451361397509, "RSI": 52.716600649576144, "R&D": 83900000}, "Real Estate": {"Price": 118.405, "Volume": 1281690.0, "P/E": 71.73847913576512, "EV": 31622753133.28, "EBITDA": 1347562500.0, "EV/EBITDA": 26.97947776090645, "P/B": 3.260731990060685, "ROA": 0.02533930358505611, "CFROA": 0.05842315617301537, "MACD": 0.8339741787593624, "RSI": 56.780189884943425, "R&D": 0.0}, "Utilities": {"Price": 64.5, "Volume": 1660011.0, "P/E": 24.347512257012543, "EV": 40623184200.95, "EBITDA": 2421000000, "EV/EBITDA": 13.77089061358701, "P/B": 2.0337707212237235, "ROA": 0.015110155663988493, "CFROA": 0.03892433174513446, "MACD": 0.0897795580294769, "RSI": 51.05613632205765, "R&D": 0}, "Energy": {"Price": 64.88499999999999, "Volume": 6283410.0, "P/E": -7.739438355703979, "EV": 45252415770.659996, "EBITDA": 1126662500.0, "EV/EBITDA": 15.30026544585105, "P/B": 2.8193407477246977, "ROA": -0.033125310916388664, "CFROA": 0.0011211776941843475, "MACD": 1.7171662870566706, "RSI": 62.10218338519631, "R&D": 0.0}}