{"Industrials": {"Price": 65.34, "Volume": 2050530.0, "P/E": 59.117725153437505, "EV": 14316488150.449999, "EBITDA": 955000000, "EV/EBITDA": 17.050866823736648, "P/B": 3.805923064285714, "ROA": 0.021533516150737012, "CFROA": 0.054593410968448296, "MACD": -1.3264542618707509, "RSI": 37.21649550365959, "R&D": 31494000}, "Health Care": {"Price": 80.015, "Volume": 2013582.5, "P/E": 77.24660540137025, "EV": 22707421917.815, "EBITDA": 963058500.0, "EV/EBITDA": 14.669278432682457, "P/B": 3.6288772352785026, "ROA": 0.018539685984923813, "CFROA": 0.04958628105713017, "MACD": -1.425516916214404, "RSI": 34.61094028469903, "R&D": 194881500.0}, "Information Technology": {"Price": 47.26, "Volume": 3206418.0, "P/E": 21.898936401283567, "EV": 11862979050.56, "EBITDA": 540224000, "EV/EBITDA": 12.694584353720384, "P/B": 3.502602891004156, "ROA": 0.03652103399341785, "CFROA": 0.061524273763256705, "MACD": -0.719727052392944, "RSI": 38.2032741368966, "R&D": 366600000}, "Communication Services": {"Price": 33.655, "Volume": 3232451.5, "P/E": 26.351736847029404, "EV": 29374326763.36, "EBITDA": 1243318000.0, "EV/EBITDA": 17.220851899770413, "P/B": 3.6434574412322114, "ROA": 0.006798655394725765, "CFROA": 0.030931086883289532, "MACD": -0.47966680194680933, "RSI": 38.04439233859677, "R&D": 0.0}, "Consumer Staples": {"Price": 62.545, "Volume": 3554524.5, "P/E": 73.96684367087713, "EV": 29719288091.72, "EBITDA": 1823500000.0, "EV/EBITDA": 15.613211713144807, "P/B": 4.670401257395136, "ROA": 0.02271827025616888, "CFROA": 0.05189944334542951, "MACD": -0.7827012212358291, "RSI": 36.31166526299735, "R&D": 70500000.0}, "Consumer Discretionary": {"Price": 67.18, "Volume": 3907831.0, "P/E": 61.25419687936714, "EV": 15264047573.8, "EBITDA": 841000000, "EV/EBITDA": 20.375630014001096, "P/B": 3.6407491837668733, "ROA": 0.028696285506190824, "CFROA": 0.0748210517537644, "MACD": -0.6055628267495905, "RSI": 40.59982177765453, "R&D": 0}, "Financials": {"Price": 44.827, "Volume": 2726199.0, "P/E": 34.45046435890242, "EV": 23120029341.335, "EBITDA": 1283500000.0, "EV/EBITDA": 11.15463083868064, "P/B": 1.1767967544462716, "ROA": 0.005942207764665169, "CFROA": 0.008208749225257283, "MACD": -1.2348212022224914, "RSI": 32.58296568675341, "R&D": 0.0}, "Materials": {"Price": 58.16, "Volume": 2076451.0, "P/E": 64.93303096426396, "EV": 12588878781.1, "EBITDA": 1048000000, "EV/EBITDA": 13.263028601298274, "P/B": 3.4464176315053763, "ROA": 0.014324501451174984, "CFROA": 0.07149107226325138, "MACD": -1.4075869989851384, "RSI": 36.81444164294968, "R&D": 88310000}, "Real Estate": {"Price": 81.46, "Volume": 1744843.0, "P/E": 40.3032476015964, "EV": 19359467345.98, "EBITDA": 990957000, "EV/EBITDA": 23.552762551606275, "P/B": 3.033742382911677, "ROA": 0.02230684354073239, "CFROA": 0.06639070790419224, "MACD": -1.030001626334112, "RSI": 34.77526640755306, "R&D": 0}, "Utilities": {"Price": 46.07, "Volume": 3281870.0, "P/E": 65.35589201050985, "EV": 24747256629.239998, "EBITDA": 1687000000, "EV/EBITDA": 15.11588214697009, "P/B": 1.4647537769869443, "ROA": 0.006201163824131455, "CFROA": 0.03799215859517367, "MACD": -0.29314035297082697, "RSI": 34.7528312179665, "R&D": 0}, "Energy": {"Price": 63.76, "Volume": 6676831.0, "P/E": 17.687396379124678, "EV": 32219591175.199997, "EBITDA": 6488000000, "EV/EBITDA": 6.9201744509127705, "P/B": 1.9532188261778602, "ROA": 0.04235343848685028, "CFROA": 0.10414082777893435, "MACD": -1.4805566582139598, "RSI": 41.64747234463823, "R&D": 0}}