{"Industrials": {"Price": 73.84, "Volume": 1268280.0, "P/E": 67.42633038739726, "EV": 16618440396.380001, "EBITDA": 923000000, "EV/EBITDA": 17.222996814324325, "P/B": 3.748597179457694, "ROA": 0.023081024487989082, "CFROA": 0.039974911143633704, "MACD": 0.6689919494474168, "RSI": 54.41394669019731, "R&D": 29271000}, "Health Care": {"Price": 73.86500000000001, "Volume": 1527678.5, "P/E": 76.00815529423468, "EV": 20763907202.36, "EBITDA": 1113958000.0, "EV/EBITDA": 15.655843211782575, "P/B": 3.4713504577550864, "ROA": 0.01972562404192684, "CFROA": 0.04189064976700896, "MACD": 0.3953687960909775, "RSI": 52.143981650076654, "R&D": 207076000.0}, "Information Technology": {"Price": 44.545, "Volume": 1576770.0, "P/E": 38.87850698430813, "EV": 13541672872.259998, "EBITDA": 700000000, "EV/EBITDA": 14.7091813929198, "P/B": 3.1677926813334043, "ROA": 0.03652103399341785, "CFROA": 0.07277168501658297, "MACD": 0.36329475475419315, "RSI": 50.97615731693426, "R&D": 539469000}, "Communication Services": {"Price": 28.675, "Volume": 2627392.0, "P/E": 38.3793111452615, "EV": 20898198208.86, "EBITDA": 836000000, "EV/EBITDA": 16.247081473022618, "P/B": 3.4678794282158023, "ROA": 0.012417927490722238, "CFROA": 0.04443666899930021, "MACD": 0.23221262994615444, "RSI": 53.61796265032027, "R&D": 0}, "Consumer Staples": {"Price": 65.48, "Volume": 2039955.0, "P/E": 64.63639301281327, "EV": 30029206613.760002, "EBITDA": 2120000000, "EV/EBITDA": 14.516853134434381, "P/B": 4.43971458937721, "ROA": 0.021644716764091368, "CFROA": 0.034308381782945735, "MACD": 0.3895642834499782, "RSI": 48.691286041588256, "R&D": 61800000}, "Consumer Discretionary": {"Price": 67.08500000000001, "Volume": 1627335.5, "P/E": 60.76505673839392, "EV": 17981188641.945, "EBITDA": 861957500.0, "EV/EBITDA": 20.228269466012144, "P/B": 4.112787250672235, "ROA": 0.026206155534497, "CFROA": 0.04898963051463795, "MACD": 0.7408847782627532, "RSI": 55.69014730453961, "R&D": 0.0}, "Financials": {"Price": 47.86905, "Volume": 1589107.5, "P/E": 39.565920810278215, "EV": 25025930564.78, "EBITDA": 1234300000.0, "EV/EBITDA": 16.3153819279534, "P/B": 1.4809229665438406, "ROA": 0.007444944312421532, "CFROA": 0.013361526466354974, "MACD": 0.31095192830839125, "RSI": 52.170446399197544, "R&D": 0.0}, "Materials": {"Price": 60.31, "Volume": 1191596.0, "P/E": 62.548229739763784, "EV": 11073864513.18, "EBITDA": 700028000, "EV/EBITDA": 13.791434846548995, "P/B": 3.3271218695318283, "ROA": 0.014748045731163903, "CFROA": 0.06200837350926161, "MACD": 0.34898695587286, "RSI": 52.27736537747765, "R&D": 85000000}, "Real Estate": {"Price": 94.73, "Volume": 956076.0, "P/E": 77.78558467673653, "EV": 24495687209.67, "EBITDA": 950913000.0, "EV/EBITDA": 33.8548795334774, "P/B": 3.8580745189278716, "ROA": 0.010338277528764081, "CFROA": 0.03520421624829442, "MACD": 0.741073233525924, "RSI": 55.709091045135416, "R&D": 0.0}, "Utilities": {"Price": 49.37, "Volume": 2269309.0, "P/E": 89.67727030938053, "EV": 28128099055.559998, "EBITDA": 1335000000, "EV/EBITDA": 18.90099133484305, "P/B": 1.8183891632903812, "ROA": 0.005994127845686058, "CFROA": 0.037644249102484435, "MACD": 0.7678965832972153, "RSI": 56.71595949989091, "R&D": 0}, "Energy": {"Price": 73.215, "Volume": 3549299.5, "P/E": 16.224458752455824, "EV": 29413563980.35, "EBITDA": 4809650000.0, "EV/EBITDA": 7.153077114204361, "P/B": 1.7845998673025325, "ROA": 0.04696259097052209, "CFROA": 0.12245443725759333, "MACD": -0.4744613787418004, "RSI": 49.443857956235505, "R&D": 0.0}}