{"Industrials": {"Price": 61.43, "Volume": 5142941.0, "P/E": 45.20760666109319, "EV": 23277058058.08, "EBITDA": 1969000000, "EV/EBITDA": 13.165756820180997, "P/B": 2.38275687828754, "ROA": 0.02127279606904055, "CFROA": 0.060352831940575676, "MACD": 0.9710100593414879, "RSI": 52.45323734215744, "R&D": 131000000}, "Health Care": {"Price": 40.04, "Volume": 6082155.0, "P/E": 48.4665059946117, "EV": 17781748215.3, "EBITDA": 1976000000, "EV/EBITDA": 10.226420570728743, "P/B": 2.5417991372772972, "ROA": 0.021299977374834352, "CFROA": 0.047842718984278054, "MACD": 0.35258637526006, "RSI": 51.37209300453239, "R&D": 407000000}, "Information Technology": {"Price": 31.69, "Volume": 6966748.0, "P/E": 18.549392488504328, "EV": 15853947665.55, "EBITDA": 1420600000, "EV/EBITDA": 9.046343606564283, "P/B": 2.1800343341969355, "ROA": 0.03663149163363835, "CFROA": 0.03001412429378531, "MACD": 0.5370497185845053, "RSI": 52.342104715667155, "R&D": 482000000}, "Consumer Staples": {"Price": 44.045, "Volume": 5834274.0, "P/E": 56.464886346341466, "EV": 26575635798.76, "EBITDA": 2382000000, "EV/EBITDA": 10.483063423459278, "P/B": 3.426257685534559, "ROA": 0.02457087856264371, "CFROA": 0.049400246627555024, "MACD": 0.18072158580174857, "RSI": 46.76852487914252, "R&D": 81400000}, "Materials": {"Price": 38.3, "Volume": 2984835.0, "P/E": 18.802404719101126, "EV": 8887080836.130001, "EBITDA": 803000000, "EV/EBITDA": 8.489342736919609, "P/B": 1.8672129252336447, "ROA": 0.02517185354961257, "CFROA": 0.06941816461684011, "MACD": 0.7445832683767719, "RSI": 53.24708639739092, "R&D": 70000000}, "Consumer Discretionary": {"Price": 30.38315, "Volume": 7474939.5, "P/E": 20.243220054854927, "EV": 12936915714.2148, "EBITDA": 1951900000.0, "EV/EBITDA": 8.357203094719967, "P/B": 1.6783251824876027, "ROA": 0.04040090120593118, "CFROA": 0.0852468487822669, "MACD": 0.6004985370429274, "RSI": 52.94911761080827, "R&D": 0.0}, "Utilities": {"Price": 38.71, "Volume": 3664887.0, "P/E": 48.10063937656579, "EV": 24935709804.57, "EBITDA": 1916000000, "EV/EBITDA": 11.34340910068687, "P/B": 1.4310137727555199, "ROA": 0.00616577992143603, "CFROA": 0.0408250053157559, "MACD": 0.3242447558626722, "RSI": 50.754972436357804, "R&D": 0}, "Real Estate": {"Price": 59.058400000000006, "Volume": 3108362.1593, "P/E": 197.26451265102168, "EV": 16123486098.285, "EBITDA": 680545000.0, "EV/EBITDA": 26.585171987225806, "P/B": 4.4207474916260985, "ROA": 0.00597948101920194, "CFROA": 0.07951449695605661, "MACD": 0.8485884808810447, "RSI": 56.281658950815896, "R&D": 0.0}, "Financials": {"Price": 29.78, "Volume": 7388164.0, "P/E": 18.9508142097076, "EV": 11213940945.25, "EBITDA": 789000000, "EV/EBITDA": 13.45703308109525, "P/B": 1.0483748655083127, "ROA": 0.010438447134381357, "CFROA": 0.016786414108425865, "MACD": 0.5002325388173645, "RSI": 48.51902244131544, "R&D": 0}, "Energy": {"Price": 58.94, "Volume": 12821025.0, "P/E": 12.362309899354564, "EV": 23863905173.2, "EBITDA": 4135000000, "EV/EBITDA": 6.227876167999529, "P/B": 1.9251878841494512, "ROA": 0.06003503220702904, "CFROA": 0.08791538369256609, "MACD": 1.0915489457729137, "RSI": 51.03694824766169, "R&D": 0}, "Communication Services": {"Price": 30.155, "Volume": 9743981.5, "P/E": 35.388173633539445, "EV": 37099302800.0, "EBITDA": 5776896500.0, "EV/EBITDA": 6.6141598823590275, "P/B": 0.9570668816454768, "ROA": 0.012294195805889967, "CFROA": 0.05966110550761035, "MACD": 0.21253397041810818, "RSI": 48.28429213167008, "R&D": 0.0}}