{"Industrials": {"Price": 99.04, "Volume": 1408410.0, "P/E": 61.88068300503036, "EV": 25474513056.399998, "EBITDA": 1137400000, "EV/EBITDA": 19.914348286406284, "P/B": 4.624107854599872, "ROA": 0.029789001782839736, "CFROA": 0.08059270567152292, "MACD": 0.9041342940880952, "RSI": 57.06643312696404, "R&D": 48000000}, "Health Care": {"Price": 104.45, "Volume": 1677605.0, "P/E": 73.61177289261425, "EV": 29254087843.86, "EBITDA": 1230000000, "EV/EBITDA": 22.642547800287403, "P/B": 4.023823911329715, "ROA": 0.01596955470194907, "CFROA": 0.05823644526303672, "MACD": -0.581079457691061, "RSI": 47.690925798332216, "R&D": 193998000}, "Information Technology": {"Price": 99.69999999999999, "Volume": 2381958.5, "P/E": 56.15045990450261, "EV": 28805227634.315002, "EBITDA": 1003000000.0, "EV/EBITDA": 31.218500915819973, "P/B": 5.052012103703813, "ROA": 0.03433075974320357, "CFROA": 0.1008800844451735, "MACD": 1.5111933241180218, "RSI": 56.94675211247484, "R&D": 607856000.0}, "Communication Services": {"Price": 48.56, "Volume": 2941080.0, "P/E": 45.350292202885086, "EV": 30468455500.0, "EBITDA": 1194776000, "EV/EBITDA": 19.052729119022175, "P/B": 2.7793456495329063, "ROA": 0.009133913932885098, "CFROA": 0.03312700174832377, "MACD": 0.6002281829402492, "RSI": 56.80974437661928, "R&D": 0}, "Consumer Staples": {"Price": 70.695, "Volume": 3505838.5, "P/E": 79.08781985406947, "EV": 39243403756.47, "EBITDA": 2070404000.0, "EV/EBITDA": 16.107025151811136, "P/B": 3.8563398104023223, "ROA": 0.022997647935464757, "CFROA": 0.07840284412960498, "MACD": 0.8478806826052399, "RSI": 56.76345392717129, "R&D": 42910500.0}, "Consumer Discretionary": {"Price": 100.45, "Volume": 2178553.0, "P/E": 65.37946132151833, "EV": 26780155765.35, "EBITDA": 1031000000, "EV/EBITDA": 18.762264744658783, "P/B": 3.878659565946426, "ROA": 0.028474456737338564, "CFROA": 0.08590330037873199, "MACD": 0.9768626570693186, "RSI": 53.16638846645346, "R&D": 0}, "Financials": {"Price": 82.32, "Volume": 1981939.0, "P/E": 50.809263657957246, "EV": 38848897192.8, "EBITDA": 1262000000, "EV/EBITDA": 20.9202461996769, "P/B": 1.6343320891472026, "ROA": 0.011224559882205977, "CFROA": 0.014503902513949535, "MACD": 1.298502101259544, "RSI": 64.68085308954292, "R&D": 0}, "Materials": {"Price": 82.50999999999999, "Volume": 1886985.5, "P/E": 44.95598603474977, "EV": 16718188664.14, "EBITDA": 1512300000.0, "EV/EBITDA": 13.036573267722982, "P/B": 2.94755446757331, "ROA": 0.023471892104794084, "CFROA": 0.07511694042443862, "MACD": -0.0081886034990859, "RSI": 42.82694437812058, "R&D": 67277000.0}, "Real Estate": {"Price": 77.6, "Volume": 1447944.0, "P/E": 58.483502257888865, "EV": 22019965454.980003, "EBITDA": 1037949000, "EV/EBITDA": 22.546956750388343, "P/B": 2.7927725202319986, "ROA": 0.012928425640336912, "CFROA": 0.07311164397614414, "MACD": 0.2130485228468899, "RSI": 52.019167384150855, "R&D": 0}, "Utilities": {"Price": 59.535, "Volume": 2303104.0, "P/E": 98.04896074760879, "EV": 37825871265.345, "EBITDA": 1565500000.0, "EV/EBITDA": 23.155522816017474, "P/B": 2.0190224542995567, "ROA": 0.00527037073705684, "CFROA": 0.046153499988279834, "MACD": 0.14639431532658165, "RSI": 53.85661460389423, "R&D": 0.0}, "Energy": {"Price": 59.95, "Volume": 5186941.0, "P/E": 15.98617597153407, "EV": 43010252497.99, "EBITDA": 4073000000, "EV/EBITDA": 9.825756936215564, "P/B": 1.694691027870036, "ROA": 0.030323230317557123, "CFROA": 0.10589798630277011, "MACD": -0.03347140760462253, "RSI": 40.47743452473347, "R&D": 0}}