{"Industrials": {"Price": 56.599999999999994, "Volume": 1935630.5, "P/E": 55.115397118611895, "EV": 11877807291.325, "EBITDA": 781850000.0, "EV/EBITDA": 13.35472577919019, "P/B": 2.913506336934482, "ROA": 0.019368333945316677, "CFROA": 0.04619511271527979, "MACD": 0.1382615523490891, "RSI": 51.69154294046288, "R&D": 22249500.0}, "Health Care": {"Price": 48.769999999999996, "Volume": 2380293.0, "P/E": 57.081572002756985, "EV": 13322668873.66, "EBITDA": 991662500.0, "EV/EBITDA": 12.803108091586607, "P/B": 2.4804471540889113, "ROA": 0.02076509545052256, "CFROA": 0.044068964637241095, "MACD": 0.1264794467612731, "RSI": 49.7749266673741, "R&D": 131800500.0}, "Information Technology": {"Price": 37.565, "Volume": 3263556.0, "P/E": 21.179953196193296, "EV": 9870213475.8, "EBITDA": 461289000.0, "EV/EBITDA": 13.647256585134699, "P/B": 2.398832065160481, "ROA": 0.034368589952298134, "CFROA": 0.06681927247417663, "MACD": 0.21264847662843067, "RSI": 53.700870863118894, "R&D": 448748000.0}, "Consumer Staples": {"Price": 50.97, "Volume": 2609768.0, "P/E": 53.712684708539605, "EV": 27125536150.0, "EBITDA": 1857000000, "EV/EBITDA": 14.17742392150542, "P/B": 3.3664923981237314, "ROA": 0.02745682223768186, "CFROA": 0.08580079852086069, "MACD": 0.6379240522645802, "RSI": 57.50307978434181, "R&D": 57800000}, "Financials": {"Price": 36.805, "Volume": 2212993.5, "P/E": 25.78734716447488, "EV": 16930657254.57, "EBITDA": 1171800000.0, "EV/EBITDA": 14.98653796261723, "P/B": 1.240723413812379, "ROA": 0.0070649120633925425, "CFROA": 0.005684221840086489, "MACD": 0.2231059388530987, "RSI": 53.82244755081982, "R&D": 0.0}, "Materials": {"Price": 53.375, "Volume": 1543376.0, "P/E": 66.89058813059258, "EV": 8778976573.16, "EBITDA": 780992500.0, "EV/EBITDA": 12.892509463239612, "P/B": 2.9284640872582095, "ROA": 0.012160185155477506, "CFROA": 0.036919083075022625, "MACD": -0.1188642678845655, "RSI": 48.080295145200054, "R&D": 91459500.0}, "Real Estate": {"Price": 78.73, "Volume": 1166729.0, "P/E": 56.91252500887277, "EV": 15118132965.95, "EBITDA": 580675000, "EV/EBITDA": 25.6255119918836, "P/B": 3.4969549050473847, "ROA": 0.012059338410046047, "CFROA": 0.04757007570330418, "MACD": 0.9344027579890906, "RSI": 59.57596133509422, "R&D": 0}, "Utilities": {"Price": 41.76, "Volume": 1629320.0, "P/E": 20.089235524265735, "EV": 25239867074.190002, "EBITDA": 1260099000, "EV/EBITDA": 16.457454827131784, "P/B": 1.5910257991352095, "ROA": 0.0062396600424042496, "CFROA": 0.04379849494921939, "MACD": 0.654315213984006, "RSI": 65.29487578162296, "R&D": 0}, "Consumer Discretionary": {"Price": 43.84, "Volume": 2584591.0, "P/E": 37.361080480436335, "EV": 12027562349.830002, "EBITDA": 726372000.0, "EV/EBITDA": 13.794754255525636, "P/B": 3.2524211200885302, "ROA": 0.02778040045707447, "CFROA": 0.07622852406269413, "MACD": 0.5325257814472835, "RSI": 59.269274835018194, "R&D": 0.0}, "Communication Services": {"Price": 20.93, "Volume": 3518492.0, "P/E": 12.58314780291023, "EV": 17232858010.0, "EBITDA": 830700000, "EV/EBITDA": 14.909911357369648, "P/B": 2.237197507851912, "ROA": 0.009201617253941603, "CFROA": 0.008310551551484807, "MACD": 0.17980554510384295, "RSI": 51.077128831904716, "R&D": 0}, "Energy": {"Price": 60.01, "Volume": 6282421.0, "P/E": 16.126126187562914, "EV": 29434440000.0, "EBITDA": 5787000000, "EV/EBITDA": 7.17931497372732, "P/B": 1.7623663445909137, "ROA": 0.03531056028281333, "CFROA": 0.11703251173899622, "MACD": 0.10609215004901529, "RSI": 51.495700999295316, "R&D": 0}}