{"Industrials": {"Price": 60.125, "Volume": 1384710.5, "P/E": 63.34224879236859, "EV": 13000804417.575, "EBITDA": 781850000.0, "EV/EBITDA": 14.615105407151297, "P/B": 3.2038710621946587, "ROA": 0.01981394033354155, "CFROA": 0.044594907306544106, "MACD": -0.17477111405804457, "RSI": 46.87883488587522, "R&D": 22249500.0}, "Health Care": {"Price": 51.31, "Volume": 1401847.0, "P/E": 59.78155052060992, "EV": 13843274111.68, "EBITDA": 1253300000, "EV/EBITDA": 13.640166662498206, "P/B": 2.7163948172181076, "ROA": 0.02044525215810995, "CFROA": 0.04033848417954378, "MACD": -0.11684991707491577, "RSI": 45.8680073420757, "R&D": 132639000}, "Information Technology": {"Price": 38.64, "Volume": 2178776.0, "P/E": 23.148858595390465, "EV": 12638370882.119999, "EBITDA": 512146000, "EV/EBITDA": 13.156176082356334, "P/B": 2.615698664860118, "ROA": 0.02925995377972016, "CFROA": 0.07577730394004233, "MACD": -0.21617766196771981, "RSI": 44.242753550362806, "R&D": 559611000}, "Consumer Staples": {"Price": 48.875, "Volume": 2742100.0, "P/E": 54.74230983594502, "EV": 26927575250.0, "EBITDA": 1665500000.0, "EV/EBITDA": 13.0847538905366, "P/B": 3.7820504974322944, "ROA": 0.025020345521192477, "CFROA": 0.08208407988625843, "MACD": -0.602362186692698, "RSI": 38.000430900064636, "R&D": 75450000.0}, "Financials": {"Price": 41.47, "Volume": 1849519.5, "P/E": 28.542059447575404, "EV": 17604108011.62, "EBITDA": 1171800000.0, "EV/EBITDA": 14.980465421982412, "P/B": 1.2362677073447155, "ROA": 0.0070649120633925425, "CFROA": 0.005684221840086489, "MACD": -0.33548599290662295, "RSI": 43.120158271956484, "R&D": 0.0}, "Materials": {"Price": 51.155, "Volume": 1087656.0, "P/E": 72.82318541963441, "EV": 9705168194.705, "EBITDA": 780992500.0, "EV/EBITDA": 14.048586557047443, "P/B": 3.207733776207778, "ROA": 0.012160185155477506, "CFROA": 0.036919083075022625, "MACD": -0.1449688639907869, "RSI": 47.06134040852878, "R&D": 91459500.0}, "Real Estate": {"Price": 69.23, "Volume": 1349442.0, "P/E": 53.23213635270154, "EV": 14671253073.15, "EBITDA": 580675000, "EV/EBITDA": 22.194005910790413, "P/B": 3.1716932661227855, "ROA": 0.012059338410046047, "CFROA": 0.04757007570330418, "MACD": -1.0786927602420704, "RSI": 34.67266218345135, "R&D": 0}, "Utilities": {"Price": 38.614999999999995, "Volume": 2411789.5, "P/E": 23.142584181319705, "EV": 23629638732.79, "EBITDA": 1272549500.0, "EV/EBITDA": 15.584327860088116, "P/B": 1.369177082602322, "ROA": 0.006395835018275873, "CFROA": 0.04098475899793741, "MACD": -0.38196655833489146, "RSI": 34.35758270288448, "R&D": 0.0}, "Consumer Discretionary": {"Price": 46.28, "Volume": 2460597.0, "P/E": 37.0831493579661, "EV": 14536806750.1, "EBITDA": 764000000, "EV/EBITDA": 14.225344093640551, "P/B": 3.5705035559940876, "ROA": 0.030124240906073838, "CFROA": 0.06384920803131137, "MACD": -0.08804038389806834, "RSI": 47.905107262011725, "R&D": 0}, "Communication Services": {"Price": 24.603099999999998, "Volume": 3108447.0, "P/E": 31.667540631939865, "EV": 14255300916.82, "EBITDA": 796820500.0, "EV/EBITDA": 15.675573687100748, "P/B": 2.7734654512720773, "ROA": 0.010450969344059473, "CFROA": 0.013023026002365722, "MACD": -0.0627163924922538, "RSI": 51.66547492332822, "R&D": 0.0}, "Energy": {"Price": 68.69, "Volume": 4154685.0, "P/E": 17.080293476129032, "EV": 30902135412.77, "EBITDA": 5787000000, "EV/EBITDA": 8.026750552723243, "P/B": 1.7808857853336166, "ROA": 0.03531056028281333, "CFROA": 0.11703251173899622, "MACD": 0.30283635065576675, "RSI": 56.50124061117817, "R&D": 0}}