{"Industrials": {"Price": 117.195, "Volume": 1239625.0, "P/E": 64.82695699916641, "EV": 27741717064.2, "EBITDA": 1134700000.0, "EV/EBITDA": 22.65266995416512, "P/B": 5.288472741305256, "ROA": 0.029493469680086384, "CFROA": 0.0795880634964507, "MACD": 0.6993782912005813, "RSI": 62.20519033467141, "R&D": 47800000.0}, "Health Care": {"Price": 133.37, "Volume": 1320509.0, "P/E": 104.58219126029132, "EV": 30959768201.64, "EBITDA": 1348000000, "EV/EBITDA": 24.170788651498714, "P/B": 4.846306862037201, "ROA": 0.015473773943632568, "CFROA": 0.054586846811468845, "MACD": 1.4872467529430367, "RSI": 61.809440099129866, "R&D": 193998000}, "Information Technology": {"Price": 112.31, "Volume": 1978453.5, "P/E": 63.35940711855454, "EV": 31486276240.655, "EBITDA": 1155306000.0, "EV/EBITDA": 30.508710688962562, "P/B": 7.052874395210286, "ROA": 0.030787736459840308, "CFROA": 0.08468527470059752, "MACD": 1.0532896256850108, "RSI": 64.23216402356039, "R&D": 699515000.0}, "Communication Services": {"Price": 52.01, "Volume": 3870595.5, "P/E": 45.749170793695754, "EV": 39084019950.725, "EBITDA": 1198888000.0, "EV/EBITDA": 18.903365837439967, "P/B": 2.986195667703829, "ROA": 0.008982699087102702, "CFROA": 0.05202920357621647, "MACD": 0.30301540433024243, "RSI": 60.141502059561596, "R&D": 0.0}, "Consumer Staples": {"Price": 70.03, "Volume": 2716526.0, "P/E": 81.09055118906387, "EV": 43951454521.43, "EBITDA": 1918808000, "EV/EBITDA": 17.087533873189006, "P/B": 4.448246441481324, "ROA": 0.020865020865020865, "CFROA": 0.059559471365638765, "MACD": 0.4019056378169452, "RSI": 50.23971255084743, "R&D": 69400000}, "Consumer Discretionary": {"Price": 105.33, "Volume": 2028396.0, "P/E": 55.51129519764705, "EV": 28634805151.71, "EBITDA": 1084500000, "EV/EBITDA": 20.17595095356142, "P/B": 4.055231915204678, "ROA": 0.028474456737338564, "CFROA": 0.08276349619066486, "MACD": 0.6139253556691955, "RSI": 56.41178751349885, "R&D": 0}, "Financials": {"Price": 94.84, "Volume": 1456761.0, "P/E": 49.815020498222225, "EV": 40304114969.3, "EBITDA": 1262000000, "EV/EBITDA": 19.55260294213189, "P/B": 1.7512000932892766, "ROA": 0.011224559882205977, "CFROA": 0.014365549498237479, "MACD": 0.420208242901694, "RSI": 61.18367053703901, "R&D": 0}, "Materials": {"Price": 86.265, "Volume": 1450326.5, "P/E": 50.869428369757486, "EV": 19319110031.135002, "EBITDA": 1665500000.0, "EV/EBITDA": 13.583982207860153, "P/B": 2.9355466080891395, "ROA": 0.02164825459138228, "CFROA": 0.0746512379057779, "MACD": 0.4059732899646278, "RSI": 49.91888244056271, "R&D": 71027000.0}, "Real Estate": {"Price": 84.27000000000001, "Volume": 1685145.0, "P/E": 57.69172796647095, "EV": 23325256675.67, "EBITDA": 1106351500.0, "EV/EBITDA": 24.13299049180031, "P/B": 2.8167727298741676, "ROA": 0.013164672235163773, "CFROA": 0.07309575840898512, "MACD": -0.25473933935399806, "RSI": 45.89682053376123, "R&D": 0.0}, "Utilities": {"Price": 68.5, "Volume": 2583913.5, "P/E": 103.26470231808796, "EV": 41222731415.995, "EBITDA": 1565500000.0, "EV/EBITDA": 24.49766266532828, "P/B": 2.240735790049359, "ROA": 0.00527037073705684, "CFROA": 0.045268941885128935, "MACD": 0.3545922743899652, "RSI": 50.62315110445242, "R&D": 0.0}, "Energy": {"Price": 61.91, "Volume": 4482536.0, "P/E": 14.407269307000961, "EV": 40551122731.22, "EBITDA": 4073000000, "EV/EBITDA": 9.302818508517502, "P/B": 1.565468640092495, "ROA": 0.030323230317557123, "CFROA": 0.10589798630277011, "MACD": 0.6768373200126376, "RSI": 64.65456591585101, "R&D": 0}}