{"Industrials": {"Price": 61.09, "Volume": 2519682.0, "P/E": 46.43379429336004, "EV": 14407432099.654999, "EBITDA": 1156650000.0, "EV/EBITDA": 13.030027380510404, "P/B": 2.948473803754755, "ROA": 0.02129082890788099, "CFROA": 0.05489076415158385, "MACD": 0.7015472407232934, "RSI": 68.22459430924178, "R&D": 31950000.0}, "Health Care": {"Price": 54.2, "Volume": 2558802.0, "P/E": 45.20190584252182, "EV": 12975991106.39, "EBITDA": 1414100000, "EV/EBITDA": 10.762870652053198, "P/B": 2.535629864579463, "ROA": 0.024275153358150264, "CFROA": 0.06101782113038681, "MACD": 0.7807351104699265, "RSI": 69.00869844044006, "R&D": 116139000}, "Information Technology": {"Price": 33.695, "Volume": 2891462.5, "P/E": 18.710439782949884, "EV": 10223615364.73, "EBITDA": 399216000.0, "EV/EBITDA": 12.688449775449524, "P/B": 2.399622045059875, "ROA": 0.041484894307190726, "CFROA": 0.12160755274601148, "MACD": 0.4682277753555528, "RSI": 63.183123235129116, "R&D": 422652000.0}, "Consumer Staples": {"Price": 45.37, "Volume": 4011285.0, "P/E": 60.86660117111641, "EV": 25803477973.030003, "EBITDA": 1857000000, "EV/EBITDA": 11.60437655800279, "P/B": 3.3651534264785807, "ROA": 0.022617823710838158, "CFROA": 0.06040211279604703, "MACD": 0.42583464501460355, "RSI": 65.41755523898982, "R&D": 57800000}, "Consumer Discretionary": {"Price": 39.15, "Volume": 3878882.0, "P/E": 41.15261311829227, "EV": 10200115407.0, "EBITDA": 694000000, "EV/EBITDA": 17.88442012068569, "P/B": 3.335458821871287, "ROA": 0.022359417805759875, "CFROA": 0.09067694900538802, "MACD": 0.6990896346697895, "RSI": 63.36065278003409, "R&D": 0}, "Financials": {"Price": 35.88, "Volume": 4021409.0, "P/E": 37.262202057, "EV": 18369950704.16, "EBITDA": 1107000000, "EV/EBITDA": 12.749487958493354, "P/B": 1.1985526492506218, "ROA": 0.009474824038982133, "CFROA": 0.01041301580859973, "MACD": 0.5768427000545184, "RSI": 70.76184203632504, "R&D": 0}, "Materials": {"Price": 55.74665, "Volume": 1796910.5, "P/E": 55.593030262740974, "EV": 8821618136.525, "EBITDA": 660746500.0, "EV/EBITDA": 13.464427131782225, "P/B": 3.0500308261951288, "ROA": 0.011684706335570347, "CFROA": 0.0542791375110396, "MACD": 0.866828641022579, "RSI": 61.03677653774645, "R&D": 84741500.0}, "Utilities": {"Price": 35.545, "Volume": 2238713.5, "P/E": 34.019565294328885, "EV": 20240553495.6, "EBITDA": 1235177000.0, "EV/EBITDA": 14.831365540507445, "P/B": 1.509400804297632, "ROA": 0.008383508300693026, "CFROA": 0.061336883703970294, "MACD": 0.25927735478779645, "RSI": 66.8351198529185, "R&D": 0.0}, "Real Estate": {"Price": 76.5673, "Volume": 1227991.0, "P/E": 153.32169446499546, "EV": 16860495312.199997, "EBITDA": 654837000, "EV/EBITDA": 37.191661074559086, "P/B": 3.9379033393289373, "ROA": 0.007318032786885246, "CFROA": 0.06331500106241869, "MACD": 0.6007519320856716, "RSI": 56.984614817572535, "R&D": 0}, "Communication Services": {"Price": 23.0601, "Volume": 6590808.0, "P/E": 11.56601182876965, "EV": 19962090385.0, "EBITDA": 1142576500.0, "EV/EBITDA": 9.857244251326087, "P/B": 1.7155785845581428, "ROA": 0.01070744254443622, "CFROA": 0.05761445716491352, "MACD": 0.24108363202010707, "RSI": 65.25220886967901, "R&D": 0.0}, "Energy": {"Price": 59.55, "Volume": 5310419.0, "P/E": 15.85724481117161, "EV": 28878736358.1, "EBITDA": 5277000000, "EV/EBITDA": 5.472567056679932, "P/B": 1.8974526762205268, "ROA": 0.07241212614089651, "CFROA": 0.12168851164089083, "MACD": 0.9732085803771113, "RSI": 69.01790002405548, "R&D": 0}}