{"Industrials": {"Price": 90.79335, "Volume": 1953934.475, "P/E": 44.42541211081246, "EV": 23255553610.074997, "EBITDA": 1057600000.0, "EV/EBITDA": 20.90557437830381, "P/B": 4.373350414618739, "ROA": 0.026800468388206607, "CFROA": 0.06409628181263416, "MACD": -0.13299928847644615, "RSI": 43.8671869421534, "R&D": 42200000.0}, "Health Care": {"Price": 93.3, "Volume": 2249974.0, "P/E": 31.82010915096491, "EV": 29552042689.600002, "EBITDA": 1819400000, "EV/EBITDA": 18.79021067747228, "P/B": 3.7732388141353383, "ROA": 0.010363928016441927, "CFROA": 0.041348885634120945, "MACD": -0.2075304565750571, "RSI": 42.10591763626947, "R&D": 185400000}, "Information Technology": {"Price": 84.53, "Volume": 3003635.0, "P/E": 61.390391596720974, "EV": 27780402000.0, "EBITDA": 891000000, "EV/EBITDA": 23.906576180327868, "P/B": 4.445246977828288, "ROA": 0.019498923024600386, "CFROA": 0.04072701443825107, "MACD": 0.7513451603932424, "RSI": 53.47982102866783, "R&D": 595000000}, "Communication Services": {"Price": 42.09, "Volume": 5373176.0, "P/E": 11.480168168168168, "EV": 33699832120.0, "EBITDA": 910590000, "EV/EBITDA": 20.327569611061847, "P/B": 2.7353672593274667, "ROA": 0.03152592728078716, "CFROA": 0.07534390009389841, "MACD": -0.11544784020841803, "RSI": 42.19419387725621, "R&D": 0}, "Consumer Staples": {"Price": 66.91, "Volume": 4653962.0, "P/E": 54.05151587754673, "EV": 45365750777.5, "EBITDA": 2537900000, "EV/EBITDA": 14.108234334741608, "P/B": 3.7481396464556584, "ROA": 0.019795988934993083, "CFROA": 0.05805155858805403, "MACD": -0.4988648994714566, "RSI": 44.5489641604688, "R&D": 66100000}, "Consumer Discretionary": {"Price": 79.35, "Volume": 2790804.0, "P/E": 46.15381590953757, "EV": 23285825134.0, "EBITDA": 1006300000, "EV/EBITDA": 22.29595497615508, "P/B": 3.930953296230648, "ROA": 0.025704577909820593, "CFROA": 0.05781395465567497, "MACD": -0.4243884773147357, "RSI": 41.87904239828286, "R&D": 0}, "Financials": {"Price": 68.37, "Volume": 2382214.0, "P/E": 26.37128788170316, "EV": 35081450320.399994, "EBITDA": 1411000000, "EV/EBITDA": 13.581655071399798, "P/B": 1.489330460696174, "ROA": 0.00814892924155256, "CFROA": 0.01619264329185103, "MACD": 0.11921852534315036, "RSI": 45.843169566165194, "R&D": 0}, "Materials": {"Price": 101.845, "Volume": 2251115.0, "P/E": 20.760164146728258, "EV": 17536087940.385002, "EBITDA": 1168600000.0, "EV/EBITDA": 14.490607536580272, "P/B": 3.4369799161212975, "ROA": 0.032918036602644724, "CFROA": 0.06795608072839304, "MACD": -0.7125085661642601, "RSI": 44.69586347294954, "R&D": 65237000.0}, "Real Estate": {"Price": 95.965, "Volume": 1574601.5, "P/E": 80.31606637647684, "EV": 24043615025.16, "EBITDA": 1017278500.0, "EV/EBITDA": 21.648060504390422, "P/B": 2.637805441319936, "ROA": 0.014629244222935666, "CFROA": 0.05627412454967032, "MACD": -0.7113902286524763, "RSI": 41.20471499387371, "R&D": 0.0}, "Utilities": {"Price": 55.254999999999995, "Volume": 3313503.0, "P/E": 17.479432661222937, "EV": 30521026271.54, "EBITDA": 1593500000.0, "EV/EBITDA": 19.15742871841244, "P/B": 1.8219259238094563, "ROA": 0.00565239427939253, "CFROA": 0.0410868869683505, "MACD": -0.4973876750696924, "RSI": 42.82846739220906, "R&D": 0.0}, "Energy": {"Price": 60.650000000000006, "Volume": 5264752.0, "P/E": 15.73342088969818, "EV": 42244645105.619995, "EBITDA": 3075500000.0, "EV/EBITDA": 14.484433459691322, "P/B": 1.9417143308124687, "ROA": 0.030444879882463523, "CFROA": 0.08933473823179183, "MACD": -0.9133956438623478, "RSI": 38.567558524563495, "R&D": 0.0}}