{"Industrials": {"Price": 70.5, "Volume": 1288378.0, "P/E": 66.61130446537291, "EV": 15990689664.369999, "EBITDA": 1047000000, "EV/EBITDA": 17.98348365366775, "P/B": 3.9802162579702443, "ROA": 0.024479278505475627, "CFROA": 0.0753652058432935, "MACD": 0.0723342033026313, "RSI": 55.66176276426512, "R&D": 29000000}, "Health Care": {"Price": 79.515, "Volume": 1412664.575, "P/E": 79.77783778599934, "EV": 23975928500.0, "EBITDA": 914729500.0, "EV/EBITDA": 18.491470739397855, "P/B": 3.720944270089607, "ROA": 0.018315030260953553, "CFROA": 0.050121151068828904, "MACD": -0.028159606834044837, "RSI": 49.610058895744274, "R&D": 203936000.0}, "Information Technology": {"Price": 58.86, "Volume": 2202833.0, "P/E": 41.56498114794887, "EV": 15528923287.75, "EBITDA": 640200000, "EV/EBITDA": 22.290319381642902, "P/B": 3.3992100213580323, "ROA": 0.024039925691314412, "CFROA": 0.08082856967238305, "MACD": 0.36150699661708074, "RSI": 56.74826821476527, "R&D": 481258000}, "Communication Services": {"Price": 44.1, "Volume": 2878123.0, "P/E": 39.204390360623265, "EV": 22126128490.76, "EBITDA": 368109000, "EV/EBITDA": 17.803168197414188, "P/B": 4.017528119918196, "ROA": 0.0047568710359408035, "CFROA": 0.06751634869806358, "MACD": 0.15721640290863892, "RSI": 56.57795100197527, "R&D": 0}, "Consumer Staples": {"Price": 72.815, "Volume": 2770715.5, "P/E": 52.03294557179608, "EV": 36606860537.92, "EBITDA": 1954000000.0, "EV/EBITDA": 19.88102537728073, "P/B": 4.106438715989666, "ROA": 0.022927308054273225, "CFROA": 0.07095297778891017, "MACD": -0.5125059952219218, "RSI": 40.574514529100455, "R&D": 62750000.0}, "Consumer Discretionary": {"Price": 67.03, "Volume": 2245842.0, "P/E": 61.403767097286504, "EV": 18084495667.68, "EBITDA": 912400000, "EV/EBITDA": 21.685381630012937, "P/B": 3.7127818451745638, "ROA": 0.032388364509434164, "CFROA": 0.0882606153550372, "MACD": -0.3174617603028054, "RSI": 47.61864027135297, "R&D": 0}, "Financials": {"Price": 53.534, "Volume": 1508071.0, "P/E": 38.49011597806005, "EV": 24014809617.6, "EBITDA": 1231000000, "EV/EBITDA": 16.47163373442424, "P/B": 1.2266086505170164, "ROA": 0.008019706435065265, "CFROA": 0.00795536213367404, "MACD": -0.010466479373874904, "RSI": 48.09979802605181, "R&D": 0}, "Materials": {"Price": 78.04, "Volume": 1348320.0, "P/E": 42.84460834427045, "EV": 12901876981.9, "EBITDA": 1028732000, "EV/EBITDA": 17.20681750733173, "P/B": 4.056865039785535, "ROA": 0.018122906529309264, "CFROA": 0.08246603338000984, "MACD": -0.11274813649988147, "RSI": 51.07902276226994, "R&D": 102000000}, "Real Estate": {"Price": 99.86500000000001, "Volume": 1199438.5, "P/E": 126.80793008503176, "EV": 22774001056.425, "EBITDA": 1039423000.0, "EV/EBITDA": 26.39794789910111, "P/B": 2.851092613362604, "ROA": 0.014420111076633397, "CFROA": 0.043490488992763615, "MACD": -0.34535430629505726, "RSI": 40.55397897092779, "R&D": 0.0}, "Utilities": {"Price": 53.54, "Volume": 2200476.55, "P/E": 70.9690850299187, "EV": 27864944584.57, "EBITDA": 1583976000, "EV/EBITDA": 19.521398861556815, "P/B": 1.737351508540484, "ROA": 0.005742126326779189, "CFROA": 0.04854368932038835, "MACD": -0.13634887807882734, "RSI": 38.18699336298715, "R&D": 0}, "Energy": {"Price": 53.4, "Volume": 4271371.5, "P/E": -4.605838064780505, "EV": 36732103275.71, "EBITDA": 1817000000.0, "EV/EBITDA": 15.511214237305744, "P/B": 2.248609456689908, "ROA": -0.010084159637781896, "CFROA": 0.027124924154223365, "MACD": 0.08996634199514286, "RSI": 59.09411022885041, "R&D": 0.0}}