{"Industrials": {"Price": 117.55, "Volume": 1372654.0, "P/E": 22.16259112183873, "EV": 29062452531.399998, "EBITDA": 1602623000, "EV/EBITDA": 14.493092417412376, "P/B": 4.297483849528113, "ROA": 0.06740392540463187, "CFROA": 0.116648434870414, "MACD": -2.634163424327724, "RSI": 42.93834653849504, "R&D": 61100000}, "Health Care": {"Price": 166.635, "Volume": 1553556.5, "P/E": 21.995048955674285, "EV": 42394086971.509995, "EBITDA": 2793500000.0, "EV/EBITDA": 15.304663531583657, "P/B": 3.8185424607772207, "ROA": 0.07253084642937721, "CFROA": 0.10821357651728362, "MACD": -2.5917369314049097, "RSI": 43.95868065535865, "R&D": 273313000.0}, "Information Technology": {"Price": 130.87, "Volume": 2371593.0, "P/E": 27.81141928200941, "EV": 40370436796.035, "EBITDA": 2453350000.0, "EV/EBITDA": 18.196531537228722, "P/B": 6.162169690629245, "ROA": 0.0894059487110638, "CFROA": 0.1178754201183961, "MACD": -3.896006275492212, "RSI": 39.544959865351544, "R&D": 639318000.0}, "Communication Services": {"Price": 56.925, "Volume": 4756168.0, "P/E": 13.22335197125878, "EV": 33879441699.010002, "EBITDA": 4888960500.0, "EV/EBITDA": 7.209622093023256, "P/B": 1.94505589444383, "ROA": 0.048694836599976865, "CFROA": 0.1085547760969234, "MACD": -1.4410842665263317, "RSI": 38.937386514628635, "R&D": 0.0}, "Consumer Staples": {"Price": 72.41, "Volume": 3357904.0, "P/E": 25.625834767641994, "EV": 46630195892.159996, "EBITDA": 3888000000, "EV/EBITDA": 14.015688575942288, "P/B": 4.387937655860349, "ROA": 0.06365623948873192, "CFROA": 0.117446929878173, "MACD": -1.3192661089109947, "RSI": 37.27578600911998, "R&D": 87000000}, "Consumer Discretionary": {"Price": 86.86, "Volume": 2847537.0, "P/E": 14.673694122712993, "EV": 23402263627.87, "EBITDA": 1899139000, "EV/EBITDA": 12.869439785735073, "P/B": 2.214437371002587, "ROA": 0.08653495745014697, "CFROA": 0.13005381061422094, "MACD": -2.3751689557109756, "RSI": 40.43493060968256, "R&D": 0}, "Utilities": {"Price": 65.785, "Volume": 3043595.0, "P/E": 20.635581067256055, "EV": 35945760202.525, "EBITDA": 2624000000.0, "EV/EBITDA": 12.123126520181724, "P/B": 2.0584112596673627, "ROA": 0.024474440658036375, "CFROA": 0.05073062769912859, "MACD": -2.2901754191326944, "RSI": 31.990619635360773, "R&D": 0.0}, "Financials": {"Price": 92.82, "Volume": 2158126.0, "P/E": 11.537319954255816, "EV": 39991440000.0, "EBITDA": 4399000000, "EV/EBITDA": 8.846299139454967, "P/B": 1.2046418528968346, "ROA": 0.020971359469152774, "CFROA": 0.02220549722201826, "MACD": -1.4512664429166762, "RSI": 42.169313795174325, "R&D": 0}, "Materials": {"Price": 93.525, "Volume": 1985764.0, "P/E": 19.565944678504053, "EV": 25529929855.065, "EBITDA": 2674500000.0, "EV/EBITDA": 9.150785222974296, "P/B": 3.017544430280143, "ROA": 0.06067164508691829, "CFROA": 0.09767650029405872, "MACD": -2.7014338360081993, "RSI": 43.43442551470854, "R&D": 94750000.0}, "Real Estate": {"Price": 90.98, "Volume": 1888926.0, "P/E": 31.24114965124464, "EV": 26810758809.66, "EBITDA": 1617508000, "EV/EBITDA": 19.460028985198218, "P/B": 2.3855974869597856, "ROA": 0.03348704103001298, "CFROA": 0.07581339849016171, "MACD": -3.9463210471675723, "RSI": 37.221364366842096, "R&D": 0}, "Energy": {"Price": 74.955, "Volume": 7757725.0, "P/E": 19.069378942739224, "EV": 55783393262.215, "EBITDA": 5163500000.0, "EV/EBITDA": 10.88056931576096, "P/B": 2.477866929798843, "ROA": 0.05660192755894935, "CFROA": 0.10494879530417964, "MACD": -1.4907040015116841, "RSI": 52.37002433463633, "R&D": 0.0}}