{"Industrials": {"Price": 102.9933, "Volume": 1304072.0, "P/E": 43.76120018090809, "EV": 23437904801.25, "EBITDA": 1106000000, "EV/EBITDA": 22.524150791691497, "P/B": 4.742738537999679, "ROA": 0.027575370011071798, "CFROA": 0.06400472069236822, "MACD": 0.9749448070856346, "RSI": 58.55867154079956, "R&D": 42000000}, "Health Care": {"Price": 106.975, "Volume": 1482211.2, "P/E": 24.695328547179827, "EV": 26928901082.7, "EBITDA": 1636500000.0, "EV/EBITDA": 19.995129109621807, "P/B": 4.550838387974009, "ROA": 0.00937561283547592, "CFROA": 0.04091935036067426, "MACD": 1.0793617757092235, "RSI": 60.07691282789587, "R&D": 153424500.0}, "Information Technology": {"Price": 89.13499999999999, "Volume": 2376949.5, "P/E": 51.73567476947212, "EV": 30229077585.215004, "EBITDA": 1086850000.0, "EV/EBITDA": 27.273392896264994, "P/B": 4.409330386416191, "ROA": 0.019085609041918583, "CFROA": 0.03606051309553174, "MACD": 0.9574657424687345, "RSI": 61.07439944575955, "R&D": 601856000.0}, "Communication Services": {"Price": 50.31, "Volume": 2744776.0, "P/E": 11.622897234885103, "EV": 31057493050.0, "EBITDA": 910590000, "EV/EBITDA": 16.16843189091415, "P/B": 2.4965314987027374, "ROA": 0.024306277340314902, "CFROA": 0.053736845421891735, "MACD": 0.5486234282480495, "RSI": 52.40639424705, "R&D": 0}, "Consumer Staples": {"Price": 67.17, "Volume": 3451638.0, "P/E": 87.24126284660345, "EV": 46130290478.8, "EBITDA": 2427000000, "EV/EBITDA": 14.828644340626562, "P/B": 3.9309964242677817, "ROA": 0.025284067460863344, "CFROA": 0.055776593348847686, "MACD": 0.3428486622661495, "RSI": 50.910037676110576, "R&D": 47300000}, "Consumer Discretionary": {"Price": 94.255, "Volume": 2165863.0, "P/E": 51.55683554206484, "EV": 24654364434.89, "EBITDA": 1029178000.0, "EV/EBITDA": 20.777459615011892, "P/B": 4.2894105027816405, "ROA": 0.02874138411321677, "CFROA": 0.06657768974081715, "MACD": 0.6949469689224124, "RSI": 54.62636454720881, "R&D": 0.0}, "Financials": {"Price": 73.34, "Volume": 1551837.0, "P/E": 25.010585911135536, "EV": 36119776222.67, "EBITDA": 1411000000, "EV/EBITDA": 15.397058661039132, "P/B": 1.586738711819875, "ROA": 0.00814892924155256, "CFROA": 0.01619264329185103, "MACD": 0.3396597844089868, "RSI": 59.02473645125092, "R&D": 0}, "Materials": {"Price": 100.30000000000001, "Volume": 1247458.5, "P/E": 19.749812688532284, "EV": 17078102881.654999, "EBITDA": 1121600000.0, "EV/EBITDA": 15.410164671673346, "P/B": 3.4709188609779345, "ROA": 0.032918036602644724, "CFROA": 0.06604613298651958, "MACD": -0.2090042883611929, "RSI": 42.6422335635831, "R&D": 65237000.0}, "Real Estate": {"Price": 93.1, "Volume": 1184410.5, "P/E": 84.55776031680364, "EV": 24958438730.97, "EBITDA": 1232278500.0, "EV/EBITDA": 23.17645938546812, "P/B": 2.7349846210032513, "ROA": 0.015362598773235609, "CFROA": 0.057892269039803296, "MACD": 0.4672375638452344, "RSI": 51.76611834720716, "R&D": 0.0}, "Utilities": {"Price": 63.085, "Volume": 2141352.5, "P/E": 19.354974126947035, "EV": 32423632567.93, "EBITDA": 1593500000.0, "EV/EBITDA": 20.32691609244452, "P/B": 2.0311361053419725, "ROA": 0.00565239427939253, "CFROA": 0.0410868869683505, "MACD": 0.2636948989714156, "RSI": 57.076434087880585, "R&D": 0.0}, "Energy": {"Price": 69.405, "Volume": 4019563.5, "P/E": 19.273546372678886, "EV": 47361636085.66, "EBITDA": 3075500000.0, "EV/EBITDA": 15.195432737106369, "P/B": 2.3727400016011373, "ROA": 0.030444879882463523, "CFROA": 0.08933473823179183, "MACD": -0.12534917728895678, "RSI": 43.80098116651426, "R&D": 0.0}}