{"Industrials": {"Price": 70.72, "Volume": 1554528.0, "P/E": 63.72236366786904, "EV": 15342265948.15, "EBITDA": 955000000, "EV/EBITDA": 18.3692285817318, "P/B": 4.0123399064434375, "ROA": 0.022678152064860065, "CFROA": 0.054593410968448296, "MACD": -0.2235892086141007, "RSI": 49.55903545304049, "R&D": 31494000}, "Health Care": {"Price": 84.97999999999999, "Volume": 1532585.0, "P/E": 88.75388286625252, "EV": 25761838799.684998, "EBITDA": 963058500.0, "EV/EBITDA": 16.234742855670994, "P/B": 4.201781703064849, "ROA": 0.018272180381331708, "CFROA": 0.04537430411745316, "MACD": 0.37729021877228774, "RSI": 53.7098255096503, "R&D": 202331500.0}, "Information Technology": {"Price": 51.46, "Volume": 2178601.0, "P/E": 23.406563033481785, "EV": 12146401450.38, "EBITDA": 540224000, "EV/EBITDA": 14.511489333401489, "P/B": 3.5383272233524443, "ROA": 0.03652103399341785, "CFROA": 0.05852835180876785, "MACD": -0.12759684437296315, "RSI": 49.13475133562968, "R&D": 366600000}, "Communication Services": {"Price": 36.5475, "Volume": 4075789.5, "P/E": 30.322039434719233, "EV": 29996314231.52, "EBITDA": 1243318000.0, "EV/EBITDA": 17.83002833032463, "P/B": 4.094717425122679, "ROA": 0.006798655394725765, "CFROA": 0.030931086883289532, "MACD": 0.18608961118633616, "RSI": 53.64324078078981, "R&D": 0.0}, "Consumer Staples": {"Price": 66.07, "Volume": 2015655.0, "P/E": 82.20229892200993, "EV": 34282762000.0, "EBITDA": 2120000000, "EV/EBITDA": 16.692122544388905, "P/B": 4.175787241590808, "ROA": 0.024330678109236985, "CFROA": 0.0524283283152245, "MACD": 0.3952866093084708, "RSI": 61.846908470131176, "R&D": 79000000}, "Consumer Discretionary": {"Price": 71.4689, "Volume": 2314231.0, "P/E": 61.16372483103542, "EV": 16553146411.199997, "EBITDA": 841000000, "EV/EBITDA": 21.344469981743348, "P/B": 4.012043718088708, "ROA": 0.028696285506190824, "CFROA": 0.0748210517537644, "MACD": 0.4764356382716812, "RSI": 60.27638978208173, "R&D": 0}, "Financials": {"Price": 48.9501, "Volume": 2008481.0, "P/E": 35.179848264048886, "EV": 24982959348.875, "EBITDA": 1283500000.0, "EV/EBITDA": 12.109666047234168, "P/B": 1.3194534131125035, "ROA": 0.005942207764665169, "CFROA": 0.008208749225257283, "MACD": 0.15744374100745517, "RSI": 51.924711640389845, "R&D": 0.0}, "Materials": {"Price": 65.28, "Volume": 1454371.0, "P/E": 69.94631634477159, "EV": 12434233089.400002, "EBITDA": 1048000000, "EV/EBITDA": 14.337351064510214, "P/B": 3.913490301642229, "ROA": 0.014324501451174984, "CFROA": 0.07149107226325138, "MACD": -0.3450706424340666, "RSI": 48.898649767167534, "R&D": 88310000}, "Real Estate": {"Price": 81.88, "Volume": 1053021.0, "P/E": 53.38915022092077, "EV": 21510225504.100002, "EBITDA": 990957000, "EV/EBITDA": 25.30016602014272, "P/B": 3.2936124474377406, "ROA": 0.02230684354073239, "CFROA": 0.06639070790419224, "MACD": 0.6031999144642128, "RSI": 64.11749389481685, "R&D": 0}, "Utilities": {"Price": 49.37, "Volume": 2245046.0, "P/E": 70.7182812399374, "EV": 26062615368.800003, "EBITDA": 1687000000, "EV/EBITDA": 16.24466721423927, "P/B": 1.5676763715568636, "ROA": 0.006201163824131455, "CFROA": 0.03799215859517367, "MACD": 0.29945116667084193, "RSI": 63.433736355134634, "R&D": 0}, "Energy": {"Price": 66.82, "Volume": 5136643.0, "P/E": 19.249290570121367, "EV": 35957680581.67999, "EBITDA": 6488000000, "EV/EBITDA": 7.617000083558994, "P/B": 1.9806580389698936, "ROA": 0.04235343848685028, "CFROA": 0.10414082777893435, "MACD": -1.3131817093456846, "RSI": 36.887745255525026, "R&D": 0}}