{"Industrials": {"Price": 64.75999999999999, "Volume": 1448468.0, "P/E": 62.11941343686998, "EV": 15004380268.655, "EBITDA": 986000000.0, "EV/EBITDA": 17.5344907517423, "P/B": 3.8345083893918646, "ROA": 0.024345243924649568, "CFROA": 0.06467731813908854, "MACD": 1.2831058176194965, "RSI": 65.56444123836644, "R&D": 25868500.0}, "Health Care": {"Price": 77.56, "Volume": 1698591.0, "P/E": 71.7627602134998, "EV": 22876446000.0, "EBITDA": 882959000, "EV/EBITDA": 17.04832751907365, "P/B": 3.662314775986953, "ROA": 0.018595291778796035, "CFROA": 0.048464130724658765, "MACD": 0.9149262402745251, "RSI": 64.47837072340832, "R&D": 192972000}, "Information Technology": {"Price": 55.57, "Volume": 2520158.0, "P/E": 33.43826575045131, "EV": 13103671701.84, "EBITDA": 640200000, "EV/EBITDA": 18.637332278508772, "P/B": 3.233211242923946, "ROA": 0.03240620264209285, "CFROA": 0.07519038935964818, "MACD": 0.942043653703692, "RSI": 67.70267004769964, "R&D": 530616000}, "Communication Services": {"Price": 37.99, "Volume": 4998460.0, "P/E": 39.01796549974632, "EV": 29201635118.300003, "EBITDA": 866600000, "EV/EBITDA": 12.645167099704592, "P/B": 3.641793280342907, "ROA": 0.0047568710359408035, "CFROA": 0.07592421386290778, "MACD": 0.420850943344373, "RSI": 65.33902146865972, "R&D": 0}, "Consumer Staples": {"Price": 69.06, "Volume": 3167166.0, "P/E": 65.97896661352415, "EV": 36895945000.0, "EBITDA": 1625000000, "EV/EBITDA": 21.17455421048233, "P/B": 4.335920675634114, "ROA": 0.02042931775911293, "CFROA": 0.0704924856818867, "MACD": 0.7816627936329894, "RSI": 69.85222514881531, "R&D": 64700000}, "Consumer Discretionary": {"Price": 67.08500000000001, "Volume": 3051277.5, "P/E": 66.11893987041964, "EV": 18148563239.239998, "EBITDA": 948295500.0, "EV/EBITDA": 19.233587574995745, "P/B": 3.764448396618783, "ROA": 0.03256278678954305, "CFROA": 0.09228996090585662, "MACD": 1.1182178538220242, "RSI": 64.06738223858775, "R&D": 0.0}, "Financials": {"Price": 46.97, "Volume": 1939018.0, "P/E": 28.277275076919615, "EV": 23345445416.78, "EBITDA": 1241500000.0, "EV/EBITDA": 12.346279242071873, "P/B": 1.1725342412127981, "ROA": 0.007692828325700867, "CFROA": 0.008863658008276402, "MACD": 0.771592184621678, "RSI": 63.803869652323, "R&D": 0.0}, "Materials": {"Price": 66.63, "Volume": 1453434.0, "P/E": 42.000918641966805, "EV": 12179940000.0, "EBITDA": 1028732000, "EV/EBITDA": 15.020752952928266, "P/B": 3.504505428745485, "ROA": 0.018122906529309264, "CFROA": 0.08246603338000984, "MACD": 1.6498149974112408, "RSI": 65.06135749897325, "R&D": 102000000}, "Real Estate": {"Price": 92.035, "Volume": 1201460.5, "P/E": 130.62554361960326, "EV": 21695540368.585, "EBITDA": 1039423000.0, "EV/EBITDA": 24.71392726038826, "P/B": 3.0564546022805743, "ROA": 0.014420111076633397, "CFROA": 0.043490488992763615, "MACD": 1.9483273944942248, "RSI": 68.22994201638758, "R&D": 0.0}, "Utilities": {"Price": 58.8, "Volume": 2389590.0, "P/E": 75.72290551858963, "EV": 28161657576.43, "EBITDA": 1583976000, "EV/EBITDA": 19.62321486343182, "P/B": 1.8280787171408206, "ROA": 0.005742126326779189, "CFROA": 0.04854368932038835, "MACD": 0.9213477535721069, "RSI": 70.91619486403543, "R&D": 0}, "Energy": {"Price": 57.47, "Volume": 4793061.0, "P/E": -2.9171437115682473, "EV": 34079311965.839996, "EBITDA": 1817000000.0, "EV/EBITDA": 13.164296354400356, "P/B": 1.9520597775463933, "ROA": -0.010084159637781896, "CFROA": 0.027124924154223365, "MACD": 0.8408745448931043, "RSI": 53.73406550205749, "R&D": 0.0}}