{"Industrials": {"Price": 150.17, "Volume": 1086400.0, "P/E": 65.30469611255099, "EV": 32089231735.94, "EBITDA": 1168141000, "EV/EBITDA": 25.569067122890132, "P/B": 6.301117495482335, "ROA": 0.026687847498014297, "CFROA": 0.0186298516957185, "MACD": -0.3110497228117026, "RSI": 51.99538447236829, "R&D": 54400000}, "Health Care": {"Price": 192.67, "Volume": 1226681.0, "P/E": 46.17405552464516, "EV": 48105327228.08, "EBITDA": 1320200000, "EV/EBITDA": 24.99252254331288, "P/B": 5.6189906409690655, "ROA": 0.04128047911022387, "CFROA": 0.048263732335725805, "MACD": 0.9467815763588305, "RSI": 59.81616028251331, "R&D": 222500000}, "Information Technology": {"Price": 164.51, "Volume": 1534032.0, "P/E": 101.04430479839226, "EV": 35252099778.72, "EBITDA": 1089000000, "EV/EBITDA": 36.02960477830562, "P/B": 8.00070154718606, "ROA": 0.038607538976716, "CFROA": 0.05844557397324324, "MACD": 1.6514795860935862, "RSI": 59.63795118247111, "R&D": 539000000}, "Communication Services": {"Price": 84.795, "Volume": 2638492.0, "P/E": 31.18344853315618, "EV": 46096431117.02, "EBITDA": 2376200000.0, "EV/EBITDA": 23.444061045576273, "P/B": 3.1435608473466545, "ROA": 0.01307194150736409, "CFROA": 0.015654357932364214, "MACD": -0.15647546964611614, "RSI": 52.27098597493891, "R&D": 0.0}, "Consumer Staples": {"Price": 78.8, "Volume": 2709805.5, "P/E": 74.56372685652263, "EV": 49462557845.67, "EBITDA": 2153750000.0, "EV/EBITDA": 19.21194424122319, "P/B": 6.430030095111384, "ROA": 0.02012282234573502, "CFROA": 0.009923503459332196, "MACD": -0.36907336340373575, "RSI": 47.53794415246144, "R&D": 68800000.0}, "Consumer Discretionary": {"Price": 129.445, "Volume": 2006086.5, "P/E": 31.52400759468675, "EV": 32263752179.165, "EBITDA": 974494000.0, "EV/EBITDA": 27.840522450689043, "P/B": 5.114889759122023, "ROA": 0.02338966652923656, "CFROA": 0.0016691914673984437, "MACD": 0.04870706688765125, "RSI": 56.4967545768729, "R&D": 0.0}, "Financials": {"Price": 97.75, "Volume": 1789477.0, "P/E": 33.13675022494589, "EV": 46926421919.915, "EBITDA": 2595000000.0, "EV/EBITDA": 15.316477362650211, "P/B": 1.3449125505035227, "ROA": 0.008368133303946543, "CFROA": 0.0034907626133931936, "MACD": -0.2278045614010864, "RSI": 51.88939458623514, "R&D": 0.0}, "Materials": {"Price": 103.45, "Volume": 1126510.0, "P/E": 62.537618199005784, "EV": 25131268002.36, "EBITDA": 1398900000, "EV/EBITDA": 18.744417980049874, "P/B": 3.841975896919918, "ROA": 0.01994941573209944, "CFROA": 0.03948268357893428, "MACD": -1.389375674456005, "RSI": 44.77074418109128, "R&D": 83900000}, "Real Estate": {"Price": 116.50999999999999, "Volume": 1381407.0, "P/E": 64.34192740321488, "EV": 28927213236.120003, "EBITDA": 1347562500.0, "EV/EBITDA": 25.105819036260947, "P/B": 3.014961746131253, "ROA": 0.02533930358505611, "CFROA": 0.05842315617301537, "MACD": 0.5331223289017686, "RSI": 50.61038150111834, "R&D": 0.0}, "Utilities": {"Price": 67.03, "Volume": 2527934.0, "P/E": 23.31329187400228, "EV": 40768400101.56, "EBITDA": 2421000000, "EV/EBITDA": 13.559563640701265, "P/B": 1.9035790591441442, "ROA": 0.015110155663988493, "CFROA": 0.03892433174513446, "MACD": -0.540926643902722, "RSI": 45.39633489680428, "R&D": 0}, "Energy": {"Price": 59.1, "Volume": 5901880.5, "P/E": -6.782455966882489, "EV": 46460584469.965, "EBITDA": 1126662500.0, "EV/EBITDA": 13.948973031921922, "P/B": 2.6219861111545053, "ROA": -0.033125310916388664, "CFROA": 0.0011211776941843475, "MACD": 0.4309881338151724, "RSI": 55.975271397125425, "R&D": 0.0}}