{"Industrials": {"Price": 84.75999999999999, "Volume": 1636234.3765, "P/E": 85.19034636238376, "EV": 19481512388.515, "EBITDA": 1131092500.0, "EV/EBITDA": 20.8732675443823, "P/B": 4.7476055086327476, "ROA": 0.020599413217938758, "CFROA": 0.05661700947078883, "MACD": 0.8018779439550201, "RSI": 61.197838383095224, "R&D": 38314500.0}, "Health Care": {"Price": 85.32, "Volume": 2241419.4, "P/E": 88.00584730296774, "EV": 33267151000.0, "EBITDA": 1538000000, "EV/EBITDA": 21.59984358342841, "P/B": 4.266584468359469, "ROA": 0.018070758611928608, "CFROA": 0.039779992375973426, "MACD": 0.5815538409673309, "RSI": 57.8950710388064, "R&D": 232800000}, "Information Technology": {"Price": 80.53, "Volume": 2639868.0, "P/E": 63.07063028518518, "EV": 23523022632.08, "EBITDA": 792636000, "EV/EBITDA": 27.605815575713002, "P/B": 4.924664959405155, "ROA": 0.026747359882308593, "CFROA": 0.06755407014713226, "MACD": 0.4942677715609065, "RSI": 53.777234275616436, "R&D": 526870000}, "Communication Services": {"Price": 47.510000000000005, "Volume": 5208438.5, "P/E": 43.40960018283188, "EV": 26825996345.739998, "EBITDA": 666060500.0, "EV/EBITDA": 22.238341171216003, "P/B": 4.477493017350607, "ROA": 0.013637213714165264, "CFROA": 0.05463951528423812, "MACD": 0.3236532587991716, "RSI": 56.9961375359199, "R&D": 0.0}, "Consumer Staples": {"Price": 71.45, "Volume": 3913539.0, "P/E": 78.59021395811817, "EV": 37826396439.479996, "EBITDA": 2151000000, "EV/EBITDA": 15.887286105516841, "P/B": 4.131006594406397, "ROA": 0.025355412140281575, "CFROA": 0.09346620936603464, "MACD": 0.7150425507001543, "RSI": 62.43711335633748, "R&D": 58100000}, "Consumer Discretionary": {"Price": 76.49000000000001, "Volume": 2554554.5, "P/E": 72.4600865186876, "EV": 23569709112.32, "EBITDA": 1010339500.0, "EV/EBITDA": 21.71430586486037, "P/B": 4.023221123645229, "ROA": 0.025285724882410418, "CFROA": 0.05841386392713692, "MACD": 1.0528085315200002, "RSI": 68.00043808151108, "R&D": 0.0}, "Financials": {"Price": 70.82, "Volume": 1977529.5, "P/E": 46.65550020927341, "EV": 30562041204.0, "EBITDA": 1301800000.0, "EV/EBITDA": 18.079248497814703, "P/B": 1.7712612487986892, "ROA": 0.008438863000932759, "CFROA": 0.01042856661955594, "MACD": 0.958936497919062, "RSI": 68.11980978759414, "R&D": 0.0}, "Materials": {"Price": 105.29499999999999, "Volume": 1726096.5, "P/E": 81.01849240932631, "EV": 16141207868.82, "EBITDA": 1108050000.0, "EV/EBITDA": 16.466119027070448, "P/B": 4.594989373820459, "ROA": 0.018414117671451954, "CFROA": 0.042690899878263286, "MACD": 0.5131007230282378, "RSI": 56.90602403943019, "R&D": 68020500.0}, "Real Estate": {"Price": 112.55, "Volume": 1130373.0, "P/E": 130.18632065822848, "EV": 21231903589.63, "EBITDA": 1095193000, "EV/EBITDA": 28.32351336420598, "P/B": 2.6642187916937132, "ROA": 0.010701459393846417, "CFROA": 0.062042917622160555, "MACD": 0.341543955304374, "RSI": 50.536365058659705, "R&D": 0}, "Utilities": {"Price": 63.75, "Volume": 2304896.0, "P/E": 99.54700774695945, "EV": 31097621340.22, "EBITDA": 1277000000, "EV/EBITDA": 22.650725547754554, "P/B": 2.177666953751936, "ROA": 0.0054647765393355694, "CFROA": 0.041736607605429486, "MACD": 0.5273123083336415, "RSI": 60.508390068887394, "R&D": 0}, "Energy": {"Price": 61.205, "Volume": 5312093.5, "P/E": -6.223775641754466, "EV": 45387630908.29, "EBITDA": 2339500000.0, "EV/EBITDA": 16.620578254665833, "P/B": 2.224588499973109, "ROA": -0.006942597530081061, "CFROA": 0.05796595144774825, "MACD": 0.11127092993817467, "RSI": 60.07066213248305, "R&D": 0.0}}