{"Industrials": {"Price": 160.99, "Volume": 1470489.5, "P/E": 50.404264395598304, "EV": 33046921218.06, "EBITDA": 1214919000.0, "EV/EBITDA": 24.846898241421513, "P/B": 5.573963387425707, "ROA": 0.03119177648866245, "CFROA": 0.026647834000418362, "MACD": -0.3493522461143783, "RSI": 34.40394250289292, "R&D": 51650000.0}, "Health Care": {"Price": 200.8, "Volume": 1761453.0, "P/E": 38.917767191107146, "EV": 46321168248.46, "EBITDA": 1576000000, "EV/EBITDA": 21.60156636259624, "P/B": 6.134793098506185, "ROA": 0.04276574871150046, "CFROA": 0.057490558120016785, "MACD": -1.1513088858447134, "RSI": 36.91505635866428, "R&D": 226598000}, "Information Technology": {"Price": 164.77, "Volume": 2528213.0, "P/E": 60.16438490718753, "EV": 36073835825.52, "EBITDA": 1406742000, "EV/EBITDA": 30.16042673394431, "P/B": 8.300748653095752, "ROA": 0.05757723597918681, "CFROA": 0.07276109761769417, "MACD": 0.4751908761579813, "RSI": 44.70836504058027, "R&D": 570395000}, "Communication Services": {"Price": 57.28, "Volume": 5464640.0, "P/E": 36.78670559025919, "EV": 37182970000.0, "EBITDA": 2931000000, "EV/EBITDA": 16.279395126305015, "P/B": 2.4854347176245253, "ROA": 0.01967682308747242, "CFROA": 0.0385236396497736, "MACD": -0.9880662939786973, "RSI": 29.142899766414047, "R&D": 0}, "Consumer Staples": {"Price": 61.82, "Volume": 3669312.0, "P/E": 46.75373038151389, "EV": 42438468853.71999, "EBITDA": 2528700000, "EV/EBITDA": 17.943439098190243, "P/B": 5.874933139757011, "ROA": 0.04057873202007846, "CFROA": 0.060735719048677486, "MACD": -0.10650458041473598, "RSI": 39.53904548137278, "R&D": 69000000}, "Consumer Discretionary": {"Price": 132.23, "Volume": 3275507.0, "P/E": 30.388017184686074, "EV": 32651230360.32, "EBITDA": 1167158000, "EV/EBITDA": 22.631300481925592, "P/B": 4.592267962461268, "ROA": 0.02485219597207151, "CFROA": 0.007611515142217601, "MACD": 0.0008644417165157847, "RSI": 37.75049715109775, "R&D": 0}, "Financials": {"Price": 89.195, "Volume": 2505718.0, "P/E": 33.80997684266927, "EV": 42169011291.619995, "EBITDA": 2595000000.0, "EV/EBITDA": 15.260178360445241, "P/B": 1.383623937323899, "ROA": 0.008368133303946543, "CFROA": 0.005089880997480423, "MACD": -0.3846349734357517, "RSI": 37.47621200972044, "R&D": 0.0}, "Materials": {"Price": 100.17, "Volume": 1990518.0, "P/E": 63.3068868189896, "EV": 27411068468.75, "EBITDA": 1515000000, "EV/EBITDA": 18.39487641132484, "P/B": 3.78313834061547, "ROA": 0.021256131036627893, "CFROA": 0.04779907294782866, "MACD": -0.17060975150757862, "RSI": 37.123008399663874, "R&D": 93500000}, "Real Estate": {"Price": 113.22, "Volume": 1586567.0, "P/E": 69.32873979505342, "EV": 29499692607.42, "EBITDA": 1347562500.0, "EV/EBITDA": 25.643382347490025, "P/B": 3.369764292974284, "ROA": 0.02533930358505611, "CFROA": 0.05842315617301537, "MACD": 0.05130398974170802, "RSI": 40.53380871526873, "R&D": 0.0}, "Utilities": {"Price": 64.21, "Volume": 2549296.0, "P/E": 23.752402204218928, "EV": 39554506989.0, "EBITDA": 2421000000, "EV/EBITDA": 13.33522015136966, "P/B": 1.9399337593156503, "ROA": 0.017505366086334368, "CFROA": 0.0425974025974026, "MACD": -0.18347924353892608, "RSI": 40.943782623233865, "R&D": 0}, "Energy": {"Price": 58.65, "Volume": 10071026.0, "P/E": -6.381861864601018, "EV": 39773791846.75, "EBITDA": 1117325000, "EV/EBITDA": 14.606363502253519, "P/B": 2.755699336649054, "ROA": -0.02311605988573335, "CFROA": 0.0050383569234283615, "MACD": -0.4860499640277993, "RSI": 37.46414859659849, "R&D": 0}}