{"Industrials": {"Price": 52.03, "Volume": 1987679.0, "P/E": 44.328348274375, "EV": 13358750637.230001, "EBITDA": 1343000000, "EV/EBITDA": 11.17508411231447, "P/B": 2.5463180725944885, "ROA": 0.02089276966081669, "CFROA": 0.05288965257114119, "MACD": 0.08264378211864809, "RSI": 50.549686647161785, "R&D": 26997000}, "Health Care": {"Price": 47.57, "Volume": 1952326.0, "P/E": 39.49666170523823, "EV": 12357160105.6, "EBITDA": 1324000000, "EV/EBITDA": 10.020037186979842, "P/B": 2.524622404481905, "ROA": 0.02209426549066864, "CFROA": 0.0660944219090896, "MACD": 0.599169840151923, "RSI": 60.10041707298495, "R&D": 116139000}, "Information Technology": {"Price": 28.549999999999997, "Volume": 4450047.0, "P/E": 16.723560549958766, "EV": 9742634410.0555, "EBITDA": 520216000.0, "EV/EBITDA": 10.811042963625958, "P/B": 2.387028171522372, "ROA": 0.045280275599368966, "CFROA": 0.0998879431102908, "MACD": -0.09877533460732657, "RSI": 42.08528407268798, "R&D": 379372500.0}, "Consumer Staples": {"Price": 47.375, "Volume": 3483028.0, "P/E": 58.26908738402471, "EV": 24188041543.28, "EBITDA": 1659500000.0, "EV/EBITDA": 11.766074327891157, "P/B": 3.582147626024188, "ROA": 0.024093935251918053, "CFROA": 0.05726783702029453, "MACD": 0.17878161963094463, "RSI": 57.55529606783111, "R&D": 57050000.0}, "Consumer Discretionary": {"Price": 37.6273, "Volume": 3068150.0, "P/E": 37.35008690944372, "EV": 9987122386.77, "EBITDA": 707109500.0, "EV/EBITDA": 15.646042511076466, "P/B": 2.9864700918838225, "ROA": 0.026521679556700525, "CFROA": 0.1024601561268397, "MACD": 0.33372059935138587, "RSI": 51.78396560324308, "R&D": 0.0}, "Financials": {"Price": 35.71, "Volume": 2311480.0, "P/E": 41.27492901597608, "EV": 17324572273.7, "EBITDA": 1107000000, "EV/EBITDA": 11.58082224967996, "P/B": 1.0698144756532495, "ROA": 0.009474824038982133, "CFROA": 0.008737882640867287, "MACD": 0.2166892738447892, "RSI": 53.29365197103589, "R&D": 0}, "Materials": {"Price": 51.05, "Volume": 1520769.0, "P/E": 48.81621961134121, "EV": 7742536141.1, "EBITDA": 660746500.0, "EV/EBITDA": 11.649921036591818, "P/B": 2.68014314084425, "ROA": 0.013993856189869492, "CFROA": 0.0542791375110396, "MACD": 0.3057471150328368, "RSI": 53.6653453184502, "R&D": 84741500.0}, "Utilities": {"Price": 35.31, "Volume": 1650741.0, "P/E": 44.570166666666665, "EV": 17916470810.5, "EBITDA": 1217500000, "EV/EBITDA": 14.971081928839777, "P/B": 1.4475653391898524, "ROA": 0.005767234418855012, "CFROA": 0.05990364704390821, "MACD": -0.04574040607183605, "RSI": 47.47943734280408, "R&D": 0}, "Real Estate": {"Price": 70.595, "Volume": 1086447.0, "P/E": 159.65296139152335, "EV": 17504030607.68, "EBITDA": 654837000, "EV/EBITDA": 34.18635107579231, "P/B": 3.7321767324129973, "ROA": 0.007318032786885246, "CFROA": 0.06331500106241869, "MACD": -0.3622775099613733, "RSI": 37.65512348521025, "R&D": 0}, "Communication Services": {"Price": 23.10105, "Volume": 5171408.5, "P/E": 9.55418093249191, "EV": 17927464630.0, "EBITDA": 1142576500.0, "EV/EBITDA": 9.604014109573523, "P/B": 1.567944108237798, "ROA": 0.01070744254443622, "CFROA": 0.05761445716491352, "MACD": 0.12683290173758355, "RSI": 44.97150721623792, "R&D": 0.0}, "Energy": {"Price": 57.41, "Volume": 4290007.0, "P/E": 14.08039490659165, "EV": 28786198000.0, "EBITDA": 5277000000, "EV/EBITDA": 5.446004760072179, "P/B": 1.9096680367970538, "ROA": 0.07241212614089651, "CFROA": 0.12168851164089083, "MACD": 0.6532392104797964, "RSI": 56.155102485083, "R&D": 0}}