{"Industrials": {"Price": 150.65, "Volume": 1174563.0, "P/E": 54.33801792953566, "EV": 33087554303.829998, "EBITDA": 1212038000, "EV/EBITDA": 24.82095399914454, "P/B": 5.6878721196029876, "ROA": 0.030275974025974026, "CFROA": 0.02120877773691308, "MACD": -1.006900463290961, "RSI": 41.13832098484654, "R&D": 54400000}, "Health Care": {"Price": 196.19, "Volume": 1420654.0, "P/E": 42.409278761664275, "EV": 44444781181.7, "EBITDA": 1320200000, "EV/EBITDA": 23.426028549373786, "P/B": 5.570551731018656, "ROA": 0.04276574871150046, "CFROA": 0.05732543731727859, "MACD": -1.7361655205614284, "RSI": 36.94015683449284, "R&D": 225284000}, "Information Technology": {"Price": 161.885, "Volume": 1649978.5, "P/E": 70.86110244441984, "EV": 37865213238.75, "EBITDA": 1305365500.0, "EV/EBITDA": 28.33888364652556, "P/B": 8.196681810689, "ROA": 0.04947274182500663, "CFROA": 0.062026802126816744, "MACD": -1.1125350597667278, "RSI": 43.65998682226778, "R&D": 554697500.0}, "Communication Services": {"Price": 74.13, "Volume": 3196229.0, "P/E": 31.136955173361226, "EV": 45339039842.24, "EBITDA": 2931000000, "EV/EBITDA": 18.66568778882788, "P/B": 2.897141813270153, "ROA": 0.01967682308747242, "CFROA": 0.03380835966847535, "MACD": -0.09617633983950213, "RSI": 53.655017705663596, "R&D": 0}, "Consumer Staples": {"Price": 63.87, "Volume": 2240923.0, "P/E": 49.42005196390102, "EV": 48967511752.71999, "EBITDA": 2528700000, "EV/EBITDA": 17.235212463352884, "P/B": 5.478519395838108, "ROA": 0.031908885882316225, "CFROA": 0.05991877383227044, "MACD": -0.6859371776445897, "RSI": 39.823213391737035, "R&D": 69000000}, "Consumer Discretionary": {"Price": 127.18, "Volume": 2696903.0, "P/E": 32.40704636751947, "EV": 29474168505.300003, "EBITDA": 1167158000, "EV/EBITDA": 25.57709602596148, "P/B": 4.961537198696171, "ROA": 0.024422604422604424, "CFROA": 0.004546761403813428, "MACD": -0.14230580875864973, "RSI": 45.37563924024962, "R&D": 0}, "Financials": {"Price": 90.60499999999999, "Volume": 2154111.0, "P/E": 34.8871936346077, "EV": 47613226984.36, "EBITDA": 2595000000.0, "EV/EBITDA": 15.667367221324085, "P/B": 1.4308134566055606, "ROA": 0.008368133303946543, "CFROA": 0.0034907626133931936, "MACD": 0.015358278942507297, "RSI": 53.199941241365096, "R&D": 0.0}, "Materials": {"Price": 95.83, "Volume": 1687923.0, "P/E": 62.44979578065499, "EV": 28355008572.71, "EBITDA": 1398900000, "EV/EBITDA": 18.224873441396507, "P/B": 3.8031257771650133, "ROA": 0.02040019521717911, "CFROA": 0.03948268357893428, "MACD": -1.256883410017366, "RSI": 41.86082014531987, "R&D": 83900000}, "Real Estate": {"Price": 116.435, "Volume": 1307499.5, "P/E": 66.58750226252441, "EV": 30779784162.960003, "EBITDA": 1347562500.0, "EV/EBITDA": 25.23126270889802, "P/B": 3.0346916037150957, "ROA": 0.02533930358505611, "CFROA": 0.05842315617301537, "MACD": -0.5037263766697819, "RSI": 45.575815203082286, "R&D": 0.0}, "Utilities": {"Price": 62.49, "Volume": 2237367.0, "P/E": 23.292535784202524, "EV": 39652484186.7, "EBITDA": 2421000000, "EV/EBITDA": 13.476104799960154, "P/B": 1.91053104109985, "ROA": 0.015110155663988493, "CFROA": 0.03892433174513446, "MACD": -1.126332578102236, "RSI": 33.497555915968036, "R&D": 0}, "Energy": {"Price": 60.19, "Volume": 7131546.5, "P/E": -6.888632499939449, "EV": 42608251375.905, "EBITDA": 1126662500.0, "EV/EBITDA": 13.911403628497808, "P/B": 2.5714036083340552, "ROA": -0.033125310916388664, "CFROA": 0.0011211776941843475, "MACD": 1.2920070726566912, "RSI": 67.58017181313701, "R&D": 0.0}}