{"Industrials": {"Price": 107.14, "Volume": 1375201.5, "P/E": 67.28921716176927, "EV": 25872469053.719997, "EBITDA": 1247181000, "EV/EBITDA": 20.683089361136236, "P/B": 4.14437610784601, "ROA": 0.022814561339869942, "CFROA": 0.056464229839283175, "MACD": -0.028036991866358107, "RSI": 48.99277904322697, "R&D": 54700000}, "Health Care": {"Price": 140.81, "Volume": 1243908.0, "P/E": 68.1217084054947, "EV": 33050648667.53, "EBITDA": 1302050000.0, "EV/EBITDA": 22.219908406718503, "P/B": 4.901029417541241, "ROA": 0.02472819875594398, "CFROA": 0.050384214929068, "MACD": -0.44779212204049657, "RSI": 50.18739065383292, "R&D": 202328000.0}, "Information Technology": {"Price": 120.305, "Volume": 2053950.5, "P/E": 86.8704380184929, "EV": 29263623295.0, "EBITDA": 1019131000.0, "EV/EBITDA": 34.787207865344456, "P/B": 6.7263520685329, "ROA": 0.0332137763539032, "CFROA": 0.061572977456824024, "MACD": 0.0785425416912009, "RSI": 55.97962946787625, "R&D": 458350000.0}, "Communication Services": {"Price": 56.595, "Volume": 2376627.0, "P/E": 65.74229243023166, "EV": 30144211321.8, "EBITDA": 829950000.0, "EV/EBITDA": 24.808852170366222, "P/B": 3.605819096127875, "ROA": 0.013679094518130416, "CFROA": 0.03778415691188657, "MACD": -0.05897593316774241, "RSI": 51.3961489426018, "R&D": 0.0}, "Consumer Staples": {"Price": 66.67, "Volume": 3095950.0, "P/E": 60.9869264, "EV": 39090219848.48, "EBITDA": 2108000000, "EV/EBITDA": 17.82288107429904, "P/B": 5.722276660959813, "ROA": 0.019073435189748644, "CFROA": 0.034622554556857636, "MACD": -0.3856943512421225, "RSI": 52.49780966334818, "R&D": 67300000}, "Consumer Discretionary": {"Price": 94.155, "Volume": 2374209.0, "P/E": 57.17523593154371, "EV": 22584631386.065002, "EBITDA": 1042366000.0, "EV/EBITDA": 20.18924995452565, "P/B": 3.761844389828638, "ROA": 0.02865125694143223, "CFROA": 0.07919500179098707, "MACD": 0.08230435023912896, "RSI": 53.4631569528167, "R&D": 0.0}, "Utilities": {"Price": 70.38, "Volume": 2243101.0, "P/E": 65.27100648339942, "EV": 36681840713.909996, "EBITDA": 1832000000, "EV/EBITDA": 19.944925587017032, "P/B": 1.9814411095274045, "ROA": 0.006375053722362829, "CFROA": 0.04586214121097842, "MACD": -0.1891881649330429, "RSI": 52.365286767250595, "R&D": 0}, "Financials": {"Price": 68.22, "Volume": 2159152.5, "P/E": 26.463276698010716, "EV": 28715499136.5, "EBITDA": 1636900000.0, "EV/EBITDA": 11.53679846331471, "P/B": 1.1200963217959659, "ROA": 0.009338216050412476, "CFROA": 0.016073664142057093, "MACD": -0.44827879050249386, "RSI": 48.093641287106, "R&D": 0.0}, "Materials": {"Price": 76.31, "Volume": 1574304.0, "P/E": 85.42626326893323, "EV": 17361247892.29, "EBITDA": 1533500000, "EV/EBITDA": 13.818248879568609, "P/B": 2.5255754465888782, "ROA": 0.012129077585113338, "CFROA": 0.05751955618486108, "MACD": 0.10503611869107488, "RSI": 48.17876326329332, "R&D": 72900000}, "Real Estate": {"Price": 76.05, "Volume": 2150805.0, "P/E": 94.22868441734902, "EV": 21428629815.08, "EBITDA": 964862000, "EV/EBITDA": 22.323795996417733, "P/B": 2.2692500078293216, "ROA": 0.01314670479608239, "CFROA": 0.05644400645985634, "MACD": -0.38799786968886707, "RSI": 51.91729771653273, "R&D": 0}, "Energy": {"Price": 25.27, "Volume": 8049727.0, "P/E": 6.5491822834375, "EV": 22923613130.0, "EBITDA": 3033000000, "EV/EBITDA": 6.847070294035224, "P/B": 0.8746454262815657, "ROA": 0.012534059945504087, "CFROA": 0.07313694986379363, "MACD": -0.9353972530075172, "RSI": 31.161947857122854, "R&D": 0}}