{"Industrials": {"Price": 126.14, "Volume": 1040606.0, "P/E": 21.553954626015173, "EV": 27875282689.65, "EBITDA": 1602623000, "EV/EBITDA": 14.363800324910663, "P/B": 4.240552680420024, "ROA": 0.07089188482297834, "CFROA": 0.11423583886858885, "MACD": -1.7984739763152788, "RSI": 44.59231029558881, "R&D": 61100000}, "Health Care": {"Price": 175.06, "Volume": 1157034.0, "P/E": 25.07034901365705, "EV": 37298515010.369995, "EBITDA": 2789000000, "EV/EBITDA": 16.13348774998056, "P/B": 4.140630531895509, "ROA": 0.07063353261380481, "CFROA": 0.11061499151800637, "MACD": -1.0782491758218526, "RSI": 50.72778703883269, "R&D": 274969000}, "Information Technology": {"Price": 137.54000000000002, "Volume": 1985954.5, "P/E": 28.029617958057006, "EV": 38145580481.665, "EBITDA": 1997000000.0, "EV/EBITDA": 18.000294896070187, "P/B": 5.999566110337746, "ROA": 0.0894059487110638, "CFROA": 0.11524551104027445, "MACD": -2.325035608354952, "RSI": 41.8629168462198, "R&D": 639318000.0}, "Communication Services": {"Price": 64.31, "Volume": 3544013.0, "P/E": 17.149431352712714, "EV": 31972342141.65, "EBITDA": 3375000000, "EV/EBITDA": 8.525302491103202, "P/B": 1.9320959326965004, "ROA": 0.04785727201494786, "CFROA": 0.07042481475487126, "MACD": -1.0397523795784238, "RSI": 44.706652342419375, "R&D": 0}, "Consumer Staples": {"Price": 76.41, "Volume": 3206919.0, "P/E": 28.412029061252873, "EV": 49310297094, "EBITDA": 3438000000, "EV/EBITDA": 15.01711729222338, "P/B": 4.638513755732869, "ROA": 0.06409109878972158, "CFROA": 0.117446929878173, "MACD": -0.03720813148652269, "RSI": 57.27752546938144, "R&D": 84000000}, "Consumer Discretionary": {"Price": 96.4, "Volume": 2531474.0, "P/E": 15.22500549130354, "EV": 22576664794.12, "EBITDA": 1899139000, "EV/EBITDA": 12.93373258154852, "P/B": 2.4556789906064638, "ROA": 0.07768586482322938, "CFROA": 0.11620809512902723, "MACD": -1.5168765497147518, "RSI": 43.46501368746388, "R&D": 0}, "Utilities": {"Price": 72.88499999999999, "Volume": 2355697.5, "P/E": 22.871563831128427, "EV": 39608654289.515, "EBITDA": 2624000000.0, "EV/EBITDA": 12.490988225045498, "P/B": 2.2364736394696534, "ROA": 0.024474440658036375, "CFROA": 0.05073062769912859, "MACD": -0.6564255198173754, "RSI": 56.65414853308258, "R&D": 0.0}, "Financials": {"Price": 97.42, "Volume": 1912522.0, "P/E": 11.087097128730877, "EV": 40679095303.76, "EBITDA": 4399000000, "EV/EBITDA": 8.15114246515824, "P/B": 1.153406248302763, "ROA": 0.020971359469152774, "CFROA": 0.02220549722201826, "MACD": -1.0405206439301296, "RSI": 46.40440833454021, "R&D": 0}, "Materials": {"Price": 97.295, "Volume": 1603014.5, "P/E": 19.928297436649785, "EV": 24639723912.45, "EBITDA": 2674500000.0, "EV/EBITDA": 10.544561701266648, "P/B": 2.9374335757171446, "ROA": 0.06101422480229412, "CFROA": 0.09761546619787026, "MACD": -3.1288364146441445, "RSI": 35.969674270199825, "R&D": 96650000.0}, "Real Estate": {"Price": 95.68, "Volume": 1263491.0, "P/E": 33.76398641197927, "EV": 28580327379.999996, "EBITDA": 1617508000, "EV/EBITDA": 19.859514525449022, "P/B": 2.6623025409192986, "ROA": 0.03348704103001298, "CFROA": 0.07581339849016171, "MACD": -1.5677010947867416, "RSI": 47.30712033492057, "R&D": 0}, "Energy": {"Price": 72.685, "Volume": 7814834.5, "P/E": 18.382155190355334, "EV": 54750526143.25, "EBITDA": 5163500000.0, "EV/EBITDA": 10.526373418112872, "P/B": 2.3899021068898776, "ROA": 0.05660192755894935, "CFROA": 0.10494879530417964, "MACD": -3.2691051397056548, "RSI": 37.86879180750964, "R&D": 0.0}}