{"Industrials": {"Price": 69.56, "Volume": 1614326.0, "P/E": 67.26002621439822, "EV": 15835457807.230001, "EBITDA": 859000000, "EV/EBITDA": 15.126010571267487, "P/B": 3.335417113593872, "ROA": 0.02339504712774759, "CFROA": 0.03455074356973952, "MACD": 0.5736877866113019, "RSI": 58.32648743024478, "R&D": 29271000}, "Health Care": {"Price": 60.66, "Volume": 1800582.225, "P/E": 62.44247707091776, "EV": 17220248867.7, "EBITDA": 1116958000.0, "EV/EBITDA": 14.22670755529822, "P/B": 3.230923540278127, "ROA": 0.018553723621659135, "CFROA": 0.0401416624405559, "MACD": 0.5690520449916932, "RSI": 56.52196949742747, "R&D": 165334500.0}, "Information Technology": {"Price": 44.58, "Volume": 1949909.0, "P/E": 33.18112742192308, "EV": 15413235149.06, "EBITDA": 641000000, "EV/EBITDA": 16.004500574338515, "P/B": 3.100156088394277, "ROA": 0.03628985507246377, "CFROA": 0.08376547181952383, "MACD": 0.4089893614319067, "RSI": 56.076374016398475, "R&D": 576000000}, "Communication Services": {"Price": 28.09, "Volume": 3578855.0, "P/E": 34.990852064819656, "EV": 20521219051.94, "EBITDA": 836000000, "EV/EBITDA": 13.968825265141668, "P/B": 3.1248569800763613, "ROA": 0.01359808495522361, "CFROA": 0.045084099969681476, "MACD": 0.46978647264502627, "RSI": 54.27992197456695, "R&D": 0}, "Consumer Staples": {"Price": 58.644999999999996, "Volume": 2107551.0, "P/E": 61.856364279151094, "EV": 27355976207.52, "EBITDA": 2092950000.0, "EV/EBITDA": 12.122915399295518, "P/B": 4.37404374202635, "ROA": 0.024975892880031485, "CFROA": 0.06319537642055442, "MACD": 0.013457170315454903, "RSI": 53.80253698060916, "R&D": 77450000.0}, "Consumer Discretionary": {"Price": 54.685, "Volume": 2371259.5, "P/E": 55.678433445948095, "EV": 15255826441.13, "EBITDA": 827470000.0, "EV/EBITDA": 18.898090876609693, "P/B": 3.879349758640913, "ROA": 0.02526249141563526, "CFROA": 0.05173182107254197, "MACD": 0.5475164920004971, "RSI": 60.91320831918447, "R&D": 0.0}, "Financials": {"Price": 45.455, "Volume": 1967251.5, "P/E": 33.132106185222675, "EV": 22242562185.92, "EBITDA": 1234300000.0, "EV/EBITDA": 16.279766477775, "P/B": 1.2685821275821905, "ROA": 0.007444944312421532, "CFROA": 0.012664858767249994, "MACD": -0.023796669637992096, "RSI": 51.34099569280151, "R&D": 0.0}, "Materials": {"Price": 66.5, "Volume": 1436915.0, "P/E": 53.378135368276965, "EV": 11254043096.76, "EBITDA": 803100000, "EV/EBITDA": 13.621220192605985, "P/B": 3.211452976039121, "ROA": 0.016012103637395195, "CFROA": 0.06200837350926161, "MACD": 0.9101036707261798, "RSI": 69.67205075202911, "R&D": 85000000}, "Real Estate": {"Price": 78.10499999999999, "Volume": 996357.4273999999, "P/E": 68.17766453217762, "EV": 20347007398.190002, "EBITDA": 950913000.0, "EV/EBITDA": 30.991516705512105, "P/B": 3.4071035238356693, "ROA": 0.010338277528764081, "CFROA": 0.03520421624829442, "MACD": 1.0836251030988464, "RSI": 63.45541588337835, "R&D": 0.0}, "Utilities": {"Price": 42.05, "Volume": 2150637.0, "P/E": 74.03229588352941, "EV": 23844706975.82, "EBITDA": 1335000000, "EV/EBITDA": 16.306003130078334, "P/B": 1.507758217957103, "ROA": 0.005994127845686058, "CFROA": 0.037644249102484435, "MACD": 0.39616612072294544, "RSI": 57.55857110921087, "R&D": 0}, "Energy": {"Price": 77.17, "Volume": 4712263.5, "P/E": 18.668619193746625, "EV": 30822006536.625, "EBITDA": 4809650000.0, "EV/EBITDA": 7.585307960236683, "P/B": 1.887069206957242, "ROA": 0.04696259097052209, "CFROA": 0.12245443725759333, "MACD": 0.7603657725310242, "RSI": 54.804920162887754, "R&D": 0.0}}