{"Industrials": {"Price": 109.37835, "Volume": 1265804.0, "P/E": 58.39499735555914, "EV": 24874167743.665, "EBITDA": 1252200000.0, "EV/EBITDA": 20.246175479156307, "P/B": 4.702738576643325, "ROA": 0.030024466560865673, "CFROA": 0.08075992899470186, "MACD": 0.3731774248770705, "RSI": 45.96792467359498, "R&D": 47800000.0}, "Health Care": {"Price": 110.96, "Volume": 1541254.0, "P/E": 75.43991696632912, "EV": 30410779304.800003, "EBITDA": 1348000000, "EV/EBITDA": 24.287633936049033, "P/B": 4.151864480874317, "ROA": 0.015473773943632568, "CFROA": 0.05567412081284216, "MACD": -0.11991261993182434, "RSI": 42.995463375284395, "R&D": 193998000}, "Information Technology": {"Price": 102.445, "Volume": 2745001.5, "P/E": 53.37139578762026, "EV": 28961997637.4, "EBITDA": 1130000000.0, "EV/EBITDA": 32.202021141213535, "P/B": 6.794521928620141, "ROA": 0.03498689806590121, "CFROA": 0.114393294695636, "MACD": -0.007211685176073956, "RSI": 44.82690285292534, "R&D": 628850000.0}, "Communication Services": {"Price": 48.71, "Volume": 2762656.0, "P/E": 43.93072159650448, "EV": 36412468940.85, "EBITDA": 1198888000.0, "EV/EBITDA": 18.350207586767596, "P/B": 2.76979575697455, "ROA": 0.008982699087102702, "CFROA": 0.05202920357621647, "MACD": 0.06878604402883592, "RSI": 47.04870331427543, "R&D": 0.0}, "Consumer Staples": {"Price": 73.57, "Volume": 2654476.0, "P/E": 76.01401065868308, "EV": 45311883242.29, "EBITDA": 1918808000, "EV/EBITDA": 15.710518485568127, "P/B": 4.641091961484159, "ROA": 0.02219482120838471, "CFROA": 0.058999235104808326, "MACD": 0.40517510064981366, "RSI": 53.86988911447575, "R&D": 69400000}, "Consumer Discretionary": {"Price": 97.22, "Volume": 1786168.0, "P/E": 68.46100198400501, "EV": 28466505737.12, "EBITDA": 1055000000, "EV/EBITDA": 18.80472966096466, "P/B": 4.390533719257033, "ROA": 0.028474456737338564, "CFROA": 0.08276349619066486, "MACD": 0.4169597876133153, "RSI": 49.7461615207671, "R&D": 0}, "Financials": {"Price": 88.505, "Volume": 1503650.0, "P/E": 50.04405968148306, "EV": 38347750619.100006, "EBITDA": 1250000000.0, "EV/EBITDA": 20.31960091342325, "P/B": 1.671920819718139, "ROA": 0.011103059271157942, "CFROA": 0.014434726006093506, "MACD": 0.20788513438071465, "RSI": 43.96562469512833, "R&D": 0.0}, "Materials": {"Price": 84.19, "Volume": 1208327.0, "P/E": 47.47427490078202, "EV": 18332849080.949997, "EBITDA": 1520200000, "EV/EBITDA": 13.801705574428876, "P/B": 3.1257230659296087, "ROA": 0.02336076981192095, "CFROA": 0.07496426018584704, "MACD": 0.254698326504041, "RSI": 46.44665515814247, "R&D": 70054000}, "Real Estate": {"Price": 89.46, "Volume": 1238540.0, "P/E": 64.14139711654893, "EV": 23584968534.280003, "EBITDA": 1037949000, "EV/EBITDA": 25.101006245845564, "P/B": 3.113975131721317, "ROA": 0.012928425640336912, "CFROA": 0.07311164397614414, "MACD": 0.35754719379400157, "RSI": 53.3747865501791, "R&D": 0}, "Utilities": {"Price": 69.42500000000001, "Volume": 1960032.0, "P/E": 104.62317578458234, "EV": 41293016958.375, "EBITDA": 1565500000.0, "EV/EBITDA": 24.894762636256566, "P/B": 2.2515431572132747, "ROA": 0.00527037073705684, "CFROA": 0.046153499988279834, "MACD": 0.8467106431439291, "RSI": 60.22886042436787, "R&D": 0.0}, "Energy": {"Price": 55.15, "Volume": 4755114.0, "P/E": 14.869554829168916, "EV": 40091647810.11, "EBITDA": 4073000000, "EV/EBITDA": 9.53823504577045, "P/B": 1.5224127325017989, "ROA": 0.030323230317557123, "CFROA": 0.10589798630277011, "MACD": -0.11868769265964829, "RSI": 40.177146069158574, "R&D": 0}}