{"Industrials": {"Price": 119.56, "Volume": 1409168.5, "P/E": 84.11670766040378, "EV": 27815230937.12, "EBITDA": 1330090500.0, "EV/EBITDA": 23.00660772635906, "P/B": 4.686277816694474, "ROA": 0.022062025344526334, "CFROA": 0.054663661873993276, "MACD": -0.6083170499464146, "RSI": 42.135873162326945, "R&D": 55550000.0}, "Health Care": {"Price": 160.095, "Volume": 1443266.5, "P/E": 75.48874371398715, "EV": 38644324672.990005, "EBITDA": 1424500000.0, "EV/EBITDA": 24.061366759615034, "P/B": 5.477578453066647, "ROA": 0.026973066342879513, "CFROA": 0.04766160751470977, "MACD": 0.8870641432501714, "RSI": 49.88130143925748, "R&D": 202328000.0}, "Information Technology": {"Price": 144.44, "Volume": 2470280.5, "P/E": 110.06055275969857, "EV": 32448514760.18, "EBITDA": 1005427000.0, "EV/EBITDA": 40.512330244443376, "P/B": 7.670472938914987, "ROA": 0.03530429870347239, "CFROA": 0.05921357140665287, "MACD": 0.7074723220726042, "RSI": 51.1945339315006, "R&D": 504350000.0}, "Communication Services": {"Price": 67.56, "Volume": 3547507.0, "P/E": 57.50623071165919, "EV": 38566863129.4, "EBITDA": 877900000, "EV/EBITDA": 36.821300341296926, "P/B": 3.822547360273021, "ROA": 0.012444639309727517, "CFROA": 0.0186458776704974, "MACD": 0.312513771921747, "RSI": 51.30464141157392, "R&D": 0}, "Consumer Staples": {"Price": 75.6, "Volume": 2878013.0, "P/E": 80.16805678868502, "EV": 39808535004.25, "EBITDA": 2108000000, "EV/EBITDA": 18.036689891067322, "P/B": 6.053455082651996, "ROA": 0.01750988392989281, "CFROA": 0.03438852197677067, "MACD": -0.20301924450053832, "RSI": 42.30619618553533, "R&D": 68600000}, "Consumer Discretionary": {"Price": 116.91, "Volume": 2066622.0, "P/E": 69.79666805673783, "EV": 26672401804.550003, "EBITDA": 1041000000, "EV/EBITDA": 21.81591737458769, "P/B": 4.7234172422485505, "ROA": 0.022675736961451247, "CFROA": 0.06122670374037758, "MACD": -0.172273447852767, "RSI": 43.314565272093766, "R&D": 0}, "Utilities": {"Price": 63.94, "Volume": 1940151.0, "P/E": 60.36260021902875, "EV": 36843412120.7, "EBITDA": 1832000000, "EV/EBITDA": 20.58905631009246, "P/B": 1.913183158602293, "ROA": 0.006375053722362829, "CFROA": 0.04586214121097842, "MACD": -0.3184753043407227, "RSI": 48.56328350109303, "R&D": 0}, "Financials": {"Price": 86.75999999999999, "Volume": 2289029.5, "P/E": 34.61866581406601, "EV": 36234073145.0, "EBITDA": 1594000000.0, "EV/EBITDA": 14.449126241571925, "P/B": 1.3362082683235137, "ROA": 0.009338216050412476, "CFROA": 0.016073664142057093, "MACD": 0.1177895081628888, "RSI": 46.62107524043174, "R&D": 0.0}, "Materials": {"Price": 100, "Volume": 1667240.0, "P/E": 93.57563538729809, "EV": 20106665340.09, "EBITDA": 1411689000, "EV/EBITDA": 16.837596936182745, "P/B": 3.4391412107759587, "ROA": 0.012129077585113338, "CFROA": 0.05323460249161955, "MACD": -0.38221624480753036, "RSI": 42.23129451480849, "R&D": 77300000}, "Real Estate": {"Price": 87.04, "Volume": 1924959.0, "P/E": 113.32142957741831, "EV": 22117454635.4, "EBITDA": 964862000, "EV/EBITDA": 23.62521744530373, "P/B": 2.5519447798570822, "ROA": 0.01314670479608239, "CFROA": 0.05040066190972943, "MACD": 0.3494966644298074, "RSI": 54.923111568683154, "R&D": 0}, "Energy": {"Price": 40.02, "Volume": 5440295.0, "P/E": 12.169872901375001, "EV": 29319119966.24, "EBITDA": 3033000000, "EV/EBITDA": 9.055901935087864, "P/B": 1.1886736585291047, "ROA": 0.012534059945504087, "CFROA": 0.07313694986379363, "MACD": 0.2176715306814927, "RSI": 45.86424397584952, "R&D": 0}}