{"Industrials": {"Price": 144.36, "Volume": 1204058.0, "P/E": 71.22947929063275, "EV": 32786727016.8, "EBITDA": 1168141000, "EV/EBITDA": 25.090417822511967, "P/B": 5.900444913790471, "ROA": 0.026687847498014297, "CFROA": 0.0186298516957185, "MACD": 1.952091002730242, "RSI": 61.602221316427396, "R&D": 54400000}, "Health Care": {"Price": 185.97, "Volume": 1300644.0, "P/E": 45.569968316630145, "EV": 46400730630.235, "EBITDA": 1400600000.0, "EV/EBITDA": 24.460739474933334, "P/B": 5.86116029844791, "ROA": 0.041681162148667864, "CFROA": 0.05419512784091238, "MACD": 2.1983072346209127, "RSI": 61.9802181887629, "R&D": 213944500.0}, "Information Technology": {"Price": 149.84375, "Volume": 1596343.0, "P/E": 101.74860202104405, "EV": 35388709289.46, "EBITDA": 1055131000.0, "EV/EBITDA": 35.25083788241504, "P/B": 7.661250082615275, "ROA": 0.038244556542421995, "CFROA": 0.056976992534413254, "MACD": 1.200216954690525, "RSI": 50.34486616361137, "R&D": 507450000.0}, "Communication Services": {"Price": 82.84, "Volume": 4040091.0, "P/E": 31.391311252425492, "EV": 44249746814.3, "EBITDA": 2376200000.0, "EV/EBITDA": 23.077869048970715, "P/B": 3.162369174060834, "ROA": 0.01307194150736409, "CFROA": 0.012481593156160157, "MACD": 0.24680575418585526, "RSI": 52.03270968579177, "R&D": 0.0}, "Consumer Staples": {"Price": 81.07, "Volume": 3224180.0, "P/E": 73.54178618429032, "EV": 49580391756.920006, "EBITDA": 2204500000, "EV/EBITDA": 18.960678843278068, "P/B": 6.170207075724001, "ROA": 0.017047633092464237, "CFROA": 0.0034594420644019387, "MACD": 0.48056837864331214, "RSI": 59.84582118192839, "R&D": 69000000}, "Consumer Discretionary": {"Price": 134.67000000000002, "Volume": 1968869.0, "P/E": 30.239082207379624, "EV": 31512080804.47, "EBITDA": 974494000.0, "EV/EBITDA": 27.21836964222527, "P/B": 5.009763622127319, "ROA": 0.02338966652923656, "CFROA": 0.0016691914673984437, "MACD": 1.6916884331783422, "RSI": 57.208431281752205, "R&D": 0.0}, "Financials": {"Price": 102.0, "Volume": 2073172.0, "P/E": 32.401409603448876, "EV": 44245954249.99, "EBITDA": 2595000000.0, "EV/EBITDA": 15.523010423051012, "P/B": 1.371934488303785, "ROA": 0.008368133303946543, "CFROA": 0.0034907626133931936, "MACD": 1.1498283439565533, "RSI": 63.0353694982815, "R&D": 0.0}, "Materials": {"Price": 107.87, "Volume": 1680901.0, "P/E": 61.18244573412777, "EV": 25906668490.56, "EBITDA": 1398900000, "EV/EBITDA": 19.70096358605785, "P/B": 3.951345204354167, "ROA": 0.01994941573209944, "CFROA": 0.03948268357893428, "MACD": 1.5786631911622635, "RSI": 60.881260146851744, "R&D": 83900000}, "Real Estate": {"Price": 110.55, "Volume": 1378083.5, "P/E": 61.877026306740134, "EV": 27832745162.38, "EBITDA": 1347562500.0, "EV/EBITDA": 22.841600015211448, "P/B": 2.977784334666237, "ROA": 0.02533930358505611, "CFROA": 0.05842315617301537, "MACD": 1.9147966807862247, "RSI": 64.70441711112197, "R&D": 0.0}, "Utilities": {"Price": 71.62, "Volume": 2070965.0, "P/E": 24.60173402713797, "EV": 42249489900.7758, "EBITDA": 2421000000, "EV/EBITDA": 13.679966768050313, "P/B": 2.0113347794575827, "ROA": 0.015110155663988493, "CFROA": 0.03892433174513446, "MACD": 1.0012713240430742, "RSI": 64.81398410372948, "R&D": 0}, "Energy": {"Price": 52.730000000000004, "Volume": 6853286.0, "P/E": -5.813332704393288, "EV": 44224992215.64, "EBITDA": 1126662500.0, "EV/EBITDA": 12.682855431188912, "P/B": 2.288688038212369, "ROA": -0.033125310916388664, "CFROA": 0.0011211776941843475, "MACD": 0.3130733416360236, "RSI": 60.22696993343351, "R&D": 0.0}}