{"Industrials": {"Price": 95.6, "Volume": 1406688.0, "P/E": 56.07227168021215, "EV": 24044684267.54, "EBITDA": 1247181000, "EV/EBITDA": 20.021272942193736, "P/B": 3.879326122522827, "ROA": 0.023535034184479556, "CFROA": 0.056464229839283175, "MACD": 0.39445930330592915, "RSI": 51.43840270339752, "R&D": 54700000}, "Health Care": {"Price": 128.265, "Volume": 1448497.0, "P/E": 70.14797355633561, "EV": 28844032495.99, "EBITDA": 1464000000.0, "EV/EBITDA": 22.39217486899946, "P/B": 4.418393167358062, "ROA": 0.02390112377273958, "CFROA": 0.053286533272340134, "MACD": -0.05402668314118131, "RSI": 53.5456329065903, "R&D": 196023000.0}, "Information Technology": {"Price": 106.33, "Volume": 2180820.0, "P/E": 78.36482410258228, "EV": 27321639683.12, "EBITDA": 1017000000, "EV/EBITDA": 37.494625072412, "P/B": 5.885978898751157, "ROA": 0.029466968702325368, "CFROA": 0.06248872626072616, "MACD": 0.9189100075038539, "RSI": 53.92014771157261, "R&D": 469700000}, "Communication Services": {"Price": 54.605000000000004, "Volume": 3541714.0, "P/E": 62.49594153479157, "EV": 31898207800.7, "EBITDA": 835450000.0, "EV/EBITDA": 15.466691500244707, "P/B": 3.3442504547346266, "ROA": 0.013679094518130416, "CFROA": 0.05775843793645454, "MACD": 0.08003634155296524, "RSI": 55.388639760368264, "R&D": 0.0}, "Consumer Staples": {"Price": 67.48, "Volume": 2625159.5, "P/E": 61.5776769765463, "EV": 37085585199.545, "EBITDA": 1886248000.0, "EV/EBITDA": 16.138618320035288, "P/B": 5.42496165181302, "ROA": 0.019833858135884348, "CFROA": 0.05171544369567392, "MACD": 0.18594871868697638, "RSI": 50.31725032318067, "R&D": 61700000.0}, "Consumer Discretionary": {"Price": 85.17, "Volume": 2956328.5, "P/E": 51.40182663529775, "EV": 18060562942.450996, "EBITDA": 1077250000.0, "EV/EBITDA": 15.443227463145618, "P/B": 3.265778145532575, "ROA": 0.030253318219741202, "CFROA": 0.07919500179098707, "MACD": 0.5378242926732142, "RSI": 51.04658788586701, "R&D": 0.0}, "Utilities": {"Price": 61.565, "Volume": 2376549.0, "P/E": 67.40238168501874, "EV": 35678881305.44, "EBITDA": 1832000000, "EV/EBITDA": 20.654610196603098, "P/B": 2.0264335933041266, "ROA": 0.006375053722362829, "CFROA": 0.04586214121097842, "MACD": -0.347983875636519, "RSI": 51.68620818181382, "R&D": 0}, "Financials": {"Price": 59.815, "Volume": 1906146.5, "P/E": 27.910277274031763, "EV": 28222093406.25, "EBITDA": 1636900000.0, "EV/EBITDA": 11.27523479130599, "P/B": 1.0691481421849558, "ROA": 0.009338216050412476, "CFROA": 0.016073664142057093, "MACD": -0.05953641901133455, "RSI": 46.73078566436934, "R&D": 0.0}, "Materials": {"Price": 76.06, "Volume": 1495744.0, "P/E": 71.42267728913919, "EV": 17045162063.619999, "EBITDA": 1411689000, "EV/EBITDA": 11.95441521204356, "P/B": 2.313412893101774, "ROA": 0.013249576736067647, "CFROA": 0.05751955618486108, "MACD": 0.30087849447156145, "RSI": 51.80603304602887, "R&D": 67000000}, "Real Estate": {"Price": 87.46, "Volume": 1610161.0, "P/E": 98.32380855005019, "EV": 21031613374.49, "EBITDA": 964862000, "EV/EBITDA": 23.701600564740048, "P/B": 2.4091302529580716, "ROA": 0.01314670479608239, "CFROA": 0.05644400645985634, "MACD": -0.002523372682112779, "RSI": 54.55053020011777, "R&D": 0}, "Energy": {"Price": 32.18, "Volume": 5652596.0, "P/E": 9.865223945937501, "EV": 29400987391.44, "EBITDA": 3033000000, "EV/EBITDA": 8.145576188630137, "P/B": 1.0325594239646465, "ROA": 0.012534059945504087, "CFROA": 0.07313694986379363, "MACD": -0.2322844906665047, "RSI": 44.48112628201652, "R&D": 0}}