{"Industrials": {"Price": 125.3, "Volume": 1561275.0, "P/E": 24.775125025727544, "EV": 31695462329.850006, "EBITDA": 1602623000, "EV/EBITDA": 15.713932106267563, "P/B": 4.5628162286777885, "ROA": 0.06740392540463187, "CFROA": 0.116648434870414, "MACD": 1.4651982696893242, "RSI": 62.08739101769375, "R&D": 61100000}, "Health Care": {"Price": 172.98000000000002, "Volume": 2148736.5, "P/E": 24.491564759195676, "EV": 44421460070.58, "EBITDA": 2793500000.0, "EV/EBITDA": 16.10615115861072, "P/B": 4.3200354068011775, "ROA": 0.07253084642937721, "CFROA": 0.10821357651728362, "MACD": 2.022823073744547, "RSI": 61.67638186515964, "R&D": 273313000.0}, "Information Technology": {"Price": 141.37, "Volume": 2360055.5, "P/E": 29.03640383548096, "EV": 41709638541.86, "EBITDA": 2453350000.0, "EV/EBITDA": 17.857485443983094, "P/B": 6.310602149872025, "ROA": 0.0894059487110638, "CFROA": 0.1178754201183961, "MACD": 0.393893439328604, "RSI": 56.8055755346828, "R&D": 639318000.0}, "Communication Services": {"Price": 58.5, "Volume": 5654556.5, "P/E": 14.074153888314804, "EV": 34597410563.835, "EBITDA": 4888960500.0, "EV/EBITDA": 7.749929890560876, "P/B": 1.9873072469429152, "ROA": 0.048694836599976865, "CFROA": 0.1085547760969234, "MACD": 0.21631103191842804, "RSI": 54.2195508201994, "R&D": 0.0}, "Consumer Staples": {"Price": 78.59, "Volume": 3485335.0, "P/E": 26.462760013214613, "EV": 50091117103.7, "EBITDA": 3438000000, "EV/EBITDA": 15.055941419807633, "P/B": 4.724583334214951, "ROA": 0.06365623948873192, "CFROA": 0.11662449114314007, "MACD": 0.7532361081371235, "RSI": 61.16359618998395, "R&D": 87000000}, "Consumer Discretionary": {"Price": 93.77, "Volume": 2643347.0, "P/E": 15.600041208279428, "EV": 26274287956.59, "EBITDA": 1899139000, "EV/EBITDA": 13.371768314480452, "P/B": 2.641880223637777, "ROA": 0.08653495745014697, "CFROA": 0.13005381061422094, "MACD": 0.6291516263726749, "RSI": 59.16597110627833, "R&D": 0}, "Utilities": {"Price": 65.715, "Volume": 2674395.5, "P/E": 20.387529531387745, "EV": 36724278765.22, "EBITDA": 2624000000.0, "EV/EBITDA": 12.12802949165808, "P/B": 2.0285496257261313, "ROA": 0.024474440658036375, "CFROA": 0.05073062769912859, "MACD": -0.8636080798482553, "RSI": 51.35943478617327, "R&D": 0.0}, "Financials": {"Price": 103.89, "Volume": 1907509.0, "P/E": 12.053933313752049, "EV": 43480503794.96, "EBITDA": 4399000000, "EV/EBITDA": 9.303515778017674, "P/B": 1.3427940895681127, "ROA": 0.020971359469152774, "CFROA": 0.02220549722201826, "MACD": 1.0278036825132588, "RSI": 61.05497331143683, "R&D": 0}, "Materials": {"Price": 97.535, "Volume": 1817663.5, "P/E": 20.12174701030086, "EV": 25812398127.85, "EBITDA": 2674500000.0, "EV/EBITDA": 9.54729312308103, "P/B": 3.1594120989692, "ROA": 0.06067164508691829, "CFROA": 0.09767650029405872, "MACD": 0.39248406725923957, "RSI": 55.71016861501023, "R&D": 94750000.0}, "Real Estate": {"Price": 100.8, "Volume": 1600224.0, "P/E": 32.14395112925065, "EV": 26620684148.85, "EBITDA": 1617508000, "EV/EBITDA": 19.972542469404647, "P/B": 2.4076725886594175, "ROA": 0.03348704103001298, "CFROA": 0.07581339849016171, "MACD": -0.690309648012871, "RSI": 51.58002941726582, "R&D": 0}, "Energy": {"Price": 92.34, "Volume": 6776557.0, "P/E": 22.611532694814954, "EV": 61840947415.520004, "EBITDA": 5163500000.0, "EV/EBITDA": 11.974546141521685, "P/B": 2.848793096571421, "ROA": 0.05660192755894935, "CFROA": 0.10494879530417964, "MACD": 3.6856098264708024, "RSI": 66.87945889493409, "R&D": 0.0}}