{"Industrials": {"Price": 106.465, "Volume": 1292570.0, "P/E": 56.57162510523918, "EV": 23166131568.995, "EBITDA": 1252200000.0, "EV/EBITDA": 19.674015787028235, "P/B": 4.59040065353051, "ROA": 0.030024466560865673, "CFROA": 0.0795880634964507, "MACD": -0.7668800805285372, "RSI": 45.31490692486055, "R&D": 47800000.0}, "Health Care": {"Price": 119.96, "Volume": 1424756.0, "P/E": 79.10241255385893, "EV": 31047150517.4, "EBITDA": 1348000000, "EV/EBITDA": 24.91810252400495, "P/B": 4.458511171828517, "ROA": 0.015473773943632568, "CFROA": 0.05567412081284216, "MACD": -0.2983174262572845, "RSI": 48.261804097961935, "R&D": 193998000}, "Information Technology": {"Price": 96.98, "Volume": 2343602.0, "P/E": 53.34629253212306, "EV": 29129855846.525, "EBITDA": 1130000000.0, "EV/EBITDA": 33.36931203401796, "P/B": 6.594429327003551, "ROA": 0.03527513318453684, "CFROA": 0.114393294695636, "MACD": 0.1110634535914059, "RSI": 49.10918456717552, "R&D": 628850000.0}, "Communication Services": {"Price": 47.47, "Volume": 2374380.5, "P/E": 42.58190592882897, "EV": 35511118027.69, "EBITDA": 1198888000.0, "EV/EBITDA": 17.750446913084815, "P/B": 2.7309100077247344, "ROA": 0.008982699087102702, "CFROA": 0.05202920357621647, "MACD": 0.11881640394885551, "RSI": 48.89707170231286, "R&D": 0.0}, "Consumer Staples": {"Price": 72.66, "Volume": 2356794.0, "P/E": 74.00707656621623, "EV": 45257706877.3, "EBITDA": 1918808000, "EV/EBITDA": 16.5657979236956, "P/B": 4.537913817689252, "ROA": 0.02219482120838471, "CFROA": 0.07335056248099726, "MACD": 0.5028538341897786, "RSI": 59.428975781453616, "R&D": 69400000}, "Consumer Discretionary": {"Price": 100.19, "Volume": 2095782.0, "P/E": 68.14899321292481, "EV": 27479803965.760002, "EBITDA": 1055000000, "EV/EBITDA": 18.83179029591629, "P/B": 4.08707254326148, "ROA": 0.028474456737338564, "CFROA": 0.08276349619066486, "MACD": -0.26919084709520646, "RSI": 48.05722466229487, "R&D": 0}, "Financials": {"Price": 85.35, "Volume": 1640487.0, "P/E": 42.80303295644445, "EV": 37131030354.2, "EBITDA": 1262000000, "EV/EBITDA": 19.995169819170705, "P/B": 1.6147494923173804, "ROA": 0.011224559882205977, "CFROA": 0.014503902513949535, "MACD": -0.4189543835853726, "RSI": 47.722094660770566, "R&D": 0}, "Materials": {"Price": 74.82, "Volume": 1189334.0, "P/E": 45.492908626588466, "EV": 17224783068.9, "EBITDA": 1520200000, "EV/EBITDA": 13.364950155523204, "P/B": 2.7074160661362967, "ROA": 0.02336076981192095, "CFROA": 0.07496426018584704, "MACD": -0.436506466071247, "RSI": 45.86986551258138, "R&D": 70054000}, "Real Estate": {"Price": 91.38, "Volume": 1576390.0, "P/E": 62.92046746802675, "EV": 23165735964.82, "EBITDA": 1037949000, "EV/EBITDA": 24.96603932437348, "P/B": 3.0658165220148557, "ROA": 0.012928425640336912, "CFROA": 0.07311164397614414, "MACD": 0.9564873789581299, "RSI": 63.07199345118715, "R&D": 0}, "Utilities": {"Price": 69.465, "Volume": 2398065.5, "P/E": 102.58337033565869, "EV": 40088925171.16, "EBITDA": 1565500000.0, "EV/EBITDA": 24.99491179075786, "P/B": 2.1985802582317873, "ROA": 0.00527037073705684, "CFROA": 0.046153499988279834, "MACD": 0.5156743243663726, "RSI": 64.84954765234178, "R&D": 0.0}, "Energy": {"Price": 49.64, "Volume": 5269093.0, "P/E": 14.902880268834322, "EV": 38451904683.020004, "EBITDA": 4073000000, "EV/EBITDA": 9.41311790618653, "P/B": 1.4372784555125304, "ROA": 0.030323230317557123, "CFROA": 0.10589798630277011, "MACD": -1.0690413392179892, "RSI": 41.36638302021169, "R&D": 0}}