{"Industrials": {"Price": 125.63, "Volume": 1356397.0, "P/E": 23.792286762464787, "EV": 30517478888.38, "EBITDA": 1602623000, "EV/EBITDA": 15.573515281686905, "P/B": 4.768529376578492, "ROA": 0.06740392540463187, "CFROA": 0.11423583886858885, "MACD": -0.09459213815416945, "RSI": 41.658261474881385, "R&D": 61100000}, "Health Care": {"Price": 182.39499999999998, "Volume": 1159593.0, "P/E": 23.27483104541971, "EV": 41773574427.725, "EBITDA": 2793500000.0, "EV/EBITDA": 16.401618058905555, "P/B": 3.847495386106199, "ROA": 0.07253084642937721, "CFROA": 0.10821357651728362, "MACD": -1.5569829612414239, "RSI": 40.50069510624066, "R&D": 273313000.0}, "Information Technology": {"Price": 129.92, "Volume": 2149957.0, "P/E": 29.22444672824881, "EV": 42979426326.85, "EBITDA": 2406000000, "EV/EBITDA": 18.388869312681653, "P/B": 6.529444968842942, "ROA": 0.08967599693251534, "CFROA": 0.1176960780600147, "MACD": -1.2255983206393068, "RSI": 39.21499938072558, "R&D": 623636000}, "Communication Services": {"Price": 61.045, "Volume": 4266103.5, "P/E": 16.175766452648475, "EV": 36145586891.04, "EBITDA": 4888960500.0, "EV/EBITDA": 8.136669491644067, "P/B": 2.1636654964229303, "ROA": 0.048694836599976865, "CFROA": 0.1085547760969234, "MACD": -0.38670477527685243, "RSI": 41.53531793184962, "R&D": 0.0}, "Consumer Staples": {"Price": 79.8, "Volume": 3451626.0, "P/E": 27.509911482550404, "EV": 50662372225.840004, "EBITDA": 3888000000, "EV/EBITDA": 15.478322564785092, "P/B": 4.722693836265863, "ROA": 0.06409109878972158, "CFROA": 0.11662449114314007, "MACD": 0.13355416177131474, "RSI": 44.907319750687115, "R&D": 84000000}, "Consumer Discretionary": {"Price": 101.73, "Volume": 2297028.0, "P/E": 15.926044124930698, "EV": 24120849734.309998, "EBITDA": 1899139000, "EV/EBITDA": 12.994266733519105, "P/B": 2.5921332807570976, "ROA": 0.08653495745014697, "CFROA": 0.13005381061422094, "MACD": -0.46470980047709176, "RSI": 44.26466879489908, "R&D": 0}, "Utilities": {"Price": 75.68, "Volume": 1898640.5, "P/E": 23.212943329738987, "EV": 40190650576.64, "EBITDA": 2624000000.0, "EV/EBITDA": 13.002549532890708, "P/B": 2.315453201607457, "ROA": 0.024474440658036375, "CFROA": 0.05073062769912859, "MACD": 0.5579909074270759, "RSI": 53.01038376680978, "R&D": 0.0}, "Financials": {"Price": 97.51, "Volume": 1719423.0, "P/E": 11.404461339296153, "EV": 41001428223.4, "EBITDA": 4399000000, "EV/EBITDA": 8.836900804537743, "P/B": 1.2140136885633566, "ROA": 0.020971359469152774, "CFROA": 0.02220549722201826, "MACD": 0.010582529483599501, "RSI": 44.42879869198916, "R&D": 0}, "Materials": {"Price": 104.62, "Volume": 1728071.5, "P/E": 21.43295890617824, "EV": 26626376013.090004, "EBITDA": 2674500000.0, "EV/EBITDA": 10.228072360842862, "P/B": 3.070853804060844, "ROA": 0.06067164508691829, "CFROA": 0.09767650029405872, "MACD": -0.08970638918879548, "RSI": 42.09821438699163, "R&D": 94750000.0}, "Real Estate": {"Price": 101.29, "Volume": 1428453.0, "P/E": 34.1029332136065, "EV": 28734122726.19, "EBITDA": 1617508000, "EV/EBITDA": 20.346789503745523, "P/B": 2.7570124621866934, "ROA": 0.03348704103001298, "CFROA": 0.07581339849016171, "MACD": -0.7746530256367947, "RSI": 40.21275397045766, "R&D": 0}, "Energy": {"Price": 77.36500000000001, "Volume": 6146611.0, "P/E": 19.318607039945054, "EV": 57963979772.49, "EBITDA": 5163500000.0, "EV/EBITDA": 11.618210100093961, "P/B": 2.546321572671949, "ROA": 0.05660192755894935, "CFROA": 0.10494879530417964, "MACD": 1.7407352499277664, "RSI": 50.52928690950214, "R&D": 0.0}}