{"Industrials": {"Price": 70.965, "Volume": 1203718.0, "P/E": 72.38414543009561, "EV": 15728629061.56, "EBITDA": 775294000.0, "EV/EBITDA": 16.939923913956925, "P/B": 3.5314860646367032, "ROA": 0.019961905206166718, "CFROA": 0.043857186948983065, "MACD": 0.9058546135822994, "RSI": 59.232245714231595, "R&D": 27799500.0}, "Health Care": {"Price": 52.88, "Volume": 1393865.0, "P/E": 66.11233681228953, "EV": 16242543049.66, "EBITDA": 1253300000, "EV/EBITDA": 13.961738292071454, "P/B": 2.956835483495301, "ROA": 0.01913724537810024, "CFROA": 0.04033848417954378, "MACD": 0.345371967945141, "RSI": 54.5267744861035, "R&D": 197646000}, "Information Technology": {"Price": 43.510000000000005, "Volume": 2416362.0, "P/E": 26.12291183209517, "EV": 14554861682.54, "EBITDA": 637000000.0, "EV/EBITDA": 15.68670748106587, "P/B": 2.954032022801245, "ROA": 0.03557441971139038, "CFROA": 0.06681927247417663, "MACD": 0.5618757441538822, "RSI": 59.52885882683563, "R&D": 588000000.0}, "Consumer Staples": {"Price": 55.22, "Volume": 2169409.0, "P/E": 55.93292286819307, "EV": 28562567507.62, "EBITDA": 1900000000, "EV/EBITDA": 14.210232590855721, "P/B": 4.070534142274082, "ROA": 0.022350298844428202, "CFROA": 0.08383825079030559, "MACD": 0.032922884355926385, "RSI": 48.366366540335676, "R&D": 93100000}, "Financials": {"Price": 47.38, "Volume": 1450108.0, "P/E": 42.137535993464056, "EV": 20160580174.0, "EBITDA": 1134000000, "EV/EBITDA": 17.70536681718509, "P/B": 1.4626191609441002, "ROA": 0.006810774673389231, "CFROA": 0.004063889139138886, "MACD": 0.4408509398172811, "RSI": 53.597784900085585, "R&D": 0}, "Materials": {"Price": 59.74165, "Volume": 975763.0, "P/E": 84.16494874595406, "EV": 10642802551.535, "EBITDA": 824742500.0, "EV/EBITDA": 15.21496079723804, "P/B": 3.3323788950225657, "ROA": 0.012160185155477506, "CFROA": 0.036919083075022625, "MACD": 0.4400583696186544, "RSI": 55.39730534375945, "R&D": 91459500.0}, "Real Estate": {"Price": 71.63, "Volume": 1314064.0, "P/E": 52.36080267050625, "EV": 16348322216.300001, "EBITDA": 580675000, "EV/EBITDA": 22.511716586307788, "P/B": 3.279516042361746, "ROA": 0.012059338410046047, "CFROA": 0.04757007570330418, "MACD": -0.16522118513066175, "RSI": 45.0495516735106, "R&D": 0}, "Utilities": {"Price": 40.69, "Volume": 2752145.0, "P/E": 29.464865441570147, "EV": 23185702237.28, "EBITDA": 1260099000, "EV/EBITDA": 17.254593692093025, "P/B": 1.4379811527545014, "ROA": 0.006134211044326541, "CFROA": 0.03817102304665542, "MACD": -0.07590985850045229, "RSI": 42.02246526305155, "R&D": 0}, "Consumer Discretionary": {"Price": 54.58, "Volume": 2326340.0, "P/E": 50.53647895017921, "EV": 15183488091.279999, "EBITDA": 688244000, "EV/EBITDA": 17.666421679989, "P/B": 4.01537917305374, "ROA": 0.024851523707526045, "CFROA": 0.07148638309697482, "MACD": 0.6102205785601562, "RSI": 58.31066192529079, "R&D": 0}, "Communication Services": {"Price": 26.06115, "Volume": 3394471.0, "P/E": 33.3868181044828, "EV": 17715070681.835, "EBITDA": 796820500.0, "EV/EBITDA": 18.202458117087915, "P/B": 2.935329222132223, "ROA": 0.010450969344059473, "CFROA": 0.013023026002365722, "MACD": 0.3000679188279971, "RSI": 65.10335853327743, "R&D": 0.0}, "Energy": {"Price": 81.12, "Volume": 3686592.0, "P/E": 19.640203773827814, "EV": 32851782922.949997, "EBITDA": 5787000000, "EV/EBITDA": 8.45619038035597, "P/B": 1.8891842540246402, "ROA": 0.03531056028281333, "CFROA": 0.11703251173899622, "MACD": 0.30604088540198404, "RSI": 50.32173277582219, "R&D": 0}}