{"Industrials": {"Price": 93.715, "Volume": 1180547.5, "P/E": 46.51220162105487, "EV": 22990812741.775, "EBITDA": 1057600000.0, "EV/EBITDA": 21.599420706767997, "P/B": 4.403961545060419, "ROA": 0.026800468388206607, "CFROA": 0.06409628181263416, "MACD": 0.15628284685660532, "RSI": 50.11225914516587, "R&D": 42200000.0}, "Health Care": {"Price": 93, "Volume": 1275008.0, "P/E": 29.647765694532165, "EV": 24967898000.0, "EBITDA": 1713000000, "EV/EBITDA": 19.50772256092125, "P/B": 3.9611806813162365, "ROA": 0.009433962264150943, "CFROA": 0.03793299467263058, "MACD": 0.3266025899809506, "RSI": 52.56067262569325, "R&D": 144467000}, "Information Technology": {"Price": 89.46, "Volume": 2773194.0, "P/E": 59.885887330292356, "EV": 29659136134.24, "EBITDA": 891000000, "EV/EBITDA": 26.479186783789288, "P/B": 4.186279320950457, "ROA": 0.019498923024600386, "CFROA": 0.03744217321140398, "MACD": 0.927888391475804, "RSI": 59.04409631188681, "R&D": 594400000}, "Communication Services": {"Price": 43.57, "Volume": 2958580.0, "P/E": 9.821293293293294, "EV": 28275347680.0, "EBITDA": 910590000, "EV/EBITDA": 19.669078670383506, "P/B": 2.1539675554727604, "ROA": 0.024306277340314902, "CFROA": 0.053736845421891735, "MACD": -0.20654127865439875, "RSI": 44.36856769089948, "R&D": 0}, "Consumer Staples": {"Price": 62.775, "Volume": 3363865.0, "P/E": 68.2350429102335, "EV": 41745938641.005005, "EBITDA": 2482450000.0, "EV/EBITDA": 13.248023513462229, "P/B": 3.8436346622627093, "ROA": 0.024121454113795925, "CFROA": 0.05937009557202197, "MACD": -0.4484087831042949, "RSI": 46.42136095107276, "R&D": 62100000.0}, "Consumer Discretionary": {"Price": 82.3635, "Volume": 2817755.0, "P/E": 45.963298559318346, "EV": 24672473207.455, "EBITDA": 1016988500.0, "EV/EBITDA": 20.689519176955585, "P/B": 3.924711771778682, "ROA": 0.026256929540570628, "CFROA": 0.06199992158355949, "MACD": -0.051134404040233505, "RSI": 51.37593567856949, "R&D": 0.0}, "Financials": {"Price": 72.11, "Volume": 1767977.0, "P/E": 23.451528887712897, "EV": 35348920819.11, "EBITDA": 1411000000, "EV/EBITDA": 14.317456979331535, "P/B": 1.4821294384603145, "ROA": 0.00814892924155256, "CFROA": 0.01619264329185103, "MACD": 0.027676988849187012, "RSI": 48.278740729086216, "R&D": 0}, "Materials": {"Price": 103.89500000000001, "Volume": 1150747.0, "P/E": 20.7414418993799, "EV": 19156336497.73, "EBITDA": 1121600000.0, "EV/EBITDA": 15.790037982520454, "P/B": 3.5086034668849626, "ROA": 0.032918036602644724, "CFROA": 0.06795608072839304, "MACD": 0.24435450660053704, "RSI": 52.214975998357325, "R&D": 65237000.0}, "Real Estate": {"Price": 92.925, "Volume": 1290677.0, "P/E": 81.21258972731857, "EV": 24518763188.58, "EBITDA": 1232278500.0, "EV/EBITDA": 22.38524293283563, "P/B": 2.8557012062272618, "ROA": 0.015362598773235609, "CFROA": 0.057892269039803296, "MACD": 0.21475571557136064, "RSI": 60.604874857073405, "R&D": 0.0}, "Utilities": {"Price": 56.955, "Volume": 2513157.0, "P/E": 18.703832871246803, "EV": 30411968429.72, "EBITDA": 1593500000.0, "EV/EBITDA": 19.55378533757797, "P/B": 1.9239311509935697, "ROA": 0.00565239427939253, "CFROA": 0.0410868869683505, "MACD": -0.08182235211956623, "RSI": 46.94518662119293, "R&D": 0.0}, "Energy": {"Price": 68.735, "Volume": 4953674.0, "P/E": 18.998034993692784, "EV": 50439693826.2, "EBITDA": 3075500000.0, "EV/EBITDA": 15.61606896195947, "P/B": 2.3657201903793235, "ROA": 0.030444879882463523, "CFROA": 0.08933473823179183, "MACD": 0.6889781823065775, "RSI": 56.15311757354881, "R&D": 0.0}}