{"Industrials": {"Price": 63.75, "Volume": 3456356.0, "P/E": 52.434776826782375, "EV": 26614983705.760002, "EBITDA": 1922000000, "EV/EBITDA": 14.86187321535805, "P/B": 2.9890565643049976, "ROA": 0.02127279606904055, "CFROA": 0.060352831940575676, "MACD": -0.037407221548845015, "RSI": 42.890511215607745, "R&D": 131000000}, "Health Care": {"Price": 40.71, "Volume": 4968412.0, "P/E": 51.17984222222223, "EV": 21867584751.66, "EBITDA": 2117532000, "EV/EBITDA": 12.333161120300167, "P/B": 2.799219510287396, "ROA": 0.021330387858377747, "CFROA": 0.047842718984278054, "MACD": 0.33544370095114573, "RSI": 50.84490657566964, "R&D": 612000000}, "Information Technology": {"Price": 32.864999999999995, "Volume": 5471874.5, "P/E": 18.92631687060241, "EV": 14397331353.635, "EBITDA": 1095404000.0, "EV/EBITDA": 10.459958678820007, "P/B": 1.9485036988583486, "ROA": 0.039992618355616516, "CFROA": 0.04444615168353184, "MACD": 0.09952072911402254, "RSI": 45.35697685737664, "R&D": 234943500.0}, "Materials": {"Price": 40.94, "Volume": 2833701.0, "P/E": 25.586138876404494, "EV": 9638356893.2, "EBITDA": 803000000, "EV/EBITDA": 9.499327112665975, "P/B": 2.029753016847508, "ROA": 0.02517185354961257, "CFROA": 0.06941816461684011, "MACD": 0.0410547488540729, "RSI": 48.79443770742081, "R&D": 70000000}, "Consumer Staples": {"Price": 54.775, "Volume": 7262095.5, "P/E": 59.51744889727594, "EV": 50046354410.56, "EBITDA": 4961500000.0, "EV/EBITDA": 11.264781916708095, "P/B": 4.93264399104674, "ROA": 0.028242099356415966, "CFROA": 0.06775409171109442, "MACD": 0.29370917109920036, "RSI": 50.330981465875695, "R&D": 87250000.0}, "Consumer Discretionary": {"Price": 30.97, "Volume": 5694808.0, "P/E": 18.530632853533024, "EV": 12789989599.883202, "EBITDA": 1974000000, "EV/EBITDA": 8.37853573546107, "P/B": 1.7265106233348055, "ROA": 0.038851985288598664, "CFROA": 0.0636123136123136, "MACD": 0.022101904552165763, "RSI": 44.39230749871676, "R&D": 0}, "Utilities": {"Price": 38.02, "Volume": 2629993.6667, "P/E": 48.24299414455263, "EV": 25102702872.9, "EBITDA": 1916000000, "EV/EBITDA": 12.293549462707071, "P/B": 1.419845501520644, "ROA": 0.00616577992143603, "CFROA": 0.0408250053157559, "MACD": 0.2713731873586269, "RSI": 50.10695549866602, "R&D": 0}, "Real Estate": {"Price": 58.59975, "Volume": 1686005.0, "P/E": 192.51297537831113, "EV": 16739298669.03, "EBITDA": 680545000.0, "EV/EBITDA": 26.988748864196403, "P/B": 4.507762516140568, "ROA": 0.00597948101920194, "CFROA": 0.07951449695605661, "MACD": 0.4726086318594973, "RSI": 53.36601624625941, "R&D": 0.0}, "Financials": {"Price": 30.27, "Volume": 4822241.0, "P/E": 23.23167077302985, "EV": 17609549359.949997, "EBITDA": 789000000, "EV/EBITDA": 16.595090415088844, "P/B": 1.309075947898265, "ROA": 0.010438447134381357, "CFROA": 0.017570215545395167, "MACD": -0.19826832662349148, "RSI": 40.530827558397384, "R&D": 0}, "Energy": {"Price": 55.1461, "Volume": 8076317.0, "P/E": 13.353703990572226, "EV": 29726043514.0, "EBITDA": 4135000000, "EV/EBITDA": 7.378465844273085, "P/B": 1.9579515589085563, "ROA": 0.06003503220702904, "CFROA": 0.08791538369256609, "MACD": -0.48078975740200747, "RSI": 46.506951672702385, "R&D": 0}, "Communication Services": {"Price": 32.900000000000006, "Volume": 8598219.5, "P/E": 36.28780673209533, "EV": 39392708725.0, "EBITDA": 5776896500.0, "EV/EBITDA": 6.720540974484161, "P/B": 0.976920656682331, "ROA": 0.012294195805889967, "CFROA": 0.05966110550761035, "MACD": -0.14774795432564058, "RSI": 40.83551498557834, "R&D": 0.0}}