{"Industrials": {"Price": 125.85, "Volume": 2036519.0, "P/E": 27.20512601209339, "EV": 32806465937.480003, "EBITDA": 1601702500.0, "EV/EBITDA": 16.988687197965696, "P/B": 4.618892188201199, "ROA": 0.06622447982731344, "CFROA": 0.11544213686950142, "MACD": 0.8528874622612292, "RSI": 58.223593510583676, "R&D": 68165500.0}, "Health Care": {"Price": 194.395, "Volume": 1694001.0, "P/E": 27.583298524495554, "EV": 47285674528.4, "EBITDA": 2723000000.0, "EV/EBITDA": 16.5447724898558, "P/B": 4.2210872367337515, "ROA": 0.06837731908205007, "CFROA": 0.10641546202123256, "MACD": 0.44773354939854926, "RSI": 56.84782576577547, "R&D": 273313000.0}, "Information Technology": {"Price": 147.89, "Volume": 2708647.0, "P/E": 30.61939343964181, "EV": 41209022773.520004, "EBITDA": 2255500000.0, "EV/EBITDA": 18.31480521221676, "P/B": 7.2040193710546285, "ROA": 0.08153729145883859, "CFROA": 0.12089719959611897, "MACD": 2.149559010414823, "RSI": 64.26054110217515, "R&D": 620768000.0}, "Communication Services": {"Price": 51.41, "Volume": 7111272.0, "P/E": 15.327556378253568, "EV": 30301377319.800003, "EBITDA": 3375000000, "EV/EBITDA": 9.207551299589603, "P/B": 2.103317556556606, "ROA": 0.04785727201494786, "CFROA": 0.09073988223327775, "MACD": 1.0623879448480622, "RSI": 63.810662558080416, "R&D": 0}, "Consumer Staples": {"Price": 77.92, "Volume": 3791711.0, "P/E": 25.629452569384206, "EV": 49216573926.56, "EBITDA": 3438000000, "EV/EBITDA": 15.833355944523069, "P/B": 4.643698323737617, "ROA": 0.06365623948873192, "CFROA": 0.11460426366086743, "MACD": -0.4078638436984363, "RSI": 48.98003163813331, "R&D": 87000000}, "Consumer Discretionary": {"Price": 118.52, "Volume": 2689709.0, "P/E": 18.012106504158197, "EV": 30247494150.72, "EBITDA": 1899139000, "EV/EBITDA": 14.637785833132861, "P/B": 3.031919967942451, "ROA": 0.08653495745014697, "CFROA": 0.13005381061422094, "MACD": 1.7254540017585072, "RSI": 67.43413743869147, "R&D": 0}, "Utilities": {"Price": 68.36500000000001, "Volume": 2963171.5, "P/E": 21.226245349760195, "EV": 39258467908.86, "EBITDA": 2624000000.0, "EV/EBITDA": 12.844783342549908, "P/B": 2.138397748551575, "ROA": 0.024474440658036375, "CFROA": 0.05073062769912859, "MACD": -0.09743371986582439, "RSI": 52.73078424484704, "R&D": 0.0}, "Financials": {"Price": 109.01, "Volume": 2438337.0, "P/E": 12.413290637922564, "EV": 45657760000.0, "EBITDA": 4399000000, "EV/EBITDA": 9.964180076579925, "P/B": 1.4167691746931965, "ROA": 0.020971359469152774, "CFROA": 0.02220549722201826, "MACD": 1.0887999791061773, "RSI": 59.60459927227074, "R&D": 0}, "Materials": {"Price": 119.245, "Volume": 1698881.5, "P/E": 21.987977789945347, "EV": 30059931314.93, "EBITDA": 2674500000.0, "EV/EBITDA": 10.584676373666422, "P/B": 3.7084402146264663, "ROA": 0.06067164508691829, "CFROA": 0.09732070034611923, "MACD": 1.2311643114844308, "RSI": 60.21331578684166, "R&D": 97900000.0}, "Real Estate": {"Price": 112.04, "Volume": 1590516.0, "P/E": 35.58817453246452, "EV": 29349048310.0, "EBITDA": 1698878000, "EV/EBITDA": 21.06750722205975, "P/B": 2.474633412666805, "ROA": 0.03348704103001298, "CFROA": 0.07581339849016171, "MACD": 1.6308629351498212, "RSI": 63.75427697629464, "R&D": 0}, "Energy": {"Price": 86.285, "Volume": 7551667.5, "P/E": 21.22116637193648, "EV": 59102545160.33, "EBITDA": 5163500000.0, "EV/EBITDA": 11.309084186661135, "P/B": 2.9535086262449273, "ROA": 0.05786405199778469, "CFROA": 0.1119300053301758, "MACD": 0.3607479832483449, "RSI": 45.57699944294407, "R&D": 0.0}}