{"Industrials": {"Price": 75.53, "Volume": 1965136.0, "P/E": 73.24031422085427, "EV": 16878098372.68, "EBITDA": 1047000000, "EV/EBITDA": 19.690215581615107, "P/B": 4.227165474181239, "ROA": 0.024154117549349603, "CFROA": 0.0753652058432935, "MACD": 1.5523327230939543, "RSI": 68.55695962172089, "R&D": 29000000}, "Health Care": {"Price": 72.84, "Volume": 2290964.0, "P/E": 72.22150452881355, "EV": 19096648000.0, "EBITDA": 882959000, "EV/EBITDA": 16.996030324145416, "P/B": 3.4478967048718347, "ROA": 0.01803476874311107, "CFROA": 0.04614688547041992, "MACD": -0.3723937759239533, "RSI": 43.10007019031954, "R&D": 192972000}, "Information Technology": {"Price": 62.16, "Volume": 4413251.0, "P/E": 44.12718537507978, "EV": 15379451218.73, "EBITDA": 663559500.0, "EV/EBITDA": 23.42385090808183, "P/B": 3.4566569691583444, "ROA": 0.02641968909107731, "CFROA": 0.0782663904166811, "MACD": 0.4504572884591056, "RSI": 46.987414009716694, "R&D": 523629000.0}, "Communication Services": {"Price": 35.58, "Volume": 4159955.0, "P/E": 37.6854847202059, "EV": 22885630626.19, "EBITDA": 368109000, "EV/EBITDA": 17.68967962224595, "P/B": 3.241352619199306, "ROA": 0.0047568710359408035, "CFROA": 0.06751634869806358, "MACD": 0.41786604597400157, "RSI": 52.64231528326354, "R&D": 0}, "Consumer Staples": {"Price": 70.67, "Volume": 3628841.0, "P/E": 50.85561557653529, "EV": 43227340406.08, "EBITDA": 2346000000, "EV/EBITDA": 18.470174401033837, "P/B": 3.7677244553144886, "ROA": 0.02291801323773305, "CFROA": 0.0704924856818867, "MACD": -0.5084735751703704, "RSI": 37.567302308936036, "R&D": 60800000}, "Consumer Discretionary": {"Price": 71, "Volume": 3881878.0, "P/E": 67.68288217616352, "EV": 18083478168.62, "EBITDA": 912400000, "EV/EBITDA": 19.331394566623544, "P/B": 3.943596474507933, "ROA": 0.032388364509434164, "CFROA": 0.0882606153550372, "MACD": 0.9905068555969336, "RSI": 56.096963873834, "R&D": 0}, "Financials": {"Price": 64.11, "Volume": 2267553.0, "P/E": 39.3110113719284, "EV": 25401312582.8, "EBITDA": 1231000000, "EV/EBITDA": 16.894345542424244, "P/B": 1.4734092076257574, "ROA": 0.008019706435065265, "CFROA": 0.00795536213367404, "MACD": 0.799933687499049, "RSI": 64.03960594076554, "R&D": 0}, "Materials": {"Price": 76.60499999999999, "Volume": 2185060.0, "P/E": 45.2526820290591, "EV": 14433927805.900002, "EBITDA": 1002716000.0, "EV/EBITDA": 15.781409019981087, "P/B": 4.229847702481576, "ROA": 0.017376831664870092, "CFROA": 0.06464098014185768, "MACD": 1.029768336894545, "RSI": 60.817719568754, "R&D": 96950000.0}, "Real Estate": {"Price": 88.815, "Volume": 1927859.0, "P/E": 115.90542491819693, "EV": 20901146517.345, "EBITDA": 1039423000.0, "EV/EBITDA": 24.650126947349417, "P/B": 2.719813646819256, "ROA": 0.014420111076633397, "CFROA": 0.043490488992763615, "MACD": -0.8906976375275164, "RSI": 43.974150035943666, "R&D": 0.0}, "Utilities": {"Price": 51.1, "Volume": 2025391.0, "P/E": 68.31200370544853, "EV": 26712814350.22, "EBITDA": 1583976000, "EV/EBITDA": 18.99750925190909, "P/B": 1.668480451401255, "ROA": 0.005742126326779189, "CFROA": 0.04854368932038835, "MACD": -0.28280721148764343, "RSI": 41.738395423289354, "R&D": 0}, "Energy": {"Price": 58.32, "Volume": 7077006.0, "P/E": -5.0768431003019, "EV": 39731430199.17, "EBITDA": 1817000000.0, "EV/EBITDA": 16.53034782078298, "P/B": 2.1990594037202658, "ROA": -0.010084159637781896, "CFROA": 0.027124924154223365, "MACD": 1.0484555408899752, "RSI": 63.61021287682383, "R&D": 0.0}}