{"Industrials": {"Price": 92.38, "Volume": 1210774.0, "P/E": 43.404192809775836, "EV": 21508029162.55, "EBITDA": 1057600000.0, "EV/EBITDA": 21.52925813761876, "P/B": 4.307965222279586, "ROA": 0.026800468388206607, "CFROA": 0.06409628181263416, "MACD": -0.7538859264966788, "RSI": 40.006760765148364, "R&D": 42200000.0}, "Health Care": {"Price": 98.13, "Volume": 1403293.0, "P/E": 29.029120058026315, "EV": 24800782000.0, "EBITDA": 1713000000, "EV/EBITDA": 18.94958376630473, "P/B": 4.180052490225564, "ROA": 0.009433962264150943, "CFROA": 0.0369645386583045, "MACD": 0.30531038976837266, "RSI": 48.54993282952761, "R&D": 144467000}, "Information Technology": {"Price": 86.4, "Volume": 2303756.0, "P/E": 63.55367148913578, "EV": 28421907412.300003, "EBITDA": 1032269000, "EV/EBITDA": 25.831311168325527, "P/B": 4.113918697108383, "ROA": 0.018672295059236777, "CFROA": 0.036025356903571615, "MACD": -0.3479298488729228, "RSI": 46.398994939125046, "R&D": 594400000}, "Communication Services": {"Price": 49.17, "Volume": 2955103.0, "P/E": 10.98452772950928, "EV": 30116130630.0, "EBITDA": 910590000, "EV/EBITDA": 20.493468491465308, "P/B": 2.276249307640731, "ROA": 0.024306277340314902, "CFROA": 0.053736845421891735, "MACD": 0.5065247333273319, "RSI": 55.139860181854495, "R&D": 0}, "Consumer Staples": {"Price": 66.1, "Volume": 3500844.0, "P/E": 69.40127635903498, "EV": 43137935776.905, "EBITDA": 2482450000.0, "EV/EBITDA": 13.581422978678294, "P/B": 3.7867608774069357, "ROA": 0.024121454113795925, "CFROA": 0.05937009557202197, "MACD": 0.31382512884228575, "RSI": 55.664752381975276, "R&D": 55975000.0}, "Consumer Discretionary": {"Price": 85.1295, "Volume": 2246133.5, "P/E": 44.37045185437768, "EV": 24565545888.585, "EBITDA": 1016988500.0, "EV/EBITDA": 21.336909129445644, "P/B": 4.0279355970866595, "ROA": 0.026256929540570628, "CFROA": 0.06199992158355949, "MACD": -0.09457326882370864, "RSI": 45.50406883271546, "R&D": 0.0}, "Financials": {"Price": 71.15, "Volume": 1723353.0, "P/E": 23.009083164127144, "EV": 34545167582.86, "EBITDA": 1411000000, "EV/EBITDA": 14.128682059885733, "P/B": 1.4483899065278847, "ROA": 0.00814892924155256, "CFROA": 0.01619264329185103, "MACD": -0.5330844901956908, "RSI": 40.83078579886702, "R&D": 0}, "Materials": {"Price": 100.0, "Volume": 1274839.5, "P/E": 21.423627116366724, "EV": 18760534675.72, "EBITDA": 1121600000.0, "EV/EBITDA": 15.677515916754071, "P/B": 3.3811147951379823, "ROA": 0.032918036602644724, "CFROA": 0.06795608072839304, "MACD": -0.538518646043606, "RSI": 41.3157838382163, "R&D": 65237000.0}, "Real Estate": {"Price": 94.82499999999999, "Volume": 1382847.0, "P/E": 81.76729727847642, "EV": 25126691793.565002, "EBITDA": 1232278500.0, "EV/EBITDA": 22.833643550829535, "P/B": 2.784657814188319, "ROA": 0.015362598773235609, "CFROA": 0.057892269039803296, "MACD": 0.9877539171440901, "RSI": 57.65411982558783, "R&D": 0.0}, "Utilities": {"Price": 60.120000000000005, "Volume": 2335973.5, "P/E": 19.449659731113282, "EV": 31412500445.63, "EBITDA": 1593500000.0, "EV/EBITDA": 19.946669726098285, "P/B": 2.0079952666337597, "ROA": 0.00565239427939253, "CFROA": 0.0410868869683505, "MACD": 0.7194527222899936, "RSI": 68.6390726291818, "R&D": 0.0}, "Energy": {"Price": 68.77000000000001, "Volume": 4054647.0, "P/E": 17.457018982149226, "EV": 45649978737.405, "EBITDA": 3075500000.0, "EV/EBITDA": 15.647665838581501, "P/B": 2.335760084846829, "ROA": 0.030444879882463523, "CFROA": 0.08933473823179183, "MACD": 0.14563098404761377, "RSI": 48.866526949849344, "R&D": 0.0}}