{"Industrials": {"Price": 70.27, "Volume": 1364826.0, "P/E": 65.00902816724552, "EV": 16780083071.880001, "EBITDA": 859000000, "EV/EBITDA": 17.44540280396851, "P/B": 3.449897602314026, "ROA": 0.02339504712774759, "CFROA": 0.03794290227939517, "MACD": 0.4405027793723235, "RSI": 59.059083424777, "R&D": 29271000}, "Health Care": {"Price": 66.915, "Volume": 1434282.45, "P/E": 72.33928982489252, "EV": 19318081758.705, "EBITDA": 1116958000.0, "EV/EBITDA": 15.019655503290945, "P/B": 3.4419404485213274, "ROA": 0.018553723621659135, "CFROA": 0.03918679058845675, "MACD": 0.5372565630566726, "RSI": 59.36601087102292, "R&D": 204299000.0}, "Information Technology": {"Price": 42.8, "Volume": 2124936.0, "P/E": 36.491230239657625, "EV": 13399371926.800001, "EBITDA": 700000000, "EV/EBITDA": 15.421242656177155, "P/B": 3.4769555465197346, "ROA": 0.03628985507246377, "CFROA": 0.07277168501658297, "MACD": 0.39451185071184725, "RSI": 60.59717905080417, "R&D": 539469000}, "Communication Services": {"Price": 30.43, "Volume": 4318927.0, "P/E": 32.576707363405994, "EV": 21227679278.48, "EBITDA": 836000000, "EV/EBITDA": 15.798031382015477, "P/B": 3.0534917623754745, "ROA": 0.012417927490722238, "CFROA": 0.04443666899930021, "MACD": 0.09470869000857718, "RSI": 57.045517396068774, "R&D": 0}, "Consumer Staples": {"Price": 64.605, "Volume": 1927347.0, "P/E": 61.20046803377442, "EV": 29584625598.24, "EBITDA": 1900950000.0, "EV/EBITDA": 14.879033420969257, "P/B": 4.579353216455658, "ROA": 0.02541884803303339, "CFROA": 0.045543936882270625, "MACD": 0.241999434636071, "RSI": 58.24193588950729, "R&D": 82650000.0}, "Consumer Discretionary": {"Price": 58.784, "Volume": 2930314.0, "P/E": 57.88499825024116, "EV": 16365098049.2, "EBITDA": 842741000.0, "EV/EBITDA": 20.446751002247186, "P/B": 3.7770415123487346, "ROA": 0.02547363995473119, "CFROA": 0.05212632979116197, "MACD": 0.5073285329107513, "RSI": 60.504117127028806, "R&D": 0.0}, "Financials": {"Price": 50.0263, "Volume": 1667105.5, "P/E": 37.50412255922997, "EV": 23197222483.940002, "EBITDA": 1234300000.0, "EV/EBITDA": 17.341043348109952, "P/B": 1.3718962860128752, "ROA": 0.007444944312421532, "CFROA": 0.012664858767249994, "MACD": 0.3907656776952706, "RSI": 64.12056583884434, "R&D": 0.0}, "Materials": {"Price": 63.92, "Volume": 1051835.0, "P/E": 55.9471284232874, "EV": 10513601728.94, "EBITDA": 700028000, "EV/EBITDA": 12.295160222104519, "P/B": 3.3365248008904103, "ROA": 0.014748045731163903, "CFROA": 0.06344288498171706, "MACD": 0.28660701035731506, "RSI": 54.180257039073815, "R&D": 85000000}, "Real Estate": {"Price": 89.155, "Volume": 815554.0, "P/E": 71.6541063338041, "EV": 22444724042.03, "EBITDA": 950913000.0, "EV/EBITDA": 32.89994199479911, "P/B": 3.675152994108441, "ROA": 0.010338277528764081, "CFROA": 0.03520421624829442, "MACD": 0.4714987898138645, "RSI": 56.72029063026939, "R&D": 0.0}, "Utilities": {"Price": 43.8, "Volume": 2283158.0, "P/E": 79.2192720282353, "EV": 26104970793.68, "EBITDA": 1335000000, "EV/EBITDA": 16.51253796436096, "P/B": 1.5950649724517572, "ROA": 0.005994127845686058, "CFROA": 0.037644249102484435, "MACD": 0.15756151062061008, "RSI": 54.522204014963805, "R&D": 0}, "Energy": {"Price": 92.25999999999999, "Volume": 2734711.5, "P/E": 21.02216328934834, "EV": 35461430525.380005, "EBITDA": 4809650000.0, "EV/EBITDA": 8.49084532438987, "P/B": 2.1178478604231055, "ROA": 0.04696259097052209, "CFROA": 0.12245443725759333, "MACD": 0.0671543175391136, "RSI": 51.884592427444474, "R&D": 0.0}}