{"Industrials": {"Price": 70.31, "Volume": 1341887.0, "P/E": 62.831906257043954, "EV": 14725159339.04, "EBITDA": 955000000, "EV/EBITDA": 19.17588141560099, "P/B": 4.260987515097169, "ROA": 0.021533516150737012, "CFROA": 0.054593410968448296, "MACD": 0.7848378002689103, "RSI": 63.28504267469441, "R&D": 31494000}, "Health Care": {"Price": 78.16, "Volume": 1618750.0, "P/E": 80.48325385389927, "EV": 21112121554.15, "EBITDA": 891117000, "EV/EBITDA": 16.09856680736981, "P/B": 4.07275105081374, "ROA": 0.018751177382660234, "CFROA": 0.05191024323398424, "MACD": 0.6702922462548315, "RSI": 63.1183335623628, "R&D": 188300000}, "Information Technology": {"Price": 56.99, "Volume": 2812583.0, "P/E": 26.886735016720145, "EV": 12918537824.0, "EBITDA": 540224000, "EV/EBITDA": 14.708760152851937, "P/B": 3.751134892859386, "ROA": 0.032958322331619334, "CFROA": 0.05920007939658595, "MACD": 0.7334469331422184, "RSI": 64.8289409967876, "R&D": 366600000}, "Communication Services": {"Price": 36.43, "Volume": 4870763.5, "P/E": 31.188525540118327, "EV": 32858007634.32, "EBITDA": 1243318000.0, "EV/EBITDA": 17.66906849838367, "P/B": 4.376095854902918, "ROA": 0.006798655394725765, "CFROA": 0.030931086883289532, "MACD": 0.6416349322370074, "RSI": 63.10880389553209, "R&D": 0.0}, "Consumer Staples": {"Price": 63.995, "Volume": 2483824.0, "P/E": 84.26343185839448, "EV": 32440080158.52, "EBITDA": 1847371500.0, "EV/EBITDA": 17.562606544416784, "P/B": 5.362153863106591, "ROA": 0.02363364049002519, "CFROA": 0.053425918498704136, "MACD": 0.6253931955547394, "RSI": 57.87726396926294, "R&D": 70500000.0}, "Consumer Discretionary": {"Price": 66.22, "Volume": 2498348.0, "P/E": 59.67747158247681, "EV": 16634738619.6, "EBITDA": 841000000, "EV/EBITDA": 19.790360846414394, "P/B": 3.6526513421206652, "ROA": 0.028696285506190824, "CFROA": 0.07426822059208313, "MACD": 0.6532069051702081, "RSI": 59.32898730079256, "R&D": 0}, "Financials": {"Price": 51.36, "Volume": 2531781.0, "P/E": 51.527946807539266, "EV": 23618992584.449997, "EBITDA": 1261000000, "EV/EBITDA": 11.996108311430037, "P/B": 1.311685184007358, "ROA": 0.0066622891594407515, "CFROA": 0.008289677082747424, "MACD": 0.6643901450903797, "RSI": 61.02985243417739, "R&D": 0}, "Materials": {"Price": 69.15, "Volume": 2153048.0, "P/E": 69.0575067852792, "EV": 14035564284.1, "EBITDA": 1048000000, "EV/EBITDA": 14.848760889534624, "P/B": 3.589432803069404, "ROA": 0.014324501451174984, "CFROA": 0.07149107226325138, "MACD": 0.8220668997021221, "RSI": 59.02368532985062, "R&D": 88310000}, "Real Estate": {"Price": 87.75, "Volume": 1353398.0, "P/E": 46.469389253941955, "EV": 22286888172.31, "EBITDA": 990957000, "EV/EBITDA": 24.811946759586807, "P/B": 3.4062228087323687, "ROA": 0.02230684354073239, "CFROA": 0.06639070790419224, "MACD": 1.245486096975327, "RSI": 65.16966151526388, "R&D": 0}, "Utilities": {"Price": 50.96, "Volume": 2510901.0, "P/E": 71.61283418031745, "EV": 25586417128.949997, "EBITDA": 1687000000, "EV/EBITDA": 16.20607627176853, "P/B": 1.6217501640785268, "ROA": 0.006201163824131455, "CFROA": 0.03799215859517367, "MACD": 0.29625960828260034, "RSI": 49.383743763954044, "R&D": 0}, "Energy": {"Price": 66.28, "Volume": 4939817.0, "P/E": 18.62781615478485, "EV": 37692854314.44, "EBITDA": 6488000000, "EV/EBITDA": 8.202567598748619, "P/B": 2.05117681801203, "ROA": 0.04235343848685028, "CFROA": 0.10414082777893435, "MACD": 0.7721740416644849, "RSI": 58.76149747357867, "R&D": 0}}