{"Industrials": {"Price": 52.91, "Volume": 3033360.0, "P/E": 39.99245845979849, "EV": 13096550426.25, "EBITDA": 1387000000.0, "EV/EBITDA": 10.846160304945043, "P/B": 2.343595847528464, "ROA": 0.021048904353864993, "CFROA": 0.049429418535729824, "MACD": -0.40455567569479456, "RSI": 36.09898124583269, "R&D": 31498500.0}, "Health Care": {"Price": 40.53, "Volume": 2110972.0, "P/E": 38.054840402640885, "EV": 12241052406.400002, "EBITDA": 1414100000, "EV/EBITDA": 9.19142263522381, "P/B": 2.3186079219806377, "ROA": 0.022064335299677346, "CFROA": 0.06101782113038681, "MACD": -0.33350726184923474, "RSI": 35.33042686137401, "R&D": 116139000}, "Information Technology": {"Price": 26, "Volume": 5054687.0, "P/E": 15.889236836118883, "EV": 13476770804.970001, "EBITDA": 774000000, "EV/EBITDA": 8.933575679780397, "P/B": 2.5171820447169813, "ROA": 0.041009635666102114, "CFROA": 0.10046713046021293, "MACD": -0.5744514555653311, "RSI": 30.227437900893392, "R&D": 358000000}, "Consumer Staples": {"Price": 38.114999999999995, "Volume": 4468826.5, "P/E": 54.401428991205954, "EV": 24796572631.92, "EBITDA": 1855900000.0, "EV/EBITDA": 10.358368264644362, "P/B": 3.1080858263687965, "ROA": 0.022480210951722777, "CFROA": 0.04389970272433089, "MACD": -0.06182681399517165, "RSI": 38.53277137778147, "R&D": 59050000.0}, "Consumer Discretionary": {"Price": 34.96, "Volume": 5863069.0, "P/E": 32.32464192798103, "EV": 10955325000.0, "EBITDA": 716800000, "EV/EBITDA": 13.941263108949284, "P/B": 2.7543907847060733, "ROA": 0.027606799105325954, "CFROA": 0.10129160743136535, "MACD": -0.2947061226191785, "RSI": 37.74552179425587, "R&D": 0}, "Financials": {"Price": 31.54, "Volume": 3923519.0, "P/E": 31.762670825921468, "EV": 15165556119.859999, "EBITDA": 1107000000, "EV/EBITDA": 10.51867279266739, "P/B": 0.962529438540137, "ROA": 0.009474824038982133, "CFROA": 0.008737882640867287, "MACD": -0.45912232880437287, "RSI": 33.484153926516214, "R&D": 0}, "Materials": {"Price": 41.5367, "Volume": 2674581.0, "P/E": 43.94630918048781, "EV": 6842742433.94, "EBITDA": 636900000, "EV/EBITDA": 11.11325514139979, "P/B": 2.3149717825669436, "ROA": 0.012968938912905443, "CFROA": 0.052994059854430405, "MACD": -0.7936748736967196, "RSI": 33.19611294117347, "R&D": 92400000}, "Utilities": {"Price": 33.04, "Volume": 2771496.0, "P/E": 43.85333333333333, "EV": 17413703171.9, "EBITDA": 1217500000, "EV/EBITDA": 14.38129165575762, "P/B": 1.4130435894030378, "ROA": 0.005767234418855012, "CFROA": 0.05990364704390821, "MACD": 0.100852733134154, "RSI": 54.09652781592786, "R&D": 0}, "Real Estate": {"Price": 64.9652, "Volume": 1501849.0, "P/E": 138.52630999588249, "EV": 16298514028.82, "EBITDA": 654837000, "EV/EBITDA": 30.015557692289775, "P/B": 3.71061269430779, "ROA": 0.007318032786885246, "CFROA": 0.06331500106241869, "MACD": -0.2683509722229189, "RSI": 38.60422819690009, "R&D": 0}, "Communication Services": {"Price": 19.9596, "Volume": 6839483.0, "P/E": 9.432701898383469, "EV": 16463746915.0, "EBITDA": 1142576500.0, "EV/EBITDA": 8.724434422842837, "P/B": 1.5517572786727922, "ROA": 0.01070744254443622, "CFROA": 0.05761445716491352, "MACD": -0.3330410836285287, "RSI": 29.620834811953245, "R&D": 0.0}, "Energy": {"Price": 45.835, "Volume": 9062970.0, "P/E": 11.303527463764398, "EV": 25012188535.11, "EBITDA": 5277000000, "EV/EBITDA": 4.885795128510498, "P/B": 1.6212472001377662, "ROA": 0.07241212614089651, "CFROA": 0.12168851164089083, "MACD": -1.111907502881916, "RSI": 32.00652136761644, "R&D": 0}}