{"APD": {"Price": 86.39, "Volume": 1611189.0, "P/E": 68.03101631245865, "EV": 21979239538.62, "EBITDA": 1230400000, "EV/EBITDA": 17.863491172480494, "P/B": 3.3372225096215904, "ROA": 0.020146750679332737, "CFROA": 0.06219504068592245, "MACD": 0.5345094569551776, "RSI": 55.96282460472019, "R&D": 114700000}, "ABC": {"Price": 31.55, "Volume": 3372291.0, "P/E": 61.73543390510381, "EV": 8238590859.550001, "EBITDA": 347382000, "EV/EBITDA": 23.716228415836174, "P/B": 2.9512171117358883, "ROA": 0.009783826536942592, "CFROA": -0.008827598609835936, "MACD": -0.15852738416270284, "RSI": 52.80146440942515, "R&D": 0}, "ADI": {"Price": 36.66, "Volume": 5063330.0, "P/E": 48.661825471079226, "EV": 11311793760.039999, "EBITDA": 406651000, "EV/EBITDA": 27.816957932084268, "P/B": 3.421745973172002, "ROA": 0.051975695054854304, "CFROA": -0.08907809059766944, "MACD": 0.8660340504617565, "RSI": 68.5927128057321, "R&D": 128140000}, "BDX": {"Price": 79.82, "Volume": 1588837.0, "P/E": 14.903751759779734, "EV": 18634904378.6, "EBITDA": 2178910000, "EV/EBITDA": 8.552397473323817, "P/B": 3.377538904312752, "ROA": 0.1276180759642778, "CFROA": 0.18340649905592282, "MACD": 0.676712980080552, "RSI": 67.00500284505529, "R&D": 0}, "EMR": {"Price": 55.98, "Volume": 5442431.0, "P/E": 56.253330907690255, "EV": 45198744849.86, "EBITDA": 2677000000, "EV/EBITDA": 16.884103417952932, "P/B": 4.302874269797794, "ROA": 0.03278903821739702, "CFROA": 0.07652234820295058, "MACD": 0.3166769614353697, "RSI": 55.17214395262844, "R&D": 473000000}, "BEN": {"Price": 39.21, "Volume": 2537718.0, "P/E": 6.075150732232174, "EV": 5696369586.93, "EBITDA": 2226125000, "EV/EBITDA": 2.558872294651019, "P/B": 1.1366358750802705, "ROA": 0.13500906977977767, "CFROA": 0.08179452765050119, "MACD": -0.03155410203019926, "RSI": 53.993912818951365, "R&D": 0}, "HOLX": {"Price": 17.22, "Volume": 4953213.0, "P/E": -71.24810131947208, "EV": 4100998988.1799994, "EBITDA": 193258000, "EV/EBITDA": 21.22033234422378, "P/B": 1.6584123498146595, "ROA": -0.011165100143374298, "CFROA": -0.018527919593788227, "MACD": 0.1430829729620342, "RSI": 63.795115819700186, "R&D": 104305000}, "JCI": {"Price": 19.7103, "Volume": 9869225.9535, "P/E": 8.52214000815424, "EV": 12060062489.2306, "EBITDA": 2801000000, "EV/EBITDA": 4.3056274506357015, "P/B": 0.6849660955148111, "ROA": 0.04172810380418755, "CFROA": 0.12905485107637865, "MACD": 0.43381576664373966, "RSI": 65.29538492923464, "R&D": 131000000}, "ROK": {"Price": 67.61, "Volume": 901422, "P/E": 73.01168472977913, "EV": 9677934205.02, "EBITDA": 422900000, "EV/EBITDA": 22.884687171955544, "P/B": 6.5642524000410845, "ROA": 0.027652001769054187, "CFROA": 0.017248278331192215, "MACD": 1.0423636744533695, "RSI": 61.96165737168125, "R&D": 198900000}, "SBUX": {"Price": 15.85, "Volume": 20386150.0, "P/E": 12.422202834179357, "EV": 11131835000.0, "EBITDA": 1929800000, "EV/EBITDA": 5.768387915846201, "P/B": 3.1965697880099055, "ROA": 0.14807623044519957, "CFROA": 0.14618143096509498, "MACD": 0.3868897960812063, "RSI": 64.70157130006962, "R&D": 0}, "TEL": {"Price": 31.93, "Volume": 2562496.0, "P/E": 47.70009089434343, "EV": 14589926995.619999, "EBITDA": 2036000000, "EV/EBITDA": 7.16597593105108, "P/B": 2.0100634216259934, "ROA": 0.017478813559322032, "CFROA": 0.03001412429378531, "MACD": 0.0438050500491336, "RSI": 54.1936104693064, "R&D": 482000000}}