{"A": {"Price": 29.9571, "Volume": 4996032.6, "P/E": 15.223996841716668, "EV": 9954213839.7342, "EBITDA": 768000000, "EV/EBITDA": 12.961215937153906, "P/B": 3.2259026764975833, "ROA": 0.07054455445544554, "CFROA": 0.0658003300330033, "MACD": 1.0066593380744706, "RSI": 74.14619878414953, "R&D": 612000000}, "APD": {"Price": 90.53, "Volume": 1099471.0, "P/E": 71.2912131816979, "EV": 22866339106.74, "EBITDA": 1230400000, "EV/EBITDA": 18.58447586698635, "P/B": 3.4971495982873315, "ROA": 0.020146750679332737, "CFROA": 0.06219504068592245, "MACD": 1.2486312936509876, "RSI": 62.48817932947497, "R&D": 114700000}, "ABC": {"Price": 34.32, "Volume": 2608015.0, "P/E": 67.15562889455349, "EV": 9004074157.52, "EBITDA": 347382000, "EV/EBITDA": 25.919806315583422, "P/B": 3.210325555460402, "ROA": 0.009783826536942592, "CFROA": -0.008827598609835936, "MACD": 0.7297708808854253, "RSI": 66.07528898685726, "R&D": 0}, "ADI": {"Price": 37.95, "Volume": 3607397.0, "P/E": 50.37414829862131, "EV": 11697056122.300001, "EBITDA": 406651000, "EV/EBITDA": 28.764360894968906, "P/B": 3.542151109707515, "ROA": 0.051975695054854304, "CFROA": -0.08907809059766944, "MACD": 0.5502899430596528, "RSI": 61.20504809457906, "R&D": 128140000}, "BDX": {"Price": 84.73, "Volume": 1579837.0, "P/E": 15.820532280207178, "EV": 19764014017.9, "EBITDA": 2178910000, "EV/EBITDA": 9.070596774488163, "P/B": 3.5853028233828557, "ROA": 0.1276180759642778, "CFROA": 0.18340649905592282, "MACD": 1.521816412063572, "RSI": 63.72356096754037, "R&D": 0}, "EMR": {"Price": 57.24, "Volume": 5467596.0, "P/E": 57.51948305030708, "EV": 46147092804.68, "EBITDA": 2677000000, "EV/EBITDA": 17.238361152289876, "P/B": 4.399723529889706, "ROA": 0.03278903821739702, "CFROA": 0.07652234820295058, "MACD": 0.3349730764133483, "RSI": 52.15875115664219, "R&D": 473000000}, "BEN": {"Price": 37.7233, "Volume": 3542745.0, "P/E": 5.844803203703494, "EV": 5363358698.7589, "EBITDA": 2226125000, "EV/EBITDA": 2.409280116237363, "P/B": 1.0935387938387038, "ROA": 0.13500906977977767, "CFROA": 0.08179452765050119, "MACD": -0.5146320467456462, "RSI": 48.10426436989503, "R&D": 0}, "HOLX": {"Price": 19.12, "Volume": 2336629.0, "P/E": -79.10939008294463, "EV": 4594790119.280001, "EBITDA": 193258000, "EV/EBITDA": 23.77542000476048, "P/B": 1.8413962908511206, "ROA": -0.011165100143374298, "CFROA": -0.018527919593788227, "MACD": 0.5536047016125387, "RSI": 72.43399845774405, "R&D": 104305000}, "HPQ": {"Price": 19.4034, "Volume": 42674366.9865, "P/E": 4.851238931751398, "EV": 48349704281.074005, "EBITDA": 16299000000, "EV/EBITDA": 2.9664215154962883, "P/B": 1.0507479611627977, "ROA": 0.07036778230243448, "CFROA": 0.1472735596732609, "MACD": -0.02532180030254949, "RSI": 55.90258463587947, "R&D": 2959000000}, "JCI": {"Price": 20.6007, "Volume": 10198893.1957, "P/E": 8.907122147607243, "EV": 12495862271.0914, "EBITDA": 2801000000, "EV/EBITDA": 4.461214663010139, "P/B": 0.7159089939712724, "ROA": 0.04172810380418755, "CFROA": 0.12905485107637865, "MACD": 0.22983029084239348, "RSI": 64.77906518165568, "R&D": 131000000}, "ROK": {"Price": 75.11, "Volume": 2601457.0, "P/E": 81.11089543046458, "EV": 10741360570.02, "EBITDA": 422900000, "EV/EBITDA": 25.39929196032159, "P/B": 7.292427122719803, "ROA": 0.027652001769054187, "CFROA": 0.017248278331192215, "MACD": 1.5608647564909148, "RSI": 76.14766268510955, "R&D": 198900000}, "SBUX": {"Price": 16.625, "Volume": 12765616.0, "P/E": 13.02959760998308, "EV": 11706187500.0, "EBITDA": 1929800000, "EV/EBITDA": 6.0660107265001555, "P/B": 3.3528689416823143, "ROA": 0.14807623044519957, "CFROA": 0.14618143096509498, "MACD": 0.2255103705888608, "RSI": 64.75642419735095, "R&D": 0}, "TEL": {"Price": 36.24, "Volume": 2593292.0, "P/E": 54.13878152242424, "EV": 16502218112.160004, "EBITDA": 2036000000, "EV/EBITDA": 8.105215182789786, "P/B": 2.28138735984109, "ROA": 0.017478813559322032, "CFROA": 0.03001412429378531, "MACD": 0.8626979240775796, "RSI": 71.87448290854444, "R&D": 482000000}}