{"ADBE": {"Price": 33.51, "Volume": 4737914.0, "P/E": 62.91032225757857, "EV": 18337210138.949997, "EBITDA": 1285812000, "EV/EBITDA": 14.26119070202331, "P/B": 3.257353532960852, "ROA": 0.033023598146109126, "CFROA": 0.005244592040336326, "MACD": 0.7022017811533487, "RSI": 58.73084280890044, "R&D": 680332000}, "A": {"Price": 30.0787, "Volume": 4737809.418, "P/E": 15.285793144294445, "EV": 9996482510.697401, "EBITDA": 768000000, "EV/EBITDA": 13.016253269137241, "P/B": 3.2389970603151794, "ROA": 0.07054455445544554, "CFROA": 0.0658003300330033, "MACD": 0.32498150710860685, "RSI": 52.815553684272864, "R&D": 612000000}, "APD": {"Price": 89.62, "Volume": 1149712.0, "P/E": 70.57459986019846, "EV": 22671348621.96, "EBITDA": 1230400000, "EV/EBITDA": 18.425998554908972, "P/B": 3.4619965425661183, "ROA": 0.020146750679332737, "CFROA": 0.06219504068592245, "MACD": -0.36181724615235566, "RSI": 59.93502581703749, "R&D": 114700000}, "AMZN": {"Price": 8.6055, "Volume": 101794960.0, "P/E": 9.329598192486777, "EV": 288112848.0744996, "EBITDA": 1974000000, "EV/EBITDA": 0.14595382374594712, "P/B": 0.5654301934840471, "ROA": 0.02213119114752354, "CFROA": 0.0022343991062403574, "MACD": -0.0957666540936497, "RSI": 41.45012517336125, "R&D": 0}, "ABC": {"Price": 36.29, "Volume": 4903984.0, "P/E": 71.01042460907186, "EV": 9548479246.69, "EBITDA": 347382000, "EV/EBITDA": 27.486971825511976, "P/B": 3.3946012356543704, "ROA": 0.009783826536942592, "CFROA": -0.008827598609835936, "MACD": 0.7060766256959852, "RSI": 62.05087793251289, "R&D": 0}, "ADI": {"Price": 39.67, "Volume": 2860612.0, "P/E": 52.65724540201072, "EV": 12210739271.980001, "EBITDA": 406651000, "EV/EBITDA": 30.027564845481756, "P/B": 3.702691291754865, "ROA": 0.051975695054854304, "CFROA": -0.08907809059766944, "MACD": 0.46665310733644816, "RSI": 61.7996824496186, "R&D": 128140000}, "BDX": {"Price": 83.82, "Volume": 795819, "P/E": 14.629025507244176, "EV": 19554749298.6, "EBITDA": 2178910000, "EV/EBITDA": 8.974555763478069, "P/B": 3.546796679522612, "ROA": 0.13653007752603077, "CFROA": 0.19231850061767577, "MACD": 0.1883110658923215, "RSI": 53.96989373913373, "R&D": 0}, "CCL": {"Price": 45.76, "Volume": 3980821.0, "P/E": 14.062072568816985, "EV": 36749779541.119995, "EBITDA": 3763000000, "EV/EBITDA": 9.766085448078659, "P/B": 1.2077104572584778, "ROA": 0.05276073619631902, "CFROA": 0.11885836222992797, "MACD": 0.10803391770451753, "RSI": 49.60386123427627, "R&D": 0}, "DFS": {"Price": 20.89, "Volume": 2744426.0, "P/E": 34.95741201398885, "EV": 23997203513.93, "EBITDA": 1024737000, "EV/EBITDA": 23.417914561424052, "P/B": 1.7640514446108828, "ROA": 0.005752112923708375, "CFROA": 0.13570741700480948, "MACD": 0.5185861036660135, "RSI": 65.66972243463795, "R&D": 0}, "EMR": {"Price": 59.76, "Volume": 8034148.0, "P/E": 60.05178733554072, "EV": 48043788714.32, "EBITDA": 2677000000, "EV/EBITDA": 17.946876620963764, "P/B": 4.593422050073529, "ROA": 0.03278903821739702, "CFROA": 0.07652234820295058, "MACD": 0.4197772922264136, "RSI": 62.852279597091936, "R&D": 473000000}, "BEN": {"Price": 41.1967, "Volume": 3718068.0, "P/E": 6.382967665660526, "EV": 6141377141.601101, "EBITDA": 2226125000, "EV/EBITDA": 2.758774615801494, "P/B": 1.1942271653894259, "ROA": 0.13500906977977767, "CFROA": 0.08179452765050119, "MACD": 0.6903931770903711, "RSI": 66.72739602137469, "R&D": 0}, "HOLX": {"Price": 19.48, "Volume": 10777925.0, "P/E": -80.59889742760257, "EV": 4688350544.12, "EBITDA": 193258000, "EV/EBITDA": 24.259541877283215, "P/B": 1.8760669323106602, "ROA": -0.011165100143374298, "CFROA": -0.018527919593788227, "MACD": 0.3866722063212329, "RSI": 56.775657181394266, "R&D": 104305000}, "HPQ": {"Price": 21.1195, "Volume": 31919455.1757, "P/E": 5.280298330144389, "EV": 52108693670.395, "EBITDA": 16299000000, "EV/EBITDA": 3.197048510362292, "P/B": 1.1436795389353258, "ROA": 0.07036778230243448, "CFROA": 0.1472735596732609, "MACD": 0.38418233219357845, "RSI": 62.188503321747795, "R&D": 2959000000}, "JCI": {"Price": 20.0175, "Volume": 8124159.3401, "P/E": 8.654964034704062, "EV": 12210419287.285, "EBITDA": 2801000000, "EV/EBITDA": 4.359307135767583, "P/B": 0.695641812502485, "ROA": 0.04172810380418755, "CFROA": 0.12905485107637865, "MACD": -0.052363096143857035, "RSI": 45.72456832054201, "R&D": 131000000}, "PG": {"Price": 62.92, "Volume": 14631882.0, "P/E": 90.84274602978637, "EV": 197641838694.56, "EBITDA": 6058000000, "EV/EBITDA": 32.62493210540772, "P/B": 2.9068969009026837, "ROA": 0.01704740504946478, "CFROA": 0.014020222825578129, "MACD": -0.06187444988341895, "RSI": 33.4395605720605, "R&D": 0}, "ROK": {"Price": 82.26, "Volume": 1675707.0, "P/E": 88.83214296511805, "EV": 11755160371.320002, "EBITDA": 422900000, "EV/EBITDA": 27.796548525230556, "P/B": 7.986620358340182, "ROA": 0.027652001769054187, "CFROA": 0.017248278331192215, "MACD": 2.640195015831111, "RSI": 73.1371831975575, "R&D": 198900000}, "SBUX": {"Price": 16.125, "Volume": 21051474.0, "P/E": 12.637730012690355, "EV": 11335637500.0, "EBITDA": 1929800000, "EV/EBITDA": 5.8739960099492174, "P/B": 3.252030778022696, "ROA": 0.14807623044519957, "CFROA": 0.14618143096509498, "MACD": 0.018730944714818065, "RSI": 47.25073068109275, "R&D": 0}, "TEL": {"Price": 37.2, "Volume": 3214399.0, "P/E": 55.57292143030303, "EV": 16928157664.800003, "EBITDA": 2036000000, "EV/EBITDA": 8.314419285265227, "P/B": 2.3418214620885363, "ROA": 0.017478813559322032, "CFROA": 0.03001412429378531, "MACD": 0.5014879085752284, "RSI": 61.98077054779554, "R&D": 482000000}}